trip_id,request_time,city,zone,pickup_lat,pickup_lon,fare_amount,status
NYC-02604,2026-08-29 00:09:08.329122,New York,Midtown,40.7000148162305,-73.99118369493144,5.8,completed
NYC-03742,2026-08-29 00:09:59.329122,New York,Upper West Side,40.78327529261685,-73.98113406769191,9.3,completed
NYC-01421,2026-08-29 00:18:36.329122,New York,Upper West Side,40.755795828955726,-73.97812502218517,70.0,completed
NYC-04965,2026-08-29 00:22:59.329122,New York,Wall Street,40.723763458443244,-73.96910892705333,14.2,completed
NYC-01600,2026-08-29 00:31:09.329122,New York,Upper East Side,40.721105405719065,-73.97198678121298,53.4,completed
NYC-01158,2026-08-29 00:42:20.329122,New York,Upper East Side,40.795902788051976,-74.00775493890114,6.5,completed
NYC-04598,2026-08-29 00:54:22.329122,New York,LaGuardia Airport,40.74458578967117,-73.99822848046674,8.6,completed
NYC-02539,2026-08-29 01:05:24.329122,New York,Queensbridge,40.78458150603184,-73.98456863026084,6.5,completed
NYC-04894,2026-08-29 01:26:01.329122,New York,Times Square,40.74254879662571,-73.95433540156883,19.1,completed
NYC-02506,2026-08-29 01:50:52.329122,New York,Staten Island Ferry,40.7939358163651,-73.98265020174664,10.0,completed
NYC-04210,2026-08-29 01:51:30.329122,New York,Williamsburg,40.71160317702072,-73.93819740302908,5.1,completed
NYC-03442,2026-08-29 01:57:30.329122,New York,Broadway,40.72327994884269,-73.96113792301071,17.7,completed
NYC-02057,2026-08-29 02:07:45.329122,New York,Upper East Side,40.7452942095743,-73.99777311287797,14.2,completed
NYC-00811,2026-08-29 02:12:02.329122,New York,Flushing,40.792278789509055,-73.93124408824447,8.6,completed
NYC-03381,2026-08-29 02:12:33.329122,New York,Williamsburg,40.74755808490437,-74.0046390308228,35.9,completed
NYC-01655,2026-08-29 02:17:11.329122,New York,Coney Island,40.80306536053342,-73.98238283427875,70.0,completed
NYC-04241,2026-08-29 02:17:18.329122,New York,Central Park,40.743553094881555,-73.95740603867401,12.8,completed
NYC-01039,2026-08-29 02:25:06.329122,New York,DUMBO,40.73468193716137,-73.94200638802641,18.4,completed
NYC-01944,2026-08-29 02:27:00.329122,New York,Empire State Building,40.786747646113966,-73.96903094078502,11.4,completed
NYC-02275,2026-08-29 02:27:28.329122,New York,Queensbridge,40.76607161732032,-73.94124921702304,10.0,completed
NYC-04323,2026-08-29 02:28:19.329122,New York,Wall Street,40.75294057463412,-73.98141473724236,7.9,completed
NYC-04911,2026-08-29 02:35:13.329122,New York,Upper East Side,40.760939258105346,-73.93826293638732,45.7,completed
NYC-04012,2026-08-29 02:41:09.329122,New York,Times Square,40.77668800613518,-74.0124491835434,9.3,completed
NYC-03140,2026-08-29 03:01:38.329122,New York,Midtown,40.740822423227314,-74.00917561331842,12.8,completed
NYC-00161,2026-08-29 03:24:39.329122,New York,Coney Island,40.7695536413653,-74.01636995330753,12.8,completed
NYC-03713,2026-08-29 03:26:29.329122,New York,Upper West Side,40.76849584950448,-73.9816067289051,12.8,completed
NYC-00883,2026-08-29 03:30:39.329122,New York,Astoria,40.71145194401831,-73.93039193409932,9.3,completed
NYC-03576,2026-08-29 03:33:30.329122,New York,Brooklyn Heights,40.721468316894054,-73.95901499361104,48.5,completed
NYC-02175,2026-08-29 03:52:11.329122,New York,Central Park,40.792074523776726,-73.97715489680641,12.1,completed
NYC-02777,2026-08-29 03:53:25.329122,New York,Empire State Building,40.71823247578022,-73.94770258838338,5.1,completed
NYC-01697,2026-08-29 03:54:16.329122,New York,Empire State Building,40.714868291807036,-73.98800231825632,28.2,completed
NYC-00884,2026-08-29 03:58:37.329122,New York,Broadway,40.78799076939105,-73.97678348362643,12.8,completed
NYC-01003,2026-08-29 04:03:36.329122,New York,Wall Street,40.78054473750505,-73.96481953848377,7.2,completed
NYC-02438,2026-08-29 04:31:33.329122,New York,Wall Street,40.759554836808235,-73.99483587106194,14.2,completed
NYC-03143,2026-08-29 04:39:30.329122,New York,Coney Island,40.75921651375813,-73.98634551577565,15.6,completed
NYC-00677,2026-08-29 04:40:44.329122,New York,Brooklyn Heights,40.74376411589503,-74.00501468076554,12.8,completed
NYC-01879,2026-08-29 04:45:20.329122,New York,Staten Island Ferry,40.762152419214495,-73.99609711615234,48.5,completed
NYC-02717,2026-08-29 04:46:07.329122,New York,Central Park,40.8071613888198,-73.93699230020648,13.5,completed
NYC-01133,2026-08-29 04:50:51.329122,New York,Queensbridge,40.724220152214485,-74.01302647361,19.8,completed
NYC-03639,2026-08-29 05:02:13.329122,New York,Williamsburg,40.72282950298263,-73.96561664356118,9.3,completed
NYC-00235,2026-08-29 05:05:57.329122,New York,Flushing,40.77946973267877,-74.0193382259901,15.6,completed
NYC-00662,2026-08-29 05:45:38.329122,New York,Brooklyn Heights,40.76663523012926,-73.94684341256169,13.5,completed
NYC-00409,2026-08-29 06:03:34.329122,New York,Times Square,40.710041534446475,-73.97265153880737,12.1,completed
NYC-04415,2026-08-29 06:05:11.329122,New York,Central Park,40.75386084836352,-74.01362154694105,25.4,completed
NYC-02428,2026-08-29 06:07:09.329122,New York,Times Square,40.73453633891151,-73.96026390753755,5.1,completed
NYC-04657,2026-08-29 06:13:00.329122,New York,Broadway,40.76038005948041,-74.00239864176086,8.6,completed
NYC-02078,2026-08-29 06:22:43.329122,New York,Downtown Manhattan,40.8083488621755,-73.96989616691025,36.6,completed
NYC-04618,2026-08-29 06:35:50.329122,New York,Brooklyn Heights,40.73327129492076,-73.95499199485087,12.1,completed
NYC-01912,2026-08-29 07:00:37.329122,New York,Williamsburg,40.809596777139,-74.00194918063707,10.0,completed
NYC-00395,2026-08-29 07:05:08.329122,New York,Central Park,40.80238330581639,-73.9865160788969,8.6,completed
NYC-04717,2026-08-29 07:19:25.329122,New York,Brooklyn Heights,40.80953078972565,-73.99553253459467,7.9,completed
NYC-01638,2026-08-29 07:19:27.329122,New York,Williamsburg,40.80917318523743,-74.01231377641382,16.3,completed
NYC-02747,2026-08-29 07:28:10.329122,New York,Staten Island Ferry,40.716165898054705,-73.95325259632442,6.5,completed
NYC-00282,2026-08-29 07:29:05.329122,New York,Flushing,40.7413141247904,-74.00387524735389,80.0,completed
NYC-00115,2026-08-29 07:35:06.329122,New York,Queensbridge,40.79586066492065,-73.96323066218447,6.5,completed
NYC-01150,2026-08-29 07:40:10.329122,New York,Upper East Side,40.77791992743865,-73.96782057024137,12.8,completed
NYC-02218,2026-08-29 07:43:48.329122,New York,Empire State Building,40.79600292235228,-73.93560658461587,6.5,completed
NYC-02916,2026-08-29 08:17:02.329122,New York,Astoria,40.78160859596546,-73.95874752163732,5.8,completed
NYC-04513,2026-08-29 08:37:42.329122,New York,DUMBO,40.76882501034875,-73.95716060918551,12.1,completed
NYC-01603,2026-08-29 08:40:50.329122,New York,Astoria,40.73904959364152,-73.94736036817125,18.4,completed
NYC-01936,2026-08-29 08:46:27.329122,New York,Empire State Building,40.72968027921411,-73.99144667430788,21.2,completed
NYC-02459,2026-08-29 09:10:52.329122,New York,Downtown Manhattan,40.74419566807198,-73.99686135195444,17.7,completed
NYC-00156,2026-08-29 09:43:41.329122,New York,Upper West Side,40.77393491021465,-74.00343597051548,28.2,completed
NYC-04488,2026-08-29 09:53:41.329122,New York,Brooklyn Heights,40.78582339133892,-74.0110246416532,13.5,completed
NYC-00562,2026-08-29 09:58:33.329122,New York,Coney Island,40.71500086231455,-73.99628036684528,12.1,completed
NYC-02359,2026-08-29 10:00:58.329122,New York,Upper East Side,40.715635083617286,-73.94121730840894,6.5,completed
NYC-01558,2026-08-29 10:04:56.329122,New York,Central Park,40.79238474331534,-73.95205607141935,9.3,completed
NYC-01215,2026-08-29 10:05:44.329122,New York,Times Square,40.72428465740677,-73.94771465395306,17.7,completed
NYC-02933,2026-08-29 10:17:00.329122,New York,Broadway,40.75989466550143,-73.9896518168348,4.4,completed
NYC-02469,2026-08-29 10:19:34.329122,New York,JFK Airport,40.75973270423535,-73.98992712798545,46.4,completed
NYC-03292,2026-08-29 10:47:34.329122,New York,Upper West Side,40.74283454328768,-74.01361754277053,9.3,completed
NYC-01605,2026-08-29 10:56:30.329122,New York,LaGuardia Airport,40.75709657699991,-74.00949268875081,18.4,completed
NYC-02464,2026-08-29 10:58:26.329122,New York,Williamsburg,40.76827265278071,-73.98638998679691,7.9,completed
NYC-04255,2026-08-29 11:00:34.329122,New York,Williamsburg,40.77239124398621,-73.99055009351547,10.7,completed
NYC-01430,2026-08-29 11:01:32.329122,New York,Upper East Side,40.75002138411973,-73.95506957586014,10.0,completed
NYC-04338,2026-08-29 11:12:31.329122,New York,Upper West Side,40.7421536902542,-73.99204591257443,9.3,completed
NYC-03562,2026-08-29 11:28:12.329122,New York,Upper East Side,40.70626765996971,-73.96094685173374,21.9,completed
NYC-00375,2026-08-29 11:32:18.329122,New York,Williamsburg,40.735087319332315,-73.94853869947607,11.4,completed
NYC-00388,2026-08-29 11:39:17.329122,New York,Williamsburg,40.782567622680496,-73.96859207344335,5.8,completed
NYC-00099,2026-08-29 11:39:22.329122,New York,Times Square,40.711868056969266,-74.01640697206926,7.9,completed
NYC-03806,2026-08-29 11:48:46.329122,New York,Williamsburg,40.74743572567707,-73.98266371540956,11.4,completed
NYC-00646,2026-08-29 11:52:36.329122,New York,Wall Street,40.76529516989095,-74.017605247053,25.4,completed
NYC-01635,2026-08-29 11:57:30.329122,New York,Harlem,40.7258106290041,-73.98958010970743,3.0,completed
NYC-02363,2026-08-29 12:19:53.329122,New York,DUMBO,40.75346005431774,-73.94353598425158,12.1,completed
NYC-02863,2026-08-29 13:06:23.329122,New York,Coney Island,40.76397845222881,-73.96354674394277,22.84,completed
NYC-04504,2026-08-29 13:13:09.329122,New York,Upper East Side,40.75458631440909,-73.98598284799229,124.0,completed
NYC-02936,2026-08-29 13:14:21.329122,New York,Broadway,40.785869488916816,-73.97412186397892,21.9,completed
NYC-00865,2026-08-29 13:14:38.329122,New York,Staten Island Ferry,40.76156043644391,-73.98015756682292,4.4,completed
NYC-02884,2026-08-29 13:16:19.329122,New York,LaGuardia Airport,40.70759083518741,-74.01058054294829,28.2,completed
NYC-04563,2026-08-29 13:24:15.329122,New York,DUMBO,40.705414300599486,-73.97193750426538,14.2,completed
NYC-02242,2026-08-29 13:24:35.329122,New York,Times Square,40.76410875185918,-74.0092216030211,24.7,completed
NYC-03301,2026-08-29 13:33:36.329122,New York,Broadway,40.80969005892933,-73.9966868370307,12.1,completed
NYC-00129,2026-08-29 13:40:13.329122,New York,Upper East Side,40.75618220328354,-73.94331564257759,11.4,completed
NYC-02723,2026-08-29 14:04:13.329122,New York,Times Square,40.750379533490396,-73.95265850744373,11.4,completed
NYC-01146,2026-08-29 14:21:29.329122,New York,LaGuardia Airport,40.78771686237676,-73.97389654925114,7.9,completed
NYC-03192,2026-08-29 14:22:53.329122,New York,Downtown Manhattan,40.80480965187028,-73.9898492287038,7.9,completed
NYC-04756,2026-08-29 14:34:21.329122,New York,Empire State Building,40.70109017650403,-73.99815565118813,11.4,completed
NYC-01491,2026-08-29 14:34:34.329122,New York,Staten Island Ferry,40.74105769707923,-73.99309664649115,25.4,completed
NYC-00793,2026-08-29 14:52:04.329122,New York,Wall Street,40.767259965897814,-73.93757670866285,6.5,completed
NYC-03556,2026-08-29 14:55:49.329122,New York,LaGuardia Airport,40.73010044596469,-74.01396156406331,57.5,completed
NYC-03271,2026-08-29 14:59:38.329122,New York,Midtown,40.701097665432435,-74.01028337967003,5.1,completed
NYC-00511,2026-08-29 15:14:17.329122,New York,Midtown,40.74600673399197,-73.93650288402321,38.7,completed
NYC-03561,2026-08-29 15:18:13.329122,New York,Times Square,40.79046193323039,-73.93923228549296,10.0,completed
NYC-04058,2026-08-29 15:26:06.329122,New York,Central Park,40.79789047139992,-74.00019011529827,19.8,completed
NYC-01128,2026-08-29 15:27:01.329122,New York,Staten Island Ferry,40.740995736871355,-74.00638621439836,8.6,completed
NYC-01247,2026-08-29 15:27:11.329122,New York,LaGuardia Airport,40.70357787974404,-73.94823215014526,12.8,completed
NYC-04403,2026-08-29 15:52:25.329122,New York,Central Park,40.73939536881821,-73.99291728341511,8.6,completed
NYC-02073,2026-08-29 15:54:27.329122,New York,Midtown,40.79656130859673,-74.01330144234053,13.5,completed
NYC-01278,2026-08-29 15:54:35.329122,New York,Brooklyn Heights,40.71567450971917,-73.94406875233015,12.1,completed
NYC-01123,2026-08-29 16:10:55.329122,New York,Downtown Manhattan,40.78904676821974,-73.93004853870464,8.6,completed
NYC-04075,2026-08-29 16:11:02.329122,New York,Midtown,40.763289509044206,-73.95332981195554,5.8,completed
NYC-03282,2026-08-29 16:18:51.329122,New York,Queensbridge,40.79404714215176,-73.94137999813957,10.7,completed
NYC-04121,2026-08-29 16:19:35.329122,New York,Brooklyn Heights,40.75780173380915,-73.97789357350372,7.2,completed
NYC-04526,2026-08-29 16:23:07.329122,New York,JFK Airport,40.78248459244171,-73.93982582816405,70.0,completed
NYC-00956,2026-08-29 16:26:44.329122,New York,Harlem,40.757080947581116,-73.99219740494406,16.3,completed
NYC-01383,2026-08-29 16:27:03.329122,New York,Upper East Side,40.72839467759713,-73.99780091978397,11.4,completed
NYC-03071,2026-08-29 16:27:06.329122,New York,Broadway,40.76710081587875,-73.98266378347286,24.0,completed
NYC-03566,2026-08-29 16:32:37.329122,New York,LaGuardia Airport,40.76317163325992,-73.93728655506743,10.7,completed
NYC-04088,2026-08-29 16:42:22.329122,New York,Times Square,40.793439104684836,-73.99967067283598,11.4,completed
NYC-03826,2026-08-29 16:44:31.329122,New York,Wall Street,40.75133624329729,-73.9614732723334,15.6,completed
NYC-04418,2026-08-29 16:54:16.329122,New York,Midtown,40.73689087668392,-73.97251379888452,29.5,completed
NYC-04027,2026-08-29 17:12:00.329122,New York,Midtown,40.71719486677798,-74.00969204185063,10.7,completed
NYC-03321,2026-08-29 17:43:34.329122,New York,Harlem,40.70731096583539,-73.95734007074908,70.2,completed
NYC-03359,2026-08-29 17:48:58.329122,New York,Times Square,40.772546184550485,-74.005731745735,9.3,completed
NYC-03718,2026-08-29 17:53:31.329122,New York,Broadway,40.74870779501981,-73.94049852690802,27.5,completed
NYC-02762,2026-08-29 18:03:07.329122,New York,Upper West Side,40.76940139692521,-73.98476166103585,7.2,completed
NYC-04422,2026-08-29 18:11:16.329122,New York,Coney Island,40.76592956975464,-73.96753013682536,94.7,completed
NYC-02623,2026-08-29 18:11:19.329122,New York,JFK Airport,40.800093745823986,-73.95784395321269,11.4,completed
NYC-02544,2026-08-29 18:15:27.329122,New York,Queensbridge,40.70974651853667,-74.00498532655448,11.4,completed
NYC-02119,2026-08-29 18:16:27.329122,New York,Staten Island Ferry,40.79706580052481,-73.9685292229787,4.4,completed
NYC-02265,2026-08-29 18:21:54.329122,New York,Empire State Building,40.769443830840125,-74.01286753544831,19.1,completed
NYC-04762,2026-08-29 18:34:53.329122,New York,Astoria,40.783002629732636,-73.93262312219191,14.9,completed
NYC-02146,2026-08-29 18:45:23.329122,New York,Upper West Side,40.75051917168906,-73.95215676583194,21.2,completed
NYC-00482,2026-08-29 18:45:48.329122,New York,Harlem,40.74999951712446,-73.97983062760122,36.6,completed
NYC-00242,2026-08-29 18:49:36.329122,New York,Downtown Manhattan,40.80063508292425,-73.97482491353813,7.2,completed
NYC-03682,2026-08-29 19:20:28.329122,New York,Central Park,40.78500485616316,-74.00414250344521,19.1,completed
NYC-02676,2026-08-29 19:56:13.329122,New York,Brooklyn Heights,40.74045645865318,-73.95256161803718,12.8,completed
NYC-01118,2026-08-29 20:14:17.329122,New York,Harlem,40.72921600468476,-73.99614574413316,23.3,completed
NYC-00329,2026-08-29 20:23:35.329122,New York,Central Park,40.72725040884513,-73.97405858817882,15.6,completed
NYC-04052,2026-08-29 20:41:42.329122,New York,Staten Island Ferry,40.790560053394806,-74.0163293487908,12.1,completed
NYC-04194,2026-08-29 20:57:18.329122,New York,Central Park,40.76810900089024,-73.94465027713372,43.6,completed
NYC-03101,2026-08-29 20:59:21.329122,New York,Central Park,40.782322278464385,-73.93105640963712,16.3,completed
NYC-02388,2026-08-29 21:01:38.329122,New York,LaGuardia Airport,40.77761444489082,-73.99423668681551,34.5,completed
NYC-03504,2026-08-29 21:11:13.329122,New York,Midtown,40.798710245237004,-74.00619716553258,13.5,completed
NYC-00928,2026-08-29 21:34:44.329122,New York,Wall Street,40.76968260418088,-73.96469504857704,5.1,completed
NYC-04936,2026-08-29 21:38:05.329122,New York,Williamsburg,40.80005033203134,-73.97744859892286,14.9,completed
NYC-01382,2026-08-29 21:42:04.329122,New York,Wall Street,40.80663535545688,-74.01749430538636,12.1,completed
NYC-02830,2026-08-29 21:50:52.329122,New York,Central Park,40.75289791612634,-74.00195778570102,9.3,completed
NYC-00220,2026-08-29 21:52:15.329122,New York,Broadway,40.77233741815304,-73.99300635422742,12.8,completed
NYC-01341,2026-08-29 22:00:32.329122,New York,Empire State Building,40.75088852524133,-73.9619286119902,19.1,completed
NYC-01584,2026-08-29 22:00:35.329122,New York,Williamsburg,40.80865640722364,-73.95977612600187,9.3,completed
NYC-04680,2026-08-29 22:05:11.329122,New York,Flushing,40.729761518213685,-73.9742519475151,13.5,completed
NYC-00487,2026-08-29 22:24:49.329122,New York,Brooklyn Heights,40.730905950855146,-73.96039138778144,10.7,completed
NYC-03103,2026-08-29 22:39:05.329122,New York,Astoria,40.747742306997964,-74.01573259274738,14.9,completed
NYC-00135,2026-08-29 22:39:42.329122,New York,LaGuardia Airport,40.73555232252229,-73.98607124494418,29.6,completed
NYC-02548,2026-08-29 22:40:14.329122,New York,DUMBO,40.744781713803825,-73.94533205751824,8.6,completed
NYC-01921,2026-08-29 22:44:11.329122,New York,Flushing,40.70035400899647,-74.01563821907718,5.8,completed
NYC-00154,2026-08-29 22:55:17.329122,New York,Queensbridge,40.80842154995217,-73.9591241467981,10.7,completed
NYC-04383,2026-08-29 22:59:05.329122,New York,Times Square,40.762262026737666,-73.9861655462137,10.0,completed
NYC-00484,2026-08-29 23:07:56.329122,New York,Broadway,40.76427457431154,-73.95763717936977,12.8,completed
NYC-02079,2026-08-29 23:09:59.329122,New York,JFK Airport,40.7849213723941,-73.95355340405696,10.0,completed
NYC-01659,2026-08-29 23:22:07.329122,New York,Williamsburg,40.749192279455535,-73.99334409109969,26.8,completed
NYC-03686,2026-08-29 23:22:48.329122,New York,LaGuardia Airport,40.802205918893286,-73.99159117357159,21.2,completed
NYC-02409,2026-08-29 23:30:07.329122,New York,Central Park,40.74994017833158,-73.9662595041986,18.4,completed
NYC-01304,2026-08-29 23:37:41.329122,New York,Midtown,40.7779966571396,-73.98558730020446,5.1,completed
NYC-03922,2026-08-29 23:47:49.329122,New York,JFK Airport,40.78616277812517,-73.96463065930628,12.1,completed
NYC-00380,2026-08-29 23:51:59.329122,New York,LaGuardia Airport,40.71299813103838,-73.99980553181801,15.96,completed
NYC-00871,2026-08-30 00:04:46.329122,New York,Staten Island Ferry,40.729781914045795,-73.99869515717316,34.5,completed
NYC-02138,2026-08-30 00:08:56.329122,New York,Upper West Side,40.720615313850736,-73.95978518362148,7.9,completed
NYC-04743,2026-08-30 00:10:15.329122,New York,DUMBO,40.80937633329543,-73.95843776244772,11.4,completed
NYC-02696,2026-08-30 00:26:04.329122,New York,LaGuardia Airport,40.77452964942049,-73.98270131687796,10.0,completed
NYC-04755,2026-08-30 00:26:48.329122,New York,Harlem,40.79526392425504,-73.995745895488,33.1,completed
NYC-01825,2026-08-30 00:29:45.329122,New York,Queensbridge,40.75833323465741,-73.94700058903253,27.5,completed
NYC-01209,2026-08-30 00:31:44.329122,New York,Upper West Side,40.80968369501735,-74.01538981332361,7.2,completed
NYC-04317,2026-08-30 00:44:54.329122,New York,Staten Island Ferry,40.704431407065584,-73.98671002369167,14.2,completed
NYC-01371,2026-08-30 00:52:50.329122,New York,Staten Island Ferry,40.71990746479805,-73.98954689206673,35.9,completed
NYC-01794,2026-08-30 01:03:52.329122,New York,DUMBO,40.70458401906627,-73.97793513980969,9.3,completed
NYC-00193,2026-08-30 01:10:06.329122,New York,Upper West Side,40.76964116030006,-73.93635368645359,10.7,completed
NYC-02587,2026-08-30 01:14:55.329122,New York,Central Park,40.775087894334575,-73.95423888896245,5.1,completed
NYC-01985,2026-08-30 01:19:00.329122,New York,Empire State Building,40.70886616651329,-73.99271126256163,9.3,completed
NYC-01788,2026-08-30 01:51:57.329122,New York,Queensbridge,40.70733172446168,-73.94344778224242,7.9,completed
NYC-00990,2026-08-30 01:53:27.329122,New York,Empire State Building,40.78793574668659,-74.01880469168873,10.0,completed
NYC-04083,2026-08-30 01:54:29.329122,New York,Harlem,40.7821786093842,-73.95205538198576,19.8,completed
NYC-03915,2026-08-30 01:56:30.329122,New York,Harlem,40.743467082721956,-73.97653950070612,17.0,completed
NYC-03270,2026-08-30 02:16:00.329122,New York,Midtown,40.7278599621875,-73.98917723027323,15.6,completed
NYC-04918,2026-08-30 02:19:57.329122,New York,LaGuardia Airport,40.78358060242712,-74.01734122282497,9.3,completed
NYC-00726,2026-08-30 02:29:54.329122,New York,Queensbridge,40.71537496142889,-74.00225353162287,21.2,completed
NYC-02759,2026-08-30 02:42:01.329122,New York,Harlem,40.70684235487812,-74.00232028162995,8.6,completed
NYC-03194,2026-08-30 02:46:02.329122,New York,Upper East Side,40.73898674436724,-73.98599828584815,56.67,completed
NYC-03687,2026-08-30 02:48:17.329122,New York,Flushing,40.74260547697729,-74.0121754395377,19.8,completed
NYC-04442,2026-08-30 02:52:33.329122,New York,Empire State Building,40.724712313740596,-73.99862354914653,12.1,completed
NYC-01916,2026-08-30 03:13:35.329122,New York,Williamsburg,40.79748153585116,-73.98585709616162,12.8,completed
NYC-02885,2026-08-30 03:17:50.329122,New York,DUMBO,40.80348629725535,-73.94596168655255,70.0,completed
NYC-03964,2026-08-30 03:26:11.329122,New York,Downtown Manhattan,40.701243279024794,-73.96988690711734,7.9,completed
NYC-02117,2026-08-30 03:29:21.329122,New York,DUMBO,40.76768278275768,-74.01407531409731,10.7,completed
NYC-02093,2026-08-30 03:45:01.329122,New York,Midtown,40.75756625943142,-74.00856076476063,7.9,completed
NYC-01811,2026-08-30 03:45:06.329122,New York,Staten Island Ferry,40.784080992844395,-74.01531348344008,10.7,completed
NYC-02900,2026-08-30 03:49:17.329122,New York,Upper East Side,40.71406534813447,-73.96806816384785,6.5,completed
NYC-03038,2026-08-30 04:01:48.329122,New York,Empire State Building,40.707425280135226,-73.98881776416292,9.3,completed
NYC-01014,2026-08-30 04:33:06.329122,New York,Downtown Manhattan,40.77761326897673,-73.97905388082451,5.8,completed
NYC-00360,2026-08-30 05:00:35.329122,New York,DUMBO,40.74269869188272,-73.96570791195845,27.5,completed
NYC-02317,2026-08-30 05:15:12.329122,New York,Astoria,40.74340336831575,-73.9610583589167,7.2,completed
NYC-02529,2026-08-30 05:24:49.329122,New York,Wall Street,40.80976029412502,-73.99664957460388,13.5,completed
NYC-01329,2026-08-30 05:25:39.329122,New York,DUMBO,40.75480152880985,-74.01525611891319,6.5,completed
NYC-00813,2026-08-30 05:28:15.329122,New York,Brooklyn Heights,40.801292607087916,-73.99466704277941,8.13,completed
NYC-04855,2026-08-30 05:41:47.329122,New York,Staten Island Ferry,40.72112176932141,-73.97667555594265,16.34,completed
NYC-01814,2026-08-30 05:46:50.329122,New York,Astoria,40.70903888342241,-73.97705682616099,23.3,completed
NYC-03079,2026-08-30 05:52:42.329122,New York,Queensbridge,40.80392098846614,-73.97625482122876,70.0,completed
NYC-03960,2026-08-30 06:05:06.329122,New York,Flushing,40.76313448526759,-73.99618625993071,82.8,completed
NYC-04865,2026-08-30 06:16:59.329122,New York,DUMBO,40.76992098541479,-74.01954770469712,8.6,completed
NYC-02877,2026-08-30 06:17:12.329122,New York,Times Square,40.722514811996305,-73.98516549892587,30.5,completed
NYC-03340,2026-08-30 06:20:23.329122,New York,Wall Street,40.7978040716334,-73.94605800774153,7.9,completed
NYC-01350,2026-08-30 06:25:13.329122,New York,Midtown,40.79537346457347,-74.01933779533371,7.9,completed
NYC-00989,2026-08-30 06:26:56.329122,New York,Brooklyn Heights,40.79010125494416,-73.94596082783677,20.5,completed
NYC-04379,2026-08-30 06:31:30.329122,New York,LaGuardia Airport,40.75562664181595,-73.9931818184804,27.5,completed
NYC-00758,2026-08-30 06:34:54.329122,New York,DUMBO,40.798328184135606,-73.98060114505107,20.5,completed
NYC-03996,2026-08-30 06:37:36.329122,New York,Coney Island,40.736784129688765,-74.00511666170381,10.0,completed
NYC-01224,2026-08-30 06:42:18.329122,New York,Times Square,40.746170004861874,-74.01047754776292,14.9,completed
NYC-03027,2026-08-30 06:51:49.329122,New York,Central Park,40.77059078370284,-73.99951307177625,14.9,completed
NYC-04605,2026-08-30 06:59:21.329122,New York,JFK Airport,40.79866948183009,-73.95034574840588,7.2,completed
NYC-01502,2026-08-30 07:06:57.329122,New York,Central Park,40.70282062723871,-73.97729921381399,17.7,completed
NYC-01466,2026-08-30 07:07:44.329122,New York,Harlem,40.807489160264346,-73.97156910909642,10.0,completed
NYC-03918,2026-08-30 07:23:25.329122,New York,DUMBO,40.77382024727946,-73.98005947786459,12.8,completed
NYC-03692,2026-08-30 07:30:20.329122,New York,LaGuardia Airport,40.785276845701844,-73.99625745325483,10.0,completed
NYC-04582,2026-08-30 07:31:08.329122,New York,Upper East Side,40.78600800042966,-74.00699362984837,33.1,completed
NYC-02448,2026-08-30 07:41:39.329122,New York,Times Square,40.70634123404189,-73.96142548445596,13.05,completed
NYC-02727,2026-08-30 07:43:39.329122,New York,Astoria,40.72510588998431,-73.98178846535326,8.6,completed
NYC-02133,2026-08-30 07:52:48.329122,New York,Broadway,40.758013958433494,-74.00540349648328,11.4,completed
NYC-01618,2026-08-30 08:08:12.329122,New York,Queensbridge,40.761356175910706,-73.97484707505943,70.0,completed
NYC-02048,2026-08-30 08:08:36.329122,New York,Central Park,40.759789203907694,-74.00153315713857,70.0,completed
NYC-03171,2026-08-30 08:10:46.329122,New York,Central Park,40.728626025778375,-73.94776953266636,16.3,completed
NYC-03082,2026-08-30 08:42:54.329122,New York,Wall Street,40.722289589754894,-74.00075789104035,10.7,completed
NYC-00586,2026-08-30 08:45:09.329122,New York,Midtown,40.70834496609196,-73.9815794744959,9.3,completed
NYC-00938,2026-08-30 08:47:16.329122,New York,Coney Island,40.71295261911792,-73.99849020878096,70.0,completed
NYC-03574,2026-08-30 08:49:34.329122,New York,Broadway,40.79784712421482,-73.94250433571683,19.8,completed
NYC-03414,2026-08-30 08:54:59.329122,New York,Midtown,40.78621120761828,-74.00798360037824,7.2,completed
NYC-04033,2026-08-30 08:58:40.329122,New York,Wall Street,40.80918399750366,-73.94500531254742,17.7,completed
NYC-02819,2026-08-30 09:02:47.329122,New York,Coney Island,40.739273227836705,-73.96898745054906,34.5,completed
NYC-03135,2026-08-30 09:17:39.329122,New York,Empire State Building,40.76784619686378,-74.01428178498185,5.1,completed
NYC-02805,2026-08-30 09:45:44.329122,New York,Coney Island,40.80750386987907,-74.01037078649428,14.9,completed
NYC-02741,2026-08-30 09:52:15.329122,New York,Broadway,40.724791939480745,-74.00524614511421,13.5,completed
NYC-01387,2026-08-30 10:06:25.329122,New York,Empire State Building,40.71439610267902,-73.95316276092865,15.6,completed
NYC-02350,2026-08-30 10:13:44.329122,New York,Harlem,40.769970565105055,-73.99036108502658,35.2,completed
NYC-02274,2026-08-30 10:20:57.329122,New York,DUMBO,40.804558415784484,-73.98128416824001,17.7,completed
NYC-02343,2026-08-30 10:46:40.329122,New York,Upper East Side,40.73902484210196,-73.97596095272723,12.1,completed
NYC-00872,2026-08-30 10:47:19.329122,New York,Times Square,40.770839949756294,-73.96347725818875,6.83,completed
NYC-01292,2026-08-30 10:54:46.329122,New York,Upper East Side,40.76242949330877,-73.93434678342486,27.5,completed
NYC-02439,2026-08-30 10:55:29.329122,New York,DUMBO,40.716955954749636,-74.00853327354741,18.4,completed
NYC-00966,2026-08-30 11:01:10.329122,New York,Upper East Side,40.779095049570266,-73.93830148807149,15.6,completed
NYC-03839,2026-08-30 11:08:35.329122,New York,Empire State Building,40.77522530970189,-74.01557573287407,19.1,completed
NYC-04898,2026-08-30 11:09:37.329122,New York,DUMBO,40.70987354506162,-73.94521697582604,70.0,completed
NYC-02538,2026-08-30 11:24:15.329122,New York,Empire State Building,40.78287707144827,-73.98358116325163,6.5,completed
NYC-04850,2026-08-30 11:28:34.329122,New York,Central Park,40.80793833351304,-73.96186436219992,10.0,completed
NYC-00198,2026-08-30 11:47:30.329122,New York,LaGuardia Airport,40.797579506669166,-73.98514991729108,8.6,completed
NYC-04608,2026-08-30 11:50:53.329122,New York,JFK Airport,40.80519210696647,-74.0015168633779,70.0,completed
NYC-01208,2026-08-30 11:56:17.329122,New York,Upper East Side,40.73009893329099,-73.98379656276848,14.9,completed
NYC-02013,2026-08-30 12:01:56.329122,New York,Coney Island,40.71531699082294,-74.00276308101549,16.3,completed
NYC-00186,2026-08-30 12:22:01.329122,New York,Williamsburg,40.78989444202214,-73.95910444898028,7.9,completed
NYC-04004,2026-08-30 12:23:14.329122,New York,Central Park,40.71641744167157,-73.96329688802118,21.2,completed
NYC-04761,2026-08-30 12:27:37.329122,New York,Downtown Manhattan,40.80855855399272,-74.006779308801,14.9,completed
NYC-00353,2026-08-30 12:27:56.329122,New York,Queensbridge,40.71792278697896,-73.97156019083184,9.3,completed
NYC-04701,2026-08-30 12:33:00.329122,New York,Upper East Side,40.708070047420556,-74.0006495708557,14.9,completed
NYC-02390,2026-08-30 12:45:48.329122,New York,Staten Island Ferry,40.741200817572214,-73.96151224704677,17.0,completed
NYC-01094,2026-08-30 13:00:19.329122,New York,Staten Island Ferry,40.72537367928896,-74.00155186904567,17.0,completed
NYC-02002,2026-08-30 13:09:46.329122,New York,Wall Street,40.79968800385732,-73.94518787754191,7.9,completed
NYC-00493,2026-08-30 13:11:43.329122,New York,Harlem,40.72069332756961,-73.9952800717191,11.4,completed
NYC-03995,2026-08-30 13:20:54.329122,New York,Harlem,40.74863177381477,-73.97365634541468,10.0,completed
NYC-03878,2026-08-30 13:24:02.329122,New York,Harlem,40.76127445646026,-73.98637903425649,7.2,completed
NYC-02016,2026-08-30 13:24:54.329122,New York,Williamsburg,40.738207765888475,-73.99827852665463,10.0,completed
NYC-02638,2026-08-30 13:34:23.329122,New York,Harlem,40.80458499785045,-74.01493000499806,20.5,completed
NYC-01945,2026-08-30 13:39:16.329122,New York,DUMBO,40.75689959620858,-73.95130345792025,7.9,completed
NYC-00259,2026-08-30 13:46:20.329122,New York,Times Square,40.710689414314785,-73.94100255356237,12.8,completed
NYC-03182,2026-08-30 13:57:40.329122,New York,Times Square,40.73407875628548,-74.01379089921606,10.7,completed
NYC-03647,2026-08-30 14:12:42.329122,New York,Staten Island Ferry,40.74729837355332,-74.01179763948193,18.4,completed
NYC-01287,2026-08-30 14:17:44.329122,New York,Upper East Side,40.738568962433014,-73.98110953868783,15.6,completed
NYC-02971,2026-08-30 14:18:27.329122,New York,Downtown Manhattan,40.71793388706248,-73.96266572018467,36.6,completed
NYC-04707,2026-08-30 14:20:59.329122,New York,Upper East Side,40.72152839041097,-73.97941867122162,10.0,completed
NYC-03251,2026-08-30 14:23:05.329122,New York,Staten Island Ferry,40.71269341063968,-73.93193446297606,13.5,completed
NYC-04591,2026-08-30 14:29:49.329122,New York,Wall Street,40.72274996824468,-74.00849352367058,5.8,completed
NYC-03907,2026-08-30 14:46:42.329122,New York,DUMBO,40.73393151096385,-73.9634150751677,7.2,completed
NYC-00201,2026-08-30 14:47:09.329122,New York,Queensbridge,40.70925539614946,-73.93153478084008,7.2,completed
NYC-01782,2026-08-30 15:00:44.329122,New York,Midtown,40.750762521108726,-73.97471798007265,70.0,completed
NYC-00613,2026-08-30 15:03:29.329122,New York,DUMBO,40.70899349351438,-73.99798104508558,42.2,completed
NYC-01180,2026-08-30 15:06:49.329122,New York,JFK Airport,40.805929120424494,-73.96658532257604,4.4,completed
NYC-02355,2026-08-30 15:13:59.329122,New York,Flushing,40.71326142580441,-73.95155818543516,13.5,completed
NYC-04265,2026-08-30 15:17:33.329122,New York,Coney Island,40.74862367630243,-74.01597237094664,45.7,completed
NYC-00964,2026-08-30 15:20:53.329122,New York,Broadway,40.73175631104478,-73.97645104618921,6.5,completed
NYC-01893,2026-08-30 15:33:53.329122,New York,LaGuardia Airport,40.72244391980918,-73.98547893480935,51.5,completed
NYC-02148,2026-08-30 15:38:36.329122,New York,Coney Island,40.754363369197534,-73.98012640210284,24.7,completed
NYC-00639,2026-08-30 15:52:29.329122,New York,Flushing,40.74150125794151,-74.01558958195258,4.4,completed
NYC-04114,2026-08-30 16:04:07.329122,New York,LaGuardia Airport,40.7661003206225,-73.99066988709457,10.0,completed
NYC-04753,2026-08-30 16:17:22.329122,New York,Times Square,40.75597834770769,-73.95083789839023,13.5,completed
NYC-00290,2026-08-30 16:24:40.329122,New York,Queensbridge,40.703355027493295,-73.9946357497034,7.2,completed
NYC-02632,2026-08-30 16:33:44.329122,New York,Wall Street,40.700479959661536,-73.99069769807329,10.0,completed
NYC-03953,2026-08-30 16:35:56.329122,New York,Broadway,40.71490054904742,-73.96916627534023,8.6,completed
NYC-00949,2026-08-30 16:47:13.329122,New York,Upper West Side,40.76571544123874,-73.94571040938263,9.3,completed
NYC-04039,2026-08-30 16:50:20.329122,New York,Coney Island,40.76355877552762,-74.00094548993842,5.1,completed
NYC-00851,2026-08-30 16:54:07.329122,New York,DUMBO,40.782495651743915,-73.93362288506843,16.3,completed
NYC-02081,2026-08-30 16:54:18.329122,New York,Empire State Building,40.707172505038656,-73.95114040675303,10.7,completed
NYC-00572,2026-08-30 16:55:29.329122,New York,Broadway,40.74361970605534,-73.94603446095225,13.5,completed
NYC-04305,2026-08-30 16:58:40.329122,New York,JFK Airport,40.70882054324934,-74.0074936085276,16.3,completed
NYC-03727,2026-08-30 16:59:09.329122,New York,DUMBO,40.71015965809225,-74.00067299478324,16.3,completed
NYC-00217,2026-08-30 17:04:41.329122,New York,Staten Island Ferry,40.78211405456298,-73.95318670566192,10.0,completed
NYC-03201,2026-08-30 17:11:41.329122,New York,Coney Island,40.75534457198067,-73.98333352555498,19.1,completed
NYC-00710,2026-08-30 17:29:09.329122,New York,Coney Island,40.783625064587866,-74.00481255054416,21.2,completed
NYC-03596,2026-08-30 17:29:25.329122,New York,Wall Street,40.72528093983774,-73.97233199256684,17.0,completed
NYC-02848,2026-08-30 17:32:16.329122,New York,Coney Island,40.76204814317169,-74.00933844654149,14.2,completed
NYC-02479,2026-08-30 17:37:54.329122,New York,Upper East Side,40.78736317288044,-73.97979344272197,70.0,completed
NYC-02044,2026-08-30 17:47:42.329122,New York,Brooklyn Heights,40.79461536626844,-73.93606167095118,4.4,completed
NYC-00919,2026-08-30 17:51:25.329122,New York,Coney Island,40.71541244933431,-73.96727724452063,11.4,completed
NYC-03240,2026-08-30 18:12:44.329122,New York,Upper West Side,40.745735261387566,-73.9560844060069,5.8,completed
NYC-01928,2026-08-30 18:37:46.329122,New York,Queensbridge,40.77065580784958,-73.95717365082369,15.6,completed
NYC-03318,2026-08-30 18:49:06.329122,New York,Upper West Side,40.788494410667504,-73.94280110064649,16.3,completed
NYC-01448,2026-08-30 18:56:28.329122,New York,Broadway,40.80390756414214,-74.014275870726,8.6,completed
NYC-04173,2026-08-30 19:19:45.329122,New York,JFK Airport,40.758505894315554,-74.01315100099173,7.2,completed
NYC-04270,2026-08-30 19:33:40.329122,New York,Empire State Building,40.771364192477535,-73.99212112172714,29.5,completed
NYC-03043,2026-08-30 19:46:02.329122,New York,JFK Airport,40.74439611025978,-73.95654430442151,9.3,completed
NYC-00435,2026-08-30 20:14:54.329122,New York,Astoria,40.777106604460506,-73.95343769405005,6.5,completed
NYC-03778,2026-08-30 20:22:08.329122,New York,Flushing,40.772273354805755,-73.95044134572564,4.4,completed
NYC-04724,2026-08-30 20:23:48.329122,New York,Astoria,40.724159842145404,-74.007555202509,70.0,completed
NYC-03769,2026-08-30 20:27:22.329122,New York,Queensbridge,40.71282413820113,-74.00468626229699,7.9,completed
NYC-03160,2026-08-30 20:41:09.329122,New York,JFK Airport,40.7488311399957,-73.93334936728174,6.5,completed
NYC-02131,2026-08-30 21:01:29.329122,New York,Astoria,40.70138682719734,-73.97852181382574,35.2,completed
NYC-02699,2026-08-30 21:28:33.329122,New York,Brooklyn Heights,40.78502136300637,-73.99504674252857,29.5,completed
NYC-03916,2026-08-30 21:29:19.329122,New York,LaGuardia Airport,40.78012079397736,-73.97373273739427,32.4,completed
NYC-03016,2026-08-30 21:40:34.329122,New York,Harlem,40.78059689556493,-73.9774108131804,7.2,completed
NYC-02416,2026-08-30 21:52:55.329122,New York,Queensbridge,40.742262738428444,-73.99257151784823,17.0,completed
NYC-03094,2026-08-30 22:02:25.329122,New York,Flushing,40.72073946663242,-73.97209260725367,12.1,completed
NYC-01069,2026-08-30 22:08:59.329122,New York,Queensbridge,40.73159628908195,-73.99850393556368,17.0,completed
NYC-03223,2026-08-30 22:16:40.329122,New York,Williamsburg,40.702104186308105,-73.93919837742472,13.83,completed
NYC-02542,2026-08-30 22:19:07.329122,New York,Midtown,40.79305135836455,-73.96681755164555,6.5,completed
NYC-03517,2026-08-30 22:24:48.329122,New York,Times Square,40.74241573517647,-73.93690304425571,70.0,completed
NYC-04633,2026-08-30 22:31:42.329122,New York,Coney Island,40.79475598507051,-73.96016730172778,9.3,completed
NYC-02491,2026-08-30 22:41:43.329122,New York,Central Park,40.722354540019474,-73.98424378363487,21.2,completed
NYC-00320,2026-08-30 22:43:20.329122,New York,JFK Airport,40.76041493311767,-73.99457047592333,24.7,completed
NYC-03663,2026-08-30 22:55:43.329122,New York,Queensbridge,40.703840270792185,-73.97518213276713,8.6,completed
NYC-04099,2026-08-30 23:00:57.329122,New York,Upper East Side,40.70306374649032,-73.98596232854246,38.7,completed
NYC-04779,2026-08-30 23:33:24.329122,New York,Midtown,40.72569240971755,-73.96461393207618,10.7,completed
NYC-01225,2026-08-30 23:44:23.329122,New York,DUMBO,40.77023785424305,-73.96346140626163,12.8,completed
NYC-03168,2026-08-30 23:49:27.329122,New York,LaGuardia Airport,40.78408848008831,-73.9807407024592,6.5,completed
NYC-03053,2026-08-30 23:53:14.329122,New York,Broadway,40.7316207831387,-73.95761475757716,10.0,completed
NYC-03353,2026-08-30 23:56:06.329122,New York,Midtown,40.75577656114126,-73.97064391569323,5.8,completed
NYC-04303,2026-08-30 23:59:05.329122,New York,Astoria,40.7645286310112,-73.97453508596296,11.4,completed
NYC-02474,2026-08-30 23:59:07.329122,New York,Upper East Side,40.758672529164194,-73.98415747886229,19.8,completed
NYC-03541,2026-08-31 00:15:52.329122,New York,LaGuardia Airport,40.78899260043209,-73.95932270950465,70.0,completed
NYC-04429,2026-08-31 00:18:14.329122,New York,DUMBO,40.78772654498262,-73.94541995708198,10.7,completed
NYC-04195,2026-08-31 00:31:29.329122,New York,Wall Street,40.72053039337775,-74.01160413537502,12.8,completed
NYC-03524,2026-08-31 00:39:26.329122,New York,Midtown,40.71842401980035,-73.97163247552602,7.9,completed
NYC-00722,2026-08-31 00:47:03.329122,New York,Harlem,40.70731458941035,-73.94839794613682,15.6,completed
NYC-04454,2026-08-31 00:48:57.329122,New York,DUMBO,40.795306550189366,-73.94265088754499,42.9,completed
NYC-03425,2026-08-31 00:56:29.329122,New York,Broadway,40.768147882003994,-73.99216586996502,10.7,completed
NYC-04857,2026-08-31 00:57:18.329122,New York,Wall Street,40.803187055352495,-73.9695514582825,10.0,completed
NYC-01195,2026-08-31 00:58:36.329122,New York,JFK Airport,40.795869048676764,-74.00597336171037,22.6,completed
NYC-00165,2026-08-31 01:25:23.329122,New York,Empire State Building,40.79188327451482,-73.93138109701682,17.7,completed
NYC-01563,2026-08-31 01:29:44.329122,New York,Times Square,40.730228663910296,-73.96807574889897,15.6,completed
NYC-00463,2026-08-31 01:53:46.329122,New York,Empire State Building,40.76417056416069,-73.99147862760515,8.6,completed
NYC-02294,2026-08-31 02:07:53.329122,New York,Brooklyn Heights,40.70060563790765,-74.00553579857281,14.9,completed
NYC-00867,2026-08-31 02:10:17.329122,New York,JFK Airport,40.72001209435448,-73.99902829320429,24.7,completed
NYC-04554,2026-08-31 02:18:20.329122,New York,Wall Street,40.75043704184058,-73.96192500202088,83.5,completed
NYC-01974,2026-08-31 02:19:36.329122,New York,Harlem,40.73285981309477,-73.97080465543027,12.1,completed
NYC-03349,2026-08-31 02:24:07.329122,New York,Upper West Side,40.726565069079214,-73.96180409797083,7.2,completed
NYC-00704,2026-08-31 02:44:20.329122,New York,Flushing,40.706971246752005,-73.93762390536587,4.4,completed
NYC-00541,2026-08-31 02:52:36.329122,New York,Upper East Side,40.7666792097896,-73.96153995939187,26.1,completed
NYC-02883,2026-08-31 03:12:06.329122,New York,DUMBO,40.70782741136908,-73.94009641236978,19.8,completed
NYC-00097,2026-08-31 03:19:47.329122,New York,Midtown,40.747029512019445,-73.99638324611597,16.3,completed
NYC-02361,2026-08-31 04:01:30.329122,New York,Queensbridge,40.746423768614044,-73.97915380925738,38.0,completed
NYC-04018,2026-08-31 04:12:28.329122,New York,Midtown,40.732701592470946,-74.01650136726849,7.2,completed
NYC-03180,2026-08-31 04:16:24.329122,New York,Williamsburg,40.71214750497522,-74.01938906433787,12.8,completed
NYC-04502,2026-08-31 04:27:53.329122,New York,DUMBO,40.731700297855554,-73.96988400281789,6.5,completed
NYC-03358,2026-08-31 04:35:16.329122,New York,Flushing,40.790401404124395,-74.015348288808,12.8,completed
NYC-04643,2026-08-31 04:58:16.329122,New York,Downtown Manhattan,40.714485559377984,-74.00810544002275,11.74,completed
NYC-03342,2026-08-31 05:01:39.329122,New York,LaGuardia Airport,40.76956304567612,-74.00381819678545,17.7,completed
NYC-02991,2026-08-31 05:11:08.329122,New York,Staten Island Ferry,40.78800038299401,-73.99944167329224,19.8,completed
NYC-03324,2026-08-31 05:20:15.329122,New York,Downtown Manhattan,40.78601559748738,-74.0141499289946,5.8,completed
NYC-01827,2026-08-31 05:36:49.329122,New York,Times Square,40.806533765535384,-74.00078162699045,10.7,completed
NYC-01236,2026-08-31 05:39:03.329122,New York,Empire State Building,40.79507940748236,-73.96202082856094,7.9,completed
NYC-02024,2026-08-31 05:44:00.329122,New York,Brooklyn Heights,40.74606726509816,-73.96565772290407,14.9,completed
NYC-02628,2026-08-31 05:58:53.329122,New York,Wall Street,40.75431954445026,-73.93889401391044,14.2,completed
NYC-02520,2026-08-31 06:00:48.329122,New York,Empire State Building,40.77617856746908,-73.98675556171757,9.08,completed
NYC-01739,2026-08-31 06:08:22.329122,New York,Astoria,40.745554272778186,-73.93553971236307,11.4,completed
NYC-00558,2026-08-31 06:16:18.329122,New York,Midtown,40.7830650981241,-73.99524110065968,7.2,completed
NYC-01807,2026-08-31 06:25:20.329122,New York,Staten Island Ferry,40.72037151246543,-73.98163135354083,10.0,completed
NYC-04302,2026-08-31 06:56:12.329122,New York,Empire State Building,40.783064697918974,-73.9438118956189,11.4,completed
NYC-00324,2026-08-31 06:59:42.329122,New York,Brooklyn Heights,40.805035180872956,-74.01505303238442,5.8,completed
NYC-03605,2026-08-31 07:05:36.329122,New York,Midtown,40.72011215578557,-73.98327819178434,5.1,completed
NYC-04450,2026-08-31 07:07:51.329122,New York,DUMBO,40.74620121047253,-73.97963117055684,13.5,completed
NYC-03447,2026-08-31 07:16:54.329122,New York,LaGuardia Airport,40.77866101774121,-73.94271951505635,6.5,completed
NYC-00509,2026-08-31 07:19:12.329122,New York,Staten Island Ferry,40.77982914592272,-73.97824131243037,6.5,completed
NYC-03621,2026-08-31 07:34:08.329122,New York,Midtown,40.72425546897792,-74.00380003450503,12.1,completed
NYC-02009,2026-08-31 07:43:18.329122,New York,Downtown Manhattan,40.753632831304074,-74.00125913722526,7.2,completed
NYC-02262,2026-08-31 07:44:04.329122,New York,Williamsburg,40.79817756189504,-73.95970418582267,70.2,completed
NYC-00521,2026-08-31 07:44:51.329122,New York,Astoria,40.74189799422941,-73.96803819389024,13.5,completed
NYC-04849,2026-08-31 07:58:07.329122,New York,Coney Island,40.71195507933122,-73.97466039006478,16.3,completed
NYC-01291,2026-08-31 08:13:35.329122,New York,Wall Street,40.71459873294474,-73.98495087879301,4.4,completed
NYC-00589,2026-08-31 08:15:11.329122,New York,Harlem,40.71670929628635,-73.96230225067761,11.4,completed
NYC-01561,2026-08-31 08:19:12.329122,New York,Coney Island,40.726055761487196,-73.99088278476367,9.3,completed
NYC-02233,2026-08-31 08:30:11.329122,New York,Upper West Side,40.79374902618303,-73.9710509870955,66.7,completed
NYC-01433,2026-08-31 08:34:51.329122,New York,Broadway,40.773355068330076,-73.97363269964757,34.5,completed
NYC-04773,2026-08-31 08:47:53.329122,New York,Times Square,40.79007561975725,-73.98207607529075,16.52,completed
NYC-03278,2026-08-31 08:56:49.329122,New York,Wall Street,40.73669912354206,-73.98417215395874,10.0,completed
NYC-03152,2026-08-31 09:05:45.329122,New York,Upper East Side,40.77760069133119,-74.01071679152095,10.7,completed
NYC-02246,2026-08-31 09:09:24.329122,New York,Broadway,40.707000500021536,-73.95983079743975,12.1,completed
NYC-04923,2026-08-31 09:24:47.329122,New York,Times Square,40.79689846765992,-73.96473183358219,70.0,completed
NYC-04197,2026-08-31 10:04:18.329122,New York,JFK Airport,40.73129955242447,-73.93360749793221,10.0,completed
NYC-01951,2026-08-31 10:05:31.329122,New York,Wall Street,40.72426731479823,-73.9773604036737,21.2,completed
NYC-04555,2026-08-31 10:16:42.329122,New York,Downtown Manhattan,40.762104970282685,-73.94559451164434,7.9,completed
NYC-02036,2026-08-31 10:18:56.329122,New York,Broadway,40.71255053633767,-73.99615296446001,18.4,completed
NYC-02994,2026-08-31 10:47:57.329122,New York,Queensbridge,40.714488653143704,-74.00948763030394,17.7,completed
NYC-01321,2026-08-31 10:52:17.329122,New York,DUMBO,40.71754991481245,-73.97414420140983,14.9,completed
NYC-03018,2026-08-31 10:56:54.329122,New York,Astoria,40.7075188520341,-73.97893066685599,4.4,completed
NYC-01075,2026-08-31 11:09:52.329122,New York,Upper West Side,40.74705504471095,-74.01683566747559,16.3,completed
NYC-00449,2026-08-31 11:10:58.329122,New York,Queensbridge,40.70918507883685,-74.0086920856829,6.5,completed
NYC-02323,2026-08-31 12:13:33.329122,New York,Wall Street,40.73403099896491,-73.95674202003549,7.9,completed
NYC-00947,2026-08-31 12:13:46.329122,New York,Wall Street,40.79900205060329,-74.0193617368503,61.1,completed
NYC-02369,2026-08-31 12:32:36.329122,New York,Williamsburg,40.78020908363044,-73.93891830427597,28.2,completed
NYC-04376,2026-08-31 13:05:08.329122,New York,Wall Street,40.74210625104434,-73.9574212945338,15.28,completed
NYC-02303,2026-08-31 13:07:20.329122,New York,Empire State Building,40.7322837705529,-73.94010236277956,52.7,completed
NYC-01346,2026-08-31 13:08:24.329122,New York,Coney Island,40.73805284918017,-73.99537002535706,5.8,completed
NYC-01727,2026-08-31 13:12:58.329122,New York,Williamsburg,40.80963665392383,-74.01192691728866,7.9,completed
NYC-03341,2026-08-31 13:14:39.329122,New York,Empire State Building,40.763668742996316,-73.97009597971109,52.0,completed
NYC-02034,2026-08-31 13:18:07.329122,New York,DUMBO,40.766937999996614,-73.97988431611874,47.1,completed
NYC-02457,2026-08-31 13:24:44.329122,New York,DUMBO,40.76888577535632,-73.98357647131037,10.0,completed
NYC-04921,2026-08-31 13:28:29.329122,New York,Astoria,40.781172054589874,-73.94170846594987,12.1,completed
NYC-04289,2026-08-31 13:29:25.329122,New York,Astoria,40.7883313069679,-74.00006490542316,17.0,completed
NYC-03482,2026-08-31 13:39:24.329122,New York,Queensbridge,40.73047137767586,-73.93649876685623,5.1,completed
NYC-03785,2026-08-31 13:40:21.329122,New York,Central Park,40.71148999699102,-73.97754193215482,10.0,completed
NYC-04148,2026-08-31 13:45:51.329122,New York,Queensbridge,40.78018331201157,-73.98317230205929,8.6,completed
NYC-02577,2026-08-31 13:49:27.329122,New York,Brooklyn Heights,40.766384240564776,-73.95570511941665,16.3,completed
NYC-02926,2026-08-31 14:01:01.329122,New York,Williamsburg,40.78873628716642,-73.94319881521523,10.7,completed
NYC-04558,2026-08-31 14:01:57.329122,New York,JFK Airport,40.80249144436482,-73.95726179755654,65.0,completed
NYC-02110,2026-08-31 14:07:52.329122,New York,Astoria,40.71547826808536,-73.95516999677507,14.2,completed
NYC-03178,2026-08-31 14:16:34.329122,New York,Astoria,40.78955382541503,-74.01637072842512,22.6,completed
NYC-01895,2026-08-31 14:23:09.329122,New York,Astoria,40.780637842563266,-73.93933873757685,15.6,completed
NYC-02892,2026-08-31 14:23:44.329122,New York,Wall Street,40.78482350974371,-73.94785216691518,31.0,completed
NYC-04080,2026-08-31 14:24:44.329122,New York,Wall Street,40.776158973676985,-73.98958270186836,14.2,completed
NYC-01847,2026-08-31 14:28:23.329122,New York,JFK Airport,40.721721753884594,-73.97960337709132,12.1,completed
NYC-02015,2026-08-31 14:35:47.329122,New York,Astoria,40.74522051628608,-73.94209194672646,10.0,completed
NYC-03708,2026-08-31 15:00:35.329122,New York,JFK Airport,40.730977764631625,-74.01389832437546,6.5,completed
NYC-03564,2026-08-31 15:01:58.329122,New York,Harlem,40.750427456654464,-73.97632473546008,12.8,completed
NYC-04343,2026-08-31 15:09:44.329122,New York,Wall Street,40.790897489204525,-73.95144315641775,7.9,completed
NYC-00413,2026-08-31 15:10:38.329122,New York,JFK Airport,40.763078167693564,-74.01535083785969,33.1,completed
NYC-04214,2026-08-31 15:22:37.329122,New York,Empire State Building,40.77015515560302,-74.01788868804509,19.1,completed
NYC-03241,2026-08-31 15:24:52.329122,New York,Staten Island Ferry,40.74718387667732,-73.95903923385266,15.6,completed
NYC-02017,2026-08-31 15:27:10.329122,New York,Harlem,40.798981668025604,-74.01293173814865,12.8,completed
NYC-03046,2026-08-31 15:37:20.329122,New York,Broadway,40.74650015005834,-73.95632294629198,5.1,completed
NYC-02873,2026-08-31 15:58:21.329122,New York,Broadway,40.74613927933531,-73.93971330840158,12.1,completed
NYC-03499,2026-08-31 16:07:19.329122,New York,Williamsburg,40.781116869434776,-73.99155056008532,12.1,completed
NYC-02315,2026-08-31 16:08:05.329122,New York,LaGuardia Airport,40.71446380318878,-73.93095854373622,10.0,completed
NYC-02596,2026-08-31 16:15:56.329122,New York,Upper East Side,40.72985503184914,-74.00115339574451,14.2,completed
NYC-00226,2026-08-31 16:27:48.329122,New York,Brooklyn Heights,40.80703116102277,-73.96750234766343,7.9,completed
NYC-02836,2026-08-31 16:35:38.329122,New York,Central Park,40.80925805169653,-73.96548706835861,12.8,completed
NYC-01153,2026-08-31 16:36:51.329122,New York,Downtown Manhattan,40.77481548489364,-74.01433832715837,9.3,completed
NYC-02268,2026-08-31 16:43:07.329122,New York,Flushing,40.72611768152123,-73.97636271342556,17.7,completed
NYC-02386,2026-08-31 16:51:18.329122,New York,Flushing,40.74082896657814,-74.01147349766985,33.8,completed
NYC-04378,2026-08-31 16:52:46.329122,New York,Midtown,40.715985936166255,-73.94113174270761,10.0,completed
NYC-00550,2026-08-31 16:52:52.329122,New York,Staten Island Ferry,40.757217985122324,-73.99659567637728,11.4,completed
NYC-00408,2026-08-31 17:34:46.329122,New York,Queensbridge,40.79959201740612,-73.99111026589232,6.5,completed
NYC-03929,2026-08-31 17:48:24.329122,New York,Empire State Building,40.7132426336668,-73.93179532513213,18.4,completed
NYC-00386,2026-08-31 17:50:19.329122,New York,LaGuardia Airport,40.73102380298285,-73.97990339669562,20.5,completed
NYC-02802,2026-08-31 18:08:00.329122,New York,Midtown,40.803807175210224,-73.93122850693503,17.0,completed
NYC-00998,2026-08-31 18:46:53.329122,New York,Upper East Side,40.80452610892029,-73.97632384293445,7.9,completed
NYC-03257,2026-08-31 18:52:51.329122,New York,LaGuardia Airport,40.722687732521976,-73.93170734597965,10.0,completed
NYC-02999,2026-08-31 19:07:44.329122,New York,Midtown,40.79585554376099,-74.01059677149215,5.1,completed
NYC-00066,2026-08-31 19:07:47.329122,New York,Central Park,40.71550166474723,-73.97727078945607,7.2,completed
NYC-00424,2026-08-31 19:09:22.329122,New York,Broadway,40.706331463601835,-73.97997585008275,17.0,completed
NYC-00422,2026-08-31 19:25:02.329122,New York,Queensbridge,40.710032671335355,-73.93225861544708,1.84,completed
NYC-02890,2026-08-31 19:29:43.329122,New York,Queensbridge,40.73654101364272,-74.00645540517347,7.9,completed
NYC-02478,2026-08-31 19:34:01.329122,New York,Coney Island,40.71373028953636,-73.94156033291877,13.82,completed
NYC-04667,2026-08-31 19:35:02.329122,New York,Astoria,40.79227392480945,-74.00026342457457,11.4,completed
NYC-03185,2026-08-31 19:49:22.329122,New York,Williamsburg,40.75891091963677,-74.00656587885976,49.9,completed
NYC-02382,2026-08-31 19:55:56.329122,New York,JFK Airport,40.80082987594253,-73.93116099226684,9.3,completed
NYC-03073,2026-08-31 20:04:31.329122,New York,Coney Island,40.72982058791405,-73.95827113524223,16.3,completed
NYC-03909,2026-08-31 20:15:38.329122,New York,Wall Street,40.735773231590386,-73.93122273833654,14.9,completed
NYC-04201,2026-08-31 20:20:58.329122,New York,Times Square,40.72158702883768,-73.9801356590439,6.5,completed
NYC-03842,2026-08-31 20:40:31.329122,New York,Midtown,40.752315581100426,-73.99822650446927,11.4,completed
NYC-00829,2026-08-31 20:45:18.329122,New York,Astoria,40.74974397349788,-73.9718680480347,13.5,completed
NYC-01027,2026-08-31 20:45:36.329122,New York,LaGuardia Airport,40.79290043383886,-74.00839876734338,7.9,completed
NYC-02965,2026-08-31 20:48:53.329122,New York,Upper West Side,40.77712868477493,-74.01721264569197,70.0,completed
NYC-00454,2026-08-31 21:08:36.329122,New York,Wall Street,40.71223172305368,-73.95663716926676,12.8,completed
NYC-04304,2026-08-31 21:13:39.329122,New York,Staten Island Ferry,40.79112825380329,-73.95267687345927,8.6,completed
NYC-04964,2026-08-31 21:17:04.329122,New York,Brooklyn Heights,40.75308613592277,-73.97573884306387,13.5,completed
NYC-02221,2026-08-31 21:32:41.329122,New York,Midtown,40.75947683243094,-73.99797559626786,10.7,completed
NYC-01112,2026-08-31 21:33:03.329122,New York,Wall Street,40.72461993763049,-73.93690425810875,18.4,completed
NYC-03888,2026-08-31 22:01:11.329122,New York,JFK Airport,40.76928027198782,-73.99201242807553,50.6,completed
NYC-01598,2026-08-31 22:14:29.329122,New York,Brooklyn Heights,40.70942240745561,-73.93713191940508,17.0,completed
NYC-04768,2026-08-31 22:18:27.329122,New York,Queensbridge,40.7777009196491,-73.93125748646233,26.1,completed
NYC-03189,2026-08-31 22:28:31.329122,New York,Upper East Side,40.78682221331517,-73.9871663713323,8.6,completed
NYC-01534,2026-08-31 22:41:30.329122,New York,Broadway,40.74549040116779,-74.01321290416064,6.5,completed
NYC-02701,2026-08-31 22:42:44.329122,New York,Staten Island Ferry,40.80736152056072,-73.95242887919382,10.7,completed
NYC-00042,2026-08-31 22:44:46.329122,New York,Coney Island,40.703782737322676,-74.00271789677772,14.9,completed
NYC-04191,2026-08-31 22:50:13.329122,New York,Wall Street,40.796014536372226,-74.01859210342232,20.5,completed
NYC-00980,2026-08-31 22:50:35.329122,New York,Central Park,40.73676682798987,-73.96193649250293,6.5,completed
NYC-02639,2026-08-31 23:24:17.329122,New York,JFK Airport,40.77727945516883,-74.01785042278128,20.5,completed
NYC-03077,2026-08-31 23:34:51.329122,New York,Wall Street,40.71164963848442,-73.96733246931464,29.6,completed
NYC-02511,2026-08-31 23:38:50.329122,New York,Wall Street,40.79718112392847,-73.93040647503402,25.4,completed
NYC-02105,2026-08-31 23:42:09.329122,New York,Staten Island Ferry,40.734843784477434,-74.01397080150437,30.3,completed
NYC-01283,2026-08-31 23:42:22.329122,New York,Upper West Side,40.701074793216115,-73.95577533703629,13.5,completed
NYC-00047,2026-08-31 23:43:52.329122,New York,Staten Island Ferry,40.75720748232956,-73.97242090564097,14.2,completed
NYC-00720,2026-08-31 23:45:24.329122,New York,Flushing,40.803217450250315,-74.01058056036881,19.1,completed
NYC-01531,2026-08-31 23:50:52.329122,New York,Empire State Building,40.7671367161642,-73.93885318934623,13.5,completed
NYC-02674,2026-08-31 23:55:07.329122,New York,Upper East Side,40.79792365028998,-73.97341331544419,14.9,completed
NYC-03035,2026-09-01 00:13:02.329122,New York,Upper West Side,40.730395101931244,-74.01109282389321,10.7,completed
NYC-03064,2026-09-01 00:13:07.329122,New York,Wall Street,40.77133553021306,-73.93309121427103,7.9,completed
NYC-00533,2026-09-01 00:24:46.329122,New York,Empire State Building,40.76109748761629,-73.94844896167645,5.8,completed
NYC-02041,2026-09-01 00:34:29.329122,New York,Harlem,40.76173450671108,-73.98446734454096,12.1,completed
NYC-00312,2026-09-01 00:51:50.329122,New York,Flushing,40.70278858177571,-73.93657831940688,7.9,completed
NYC-02005,2026-09-01 00:56:53.329122,New York,Queensbridge,40.783533808865975,-73.98608704350032,8.6,completed
NYC-00006,2026-09-01 01:16:07.329122,New York,Coney Island,40.7063891973385,-73.95008814065123,5.1,completed
NYC-00540,2026-09-01 01:28:52.329122,New York,Downtown Manhattan,40.80494561299846,-74.01039593628079,24.0,completed
NYC-01117,2026-09-01 01:31:02.329122,New York,Williamsburg,40.796520694889345,-73.93097872128023,23.3,completed
NYC-00056,2026-09-01 01:41:01.329122,New York,Upper West Side,40.70973417522571,-73.98060548575599,7.2,completed
NYC-00944,2026-09-01 01:43:02.329122,New York,Queensbridge,40.72270633989367,-73.93309511517573,20.5,completed
NYC-01194,2026-09-01 01:46:32.329122,New York,Wall Street,40.70503162371938,-73.95772653730602,30.81,completed
NYC-00674,2026-09-01 01:59:30.329122,New York,JFK Airport,40.74514365096886,-73.93378260401659,15.6,completed
NYC-04297,2026-09-01 02:02:08.329122,New York,Brooklyn Heights,40.71665900741289,-73.94787248701823,14.2,completed
NYC-02842,2026-09-01 02:05:41.329122,New York,Upper West Side,40.801026907536,-74.01394834293531,70.0,completed
NYC-02413,2026-09-01 02:07:34.329122,New York,Central Park,40.703029039185644,-73.94573786119048,21.2,completed
NYC-03749,2026-09-01 02:17:41.329122,New York,Queensbridge,40.79730455770526,-74.01090745781579,5.8,completed
NYC-04718,2026-09-01 02:30:24.329122,New York,Brooklyn Heights,40.74787885076223,-74.00472652847603,4.4,completed
NYC-00127,2026-09-01 02:35:35.329122,New York,LaGuardia Airport,40.794680364158204,-73.99752302386936,10.0,completed
NYC-04947,2026-09-01 02:40:02.329122,New York,Upper West Side,40.78157900161971,-73.99571835478969,9.3,completed
NYC-00233,2026-09-01 02:44:15.329122,New York,Coney Island,40.75417694632008,-73.98303416108581,15.82,completed
NYC-01543,2026-09-01 02:53:01.329122,New York,Upper West Side,40.72822190620715,-73.99582609603769,14.2,completed
NYC-00196,2026-09-01 02:55:45.329122,New York,Flushing,40.77985512467573,-73.95353085519427,20.5,completed
NYC-03008,2026-09-01 03:09:02.329122,New York,Broadway,40.77414219109647,-73.95758411466583,10.0,completed
NYC-03072,2026-09-01 03:09:40.329122,New York,Broadway,40.7344198133635,-73.9540548926128,10.0,completed
NYC-03206,2026-09-01 03:11:48.329122,New York,Times Square,40.794464070728445,-74.0085669781624,14.9,completed
NYC-01751,2026-09-01 03:15:25.329122,New York,DUMBO,40.7236722059219,-73.96979087347799,5.1,completed
NYC-03846,2026-09-01 03:17:15.329122,New York,Empire State Building,40.80682659981051,-73.93601981009483,7.9,completed
NYC-04547,2026-09-01 03:18:20.329122,New York,Downtown Manhattan,40.77143167022603,-74.0169905812995,12.8,completed
NYC-04168,2026-09-01 03:18:57.329122,New York,Harlem,40.73464102890478,-73.99561331129159,10.0,completed
NYC-01405,2026-09-01 03:31:32.329122,New York,Queensbridge,40.75220939633248,-73.94002606476066,20.5,completed
NYC-00255,2026-09-01 03:34:40.329122,New York,Flushing,40.76124813887042,-73.97674960532474,10.0,completed
NYC-02169,2026-09-01 03:37:35.329122,New York,Upper West Side,40.73576144169749,-73.99824119432682,9.3,completed
NYC-04719,2026-09-01 03:38:31.329122,New York,Staten Island Ferry,40.80127605408565,-73.95533858395092,14.9,completed
NYC-04146,2026-09-01 03:39:46.329122,New York,Times Square,40.711377752634654,-73.98803814123768,12.8,completed
NYC-03926,2026-09-01 03:42:12.329122,New York,Flushing,40.766388168715125,-73.96657505099982,18.4,completed
NYC-03423,2026-09-01 03:52:54.329122,New York,Empire State Building,40.70428318183565,-74.01896265873523,13.5,completed
NYC-04932,2026-09-01 03:53:05.329122,New York,Midtown,40.80577058053513,-73.99952965713416,24.0,completed
NYC-00750,2026-09-01 04:05:42.329122,New York,JFK Airport,40.71285878447792,-73.9980746687216,19.5,completed
NYC-01364,2026-09-01 04:35:27.329122,New York,Williamsburg,40.78064243246568,-73.97900809851943,19.8,completed
NYC-03389,2026-09-01 04:44:55.329122,New York,Staten Island Ferry,40.77335321304363,-74.01188238698198,10.7,completed
NYC-01566,2026-09-01 04:54:42.329122,New York,Upper West Side,40.77343048892207,-73.95726882874592,38.7,completed
NYC-03155,2026-09-01 04:58:30.329122,New York,Central Park,40.77142545570346,-74.00368747700035,70.0,completed
NYC-02598,2026-09-01 05:02:50.329122,New York,Upper West Side,40.73127015022203,-73.93023193548518,14.2,completed
NYC-00045,2026-09-01 05:03:57.329122,New York,Harlem,40.77287745127894,-73.96577777465885,6.5,completed
NYC-00373,2026-09-01 05:08:08.329122,New York,Broadway,40.7751307450758,-73.94963981566642,23.3,completed
NYC-03455,2026-09-01 05:09:34.329122,New York,Upper West Side,40.71840927354605,-74.0072549784444,8.6,completed
NYC-04164,2026-09-01 05:09:53.329122,New York,Upper East Side,40.7667848808972,-73.93359893072629,25.4,completed
NYC-00205,2026-09-01 05:13:48.329122,New York,Upper East Side,40.70101167567783,-73.9860518395788,5.8,completed
NYC-00910,2026-09-01 05:18:34.329122,New York,DUMBO,40.76493244367663,-73.98343009921327,7.9,completed
NYC-04455,2026-09-01 05:18:35.329122,New York,DUMBO,40.70655790578792,-73.99693705684999,5.8,completed
NYC-00630,2026-09-01 05:41:40.329122,New York,Downtown Manhattan,40.77846845444731,-73.95190181055828,17.7,completed
NYC-01096,2026-09-01 05:47:18.329122,New York,Broadway,40.724253482997725,-74.01529488070581,13.5,completed
NYC-04901,2026-09-01 05:49:54.329122,New York,Midtown,40.753224624075074,-73.98642936101093,17.7,completed
NYC-03099,2026-09-01 05:50:01.329122,New York,Flushing,40.74769410718959,-73.96737188724964,4.4,completed
NYC-03991,2026-09-01 05:55:35.329122,New York,LaGuardia Airport,40.72322385368139,-74.001665434605,10.0,completed
NYC-02555,2026-09-01 06:00:13.329122,New York,Downtown Manhattan,40.80506267280209,-73.9795360984593,9.3,completed
NYC-04155,2026-09-01 06:20:17.329122,New York,Downtown Manhattan,40.70141872167685,-74.00864777923339,13.5,completed
NYC-02591,2026-09-01 06:22:18.329122,New York,Flushing,40.78843543583078,-73.94440015990806,10.0,completed
NYC-04327,2026-09-01 06:24:44.329122,New York,Midtown,40.80807733994817,-74.001277789354,11.4,completed
NYC-03378,2026-09-01 06:25:33.329122,New York,DUMBO,40.7097223441683,-73.96820490833778,13.5,completed
NYC-02925,2026-09-01 06:43:48.329122,New York,Coney Island,40.799213421642406,-73.99654002556942,6.5,completed
NYC-01081,2026-09-01 06:45:40.329122,New York,Astoria,40.709835210254354,-73.93310338735888,13.5,completed
NYC-02471,2026-09-01 06:49:40.329122,New York,Midtown,40.80604317318821,-74.01654725247798,4.4,completed
NYC-04623,2026-09-01 07:00:39.329122,New York,Staten Island Ferry,40.775935513159084,-73.95325572822365,10.0,completed
NYC-00973,2026-09-01 07:09:46.329122,New York,Broadway,40.72364344164499,-73.94348805387835,19.1,completed
NYC-03650,2026-09-01 07:10:43.329122,New York,Queensbridge,40.78463937834903,-74.00227417328121,13.78,completed
NYC-03019,2026-09-01 07:38:05.329122,New York,LaGuardia Airport,40.786213582673255,-73.9395317767668,5.1,completed
NYC-00965,2026-09-01 07:52:02.329122,New York,Coney Island,40.739123998811145,-73.93922209061301,16.3,completed
NYC-04109,2026-09-01 07:59:42.329122,New York,LaGuardia Airport,40.76345693214424,-73.95543368001354,14.2,completed
NYC-02253,2026-09-01 08:01:50.329122,New York,DUMBO,40.79122154792485,-73.93864422413291,14.2,completed
NYC-03689,2026-09-01 08:05:41.329122,New York,Staten Island Ferry,40.70210710341064,-74.00307472901689,10.0,completed
NYC-04557,2026-09-01 08:11:22.329122,New York,Astoria,40.774697326494525,-73.97457211087911,46.33,completed
NYC-03199,2026-09-01 08:20:40.329122,New York,LaGuardia Airport,40.743200381759856,-74.01406970514712,10.0,completed
NYC-02137,2026-09-01 08:27:35.329122,New York,Central Park,40.78046461393744,-73.96363666528039,11.4,completed
NYC-04223,2026-09-01 08:29:33.329122,New York,Queensbridge,40.78909168623332,-73.9960260122713,58.3,completed
NYC-03133,2026-09-01 08:47:43.329122,New York,Harlem,40.75986793627251,-73.98637549064193,17.7,completed
NYC-00699,2026-09-01 09:19:06.329122,New York,Brooklyn Heights,40.75292541120403,-73.99369759389346,70.0,completed
NYC-02903,2026-09-01 09:37:08.329122,New York,Broadway,40.745822241133055,-73.94771802199574,8.6,completed
NYC-04509,2026-09-01 09:42:27.329122,New York,Broadway,40.80356216612567,-74.0055721864436,30.3,completed
NYC-00995,2026-09-01 10:04:09.329122,New York,LaGuardia Airport,40.71007402806593,-73.95840081750377,6.5,completed
NYC-04309,2026-09-01 10:21:16.329122,New York,Flushing,40.786181651605425,-73.98837796588106,5.8,completed
NYC-03962,2026-09-01 10:37:31.329122,New York,Upper East Side,40.703151767033546,-73.97945171148396,10.7,completed
NYC-03537,2026-09-01 11:10:30.329122,New York,Times Square,40.73908517233213,-73.94011932353655,7.2,completed
NYC-01002,2026-09-01 11:13:07.329122,New York,DUMBO,40.79602404194641,-73.94148448929808,44.3,completed
NYC-01245,2026-09-01 11:15:08.329122,New York,Central Park,40.76888423537946,-73.9653955418227,7.2,completed
NYC-03777,2026-09-01 11:16:58.329122,New York,Downtown Manhattan,40.7623265784796,-73.99924252238071,59.0,completed
NYC-01731,2026-09-01 11:20:06.329122,New York,Central Park,40.76862854199208,-73.99987577065087,26.8,completed
NYC-00489,2026-09-01 11:23:47.329122,New York,Williamsburg,40.797929016228004,-73.9376411390959,8.6,completed
NYC-02620,2026-09-01 11:29:36.329122,New York,Upper East Side,40.786782571895365,-73.9425069940025,8.6,completed
NYC-03808,2026-09-01 11:42:29.329122,New York,DUMBO,40.70553844796663,-74.01635417443528,17.7,completed
NYC-01753,2026-09-01 11:50:53.329122,New York,Times Square,40.72653216033595,-74.01221882435918,14.9,completed
NYC-02515,2026-09-01 12:06:55.329122,New York,Wall Street,40.80190208674031,-73.94614812045995,9.3,completed
NYC-03287,2026-09-01 12:20:02.329122,New York,Central Park,40.788389142540886,-74.01838379226248,14.2,completed
NYC-04845,2026-09-01 12:26:37.329122,New York,Brooklyn Heights,40.743143957277695,-73.98338716377788,4.4,completed
NYC-04143,2026-09-01 12:27:52.329122,New York,Upper East Side,40.79146701664234,-73.97396792139617,17.0,completed
NYC-00968,2026-09-01 12:34:26.329122,New York,Central Park,40.762304510432664,-73.93571560018209,19.1,completed
NYC-01677,2026-09-01 12:50:30.329122,New York,Flushing,40.74432781966417,-73.9972118952967,9.3,completed
NYC-03291,2026-09-01 13:01:38.329122,New York,Downtown Manhattan,40.79650854984462,-73.9576111412003,27.5,completed
NYC-03676,2026-09-01 13:04:12.329122,New York,Astoria,40.719084565539056,-74.00706811373342,25.4,completed
NYC-01890,2026-09-01 13:09:34.329122,New York,Harlem,40.7109095909546,-73.97854757043748,11.4,completed
NYC-04019,2026-09-01 13:11:13.329122,New York,Empire State Building,40.72529931293596,-73.96069514854588,46.5,completed
NYC-03606,2026-09-01 13:20:34.329122,New York,Central Park,40.790828204671676,-73.95812816763552,8.6,completed
NYC-01478,2026-09-01 14:10:35.329122,New York,Central Park,40.78775950137445,-73.97246400507193,11.4,completed
NYC-02662,2026-09-01 14:11:37.329122,New York,Upper West Side,40.72373147470941,-73.94999100650169,24.7,completed
NYC-01286,2026-09-01 14:13:54.329122,New York,JFK Airport,40.70966531490593,-73.94190491624755,21.2,completed
NYC-01860,2026-09-01 14:46:37.329122,New York,LaGuardia Airport,40.785409219114975,-74.01352839544151,4.4,completed
NYC-01311,2026-09-01 14:50:19.329122,New York,Times Square,40.79842983216666,-73.97281707515161,18.4,completed
NYC-04602,2026-09-01 15:14:12.329122,New York,Central Park,40.80001779638807,-74.00461495957892,5.1,completed
NYC-01867,2026-09-01 15:30:37.329122,New York,Broadway,40.71812962973024,-74.00383139038402,10.0,completed
NYC-04782,2026-09-01 15:31:42.329122,New York,Central Park,40.76111045268742,-73.95739233218991,13.5,completed
NYC-03242,2026-09-01 15:38:36.329122,New York,DUMBO,40.75949955042219,-74.01780158053533,17.7,completed
NYC-01115,2026-09-01 15:48:13.329122,New York,Empire State Building,40.763809482862165,-73.95678411510275,31.7,completed
NYC-02569,2026-09-01 15:49:35.329122,New York,Upper East Side,40.802215085899505,-74.01660723486195,11.4,completed
NYC-04286,2026-09-01 15:51:13.329122,New York,DUMBO,40.79591043674086,-73.96501481268676,9.3,completed
NYC-03057,2026-09-01 16:09:43.329122,New York,Times Square,40.70846774137715,-73.99889643938951,11.4,completed
NYC-03310,2026-09-01 16:10:02.329122,New York,DUMBO,40.77950115274627,-73.97709215120425,19.8,completed
NYC-02045,2026-09-01 16:10:18.329122,New York,Astoria,40.77950957335293,-73.98552470742212,11.4,completed
NYC-00972,2026-09-01 16:37:19.329122,New York,Central Park,40.78058293069313,-73.94753927121208,13.17,completed
NYC-02888,2026-09-01 16:39:18.329122,New York,LaGuardia Airport,40.78919664391087,-73.99150578086554,6.5,completed
NYC-04107,2026-09-01 16:53:20.329122,New York,Queensbridge,40.705545845096246,-73.94698924974388,28.9,completed
NYC-02739,2026-09-01 16:53:25.329122,New York,JFK Airport,40.70831655446784,-74.01291712809632,30.3,completed
NYC-01521,2026-09-01 16:57:10.329122,New York,Coney Island,40.80278796294861,-74.00093816651066,13.5,completed
NYC-00269,2026-09-01 16:58:06.329122,New York,Empire State Building,40.732295102869095,-73.99255871880534,11.4,completed
NYC-02508,2026-09-01 17:01:55.329122,New York,Coney Island,40.79316657396278,-73.9653979609122,19.1,completed
NYC-01237,2026-09-01 17:04:22.329122,New York,Empire State Building,40.75205308973607,-73.96143480540997,15.6,completed
NYC-02259,2026-09-01 17:32:13.329122,New York,Midtown,40.74780555569446,-73.979996801982,14.2,completed
NYC-02599,2026-09-01 17:37:54.329122,New York,Brooklyn Heights,40.71472111992997,-73.99470335030993,5.1,completed
NYC-02914,2026-09-01 17:43:39.329122,New York,Wall Street,40.72467228316136,-74.01978872735192,12.1,completed
NYC-01368,2026-09-01 17:44:59.329122,New York,Empire State Building,40.71976514197573,-73.9746652508869,7.2,completed
NYC-02816,2026-09-01 17:47:50.329122,New York,Downtown Manhattan,40.75487852309896,-73.99718556220685,10.0,completed
NYC-00017,2026-09-01 18:00:04.329122,New York,Upper West Side,40.75772320747955,-73.99101392183239,10.7,completed
NYC-03754,2026-09-01 18:00:53.329122,New York,Wall Street,40.72987964994018,-73.93379482259964,14.2,completed
NYC-02166,2026-09-01 18:41:07.329122,New York,Downtown Manhattan,40.76975563521253,-73.94262269748835,17.0,completed
NYC-01508,2026-09-01 18:48:46.329122,New York,DUMBO,40.76686956020728,-73.94309361076803,26.8,completed
NYC-00831,2026-09-01 18:55:37.329122,New York,Midtown,40.7497683467746,-73.97729197936398,9.3,completed
NYC-00892,2026-09-01 18:59:25.329122,New York,Astoria,40.79132418510237,-73.97568696561689,17.0,completed
NYC-02705,2026-09-01 19:02:05.329122,New York,Upper East Side,40.78878710911014,-74.01720488115683,12.8,completed
NYC-04571,2026-09-01 19:03:58.329122,New York,Times Square,40.77423825233596,-74.01078449834861,9.3,completed
NYC-03262,2026-09-01 19:16:50.329122,New York,Upper West Side,40.746119882728266,-73.95174366942693,53.4,completed
NYC-02726,2026-09-01 19:29:30.329122,New York,Times Square,40.70722643448498,-74.0113486733441,6.5,completed
NYC-04860,2026-09-01 19:29:54.329122,New York,Midtown,40.76879767951833,-73.9435868938045,10.0,completed
NYC-01071,2026-09-01 19:39:13.329122,New York,Harlem,40.72569685261549,-73.99254102818624,14.9,completed
NYC-04061,2026-09-01 20:18:51.329122,New York,Flushing,40.72313504119144,-73.94326004622086,8.6,completed
NYC-04914,2026-09-01 20:20:18.329122,New York,Harlem,40.71828522982568,-73.97936536547925,19.1,completed
NYC-00232,2026-09-01 20:26:43.329122,New York,Empire State Building,40.7634594273089,-73.95690121713722,6.5,completed
NYC-03815,2026-09-01 20:28:24.329122,New York,Harlem,40.76353949297789,-73.9561617134677,35.9,completed
NYC-02525,2026-09-01 20:33:28.329122,New York,Downtown Manhattan,40.7306635859656,-73.96485840897928,11.4,completed
NYC-01990,2026-09-01 20:42:17.329122,New York,JFK Airport,40.78420641888903,-73.93477873904855,5.8,completed
NYC-01790,2026-09-01 20:45:55.329122,New York,Brooklyn Heights,40.716518590089876,-73.94567005962159,12.8,completed
NYC-00443,2026-09-01 21:20:29.329122,New York,Queensbridge,40.74077063617736,-73.93420235491759,8.6,completed
NYC-04351,2026-09-01 21:28:24.329122,New York,LaGuardia Airport,40.76584192925396,-73.98870359479966,27.5,completed
NYC-03132,2026-09-01 21:48:42.329122,New York,LaGuardia Airport,40.80259815589461,-73.93261857596951,7.9,completed
NYC-02497,2026-09-01 22:24:08.329122,New York,LaGuardia Airport,40.7952134860187,-73.94347140626581,28.2,completed
NYC-01070,2026-09-01 22:28:41.329122,New York,Staten Island Ferry,40.73259389325016,-73.93456469454196,12.8,completed
NYC-01102,2026-09-01 22:57:46.329122,New York,Flushing,40.79721644734598,-73.99126972319924,36.6,completed
NYC-02475,2026-09-01 23:05:42.329122,New York,Wall Street,40.79569660756125,-73.97525494473541,14.2,completed
NYC-04307,2026-09-01 23:14:30.329122,New York,Astoria,40.769310243954784,-73.95414015144661,6.5,completed
NYC-00371,2026-09-01 23:34:24.329122,New York,Empire State Building,40.70200440082167,-73.98877369446602,11.4,completed
NYC-03510,2026-09-01 23:35:25.329122,New York,Staten Island Ferry,40.73688069550862,-74.0033026622268,7.2,completed
NYC-01424,2026-09-01 23:36:40.329122,New York,Coney Island,40.808529313525476,-73.98075365678027,10.0,completed
NYC-04721,2026-09-01 23:45:37.329122,New York,Broadway,40.70602059776175,-73.97839043522866,7.2,completed
NYC-03383,2026-09-01 23:47:59.329122,New York,JFK Airport,40.72855340942026,-73.94327151332297,10.0,completed
NYC-00599,2026-09-01 23:48:29.329122,New York,Central Park,40.704495547789314,-73.95562099205239,8.6,completed
NYC-00055,2026-09-01 23:54:01.329122,New York,Flushing,40.80140616585255,-73.96075233044446,11.74,completed
NYC-04813,2026-09-02 00:09:39.329122,New York,Astoria,40.75629585022264,-73.95004280666706,17.7,completed
NYC-01980,2026-09-02 00:13:16.329122,New York,Empire State Building,40.7204711559631,-74.00252841065986,10.0,completed
NYC-00929,2026-09-02 00:18:47.329122,New York,Flushing,40.728367645397654,-73.93967778154432,7.9,completed
NYC-03427,2026-09-02 00:24:10.329122,New York,Upper West Side,40.7687075452926,-73.93127274036303,7.2,completed
NYC-01234,2026-09-02 00:24:26.329122,New York,JFK Airport,40.77168335079135,-73.9859166979977,5.8,completed
NYC-01488,2026-09-02 00:42:28.329122,New York,Astoria,40.74274139113974,-73.98180651765517,12.1,completed
NYC-03412,2026-09-02 00:44:02.329122,New York,Wall Street,40.70246684780783,-73.98847548663976,12.1,completed
NYC-04904,2026-09-02 00:50:47.329122,New York,Brooklyn Heights,40.80186655158001,-73.9374385988644,7.2,completed
NYC-02157,2026-09-02 01:10:53.329122,New York,LaGuardia Airport,40.73827355527404,-73.97843741665942,7.2,completed
NYC-01783,2026-09-02 01:25:12.329122,New York,Empire State Building,40.77009216244891,-73.9915657759853,49.9,completed
NYC-01785,2026-09-02 01:31:52.329122,New York,JFK Airport,40.798462951477724,-73.941272763386,18.4,completed
NYC-04196,2026-09-02 01:58:45.329122,New York,Central Park,40.70282586093564,-73.95350997739733,9.3,completed
NYC-04664,2026-09-02 02:10:30.329122,New York,Times Square,40.791251898725136,-73.99251001961063,16.3,completed
NYC-00987,2026-09-02 02:20:54.329122,New York,Wall Street,40.74783100724641,-73.93609598044712,7.2,completed
NYC-04641,2026-09-02 02:21:06.329122,New York,LaGuardia Airport,40.734421150283175,-73.9749057359985,17.7,completed
NYC-00447,2026-09-02 02:35:11.329122,New York,Midtown,40.782871600378485,-73.9641788635935,13.5,completed
NYC-02270,2026-09-02 02:41:19.329122,New York,Empire State Building,40.71146472830892,-73.99113590515141,9.3,completed
NYC-00141,2026-09-02 03:35:12.329122,New York,Upper East Side,40.72769605254079,-74.0086496209862,5.8,completed
NYC-02990,2026-09-02 03:39:39.329122,New York,Flushing,40.71971811730986,-73.96107018238442,10.0,completed
NYC-03371,2026-09-02 03:48:33.329122,New York,Flushing,40.76548335925202,-73.98066696470953,3.7,completed
NYC-03492,2026-09-02 04:14:50.329122,New York,Upper West Side,40.79690703062037,-73.97782135267033,16.3,completed
NYC-03828,2026-09-02 04:34:17.329122,New York,Empire State Building,40.79249995814432,-73.9847691156285,7.2,completed
NYC-04040,2026-09-02 04:42:25.329122,New York,Wall Street,40.795271169991565,-74.00692425912288,11.95,completed
NYC-01189,2026-09-02 05:23:35.329122,New York,Astoria,40.77789892975098,-74.0068934217965,8.6,completed
NYC-00976,2026-09-02 05:24:00.329122,New York,Harlem,40.76545857237703,-74.01551258682407,24.44,completed
NYC-04691,2026-09-02 05:29:48.329122,New York,Central Park,40.739291156739235,-73.98052101567846,7.2,completed
NYC-04573,2026-09-02 06:02:27.329122,New York,Flushing,40.78338444631124,-74.01537990658086,24.7,completed
NYC-02396,2026-09-02 06:08:03.329122,New York,Midtown,40.71699057219457,-74.00537514260729,12.8,completed
NYC-00421,2026-09-02 06:19:33.329122,New York,Central Park,40.7868579957074,-73.99214774058203,3.7,completed
NYC-00683,2026-09-02 06:21:37.329122,New York,Broadway,40.77355075419169,-74.00094570650668,19.1,completed
NYC-04165,2026-09-02 06:22:46.329122,New York,Times Square,40.74275989826642,-73.94615848388575,12.1,completed
NYC-04847,2026-09-02 06:35:12.329122,New York,Astoria,40.71553189698909,-73.98691077585468,14.9,completed
NYC-00876,2026-09-02 06:53:28.329122,New York,LaGuardia Airport,40.778756945173214,-73.94196895537804,18.4,completed
NYC-01441,2026-09-02 06:54:52.329122,New York,Broadway,40.71032907873684,-74.01810667877855,7.9,completed
NYC-02194,2026-09-02 06:55:44.329122,New York,Harlem,40.71220884161349,-73.94685403861259,28.2,completed
NYC-01761,2026-09-02 06:57:19.329122,New York,DUMBO,40.79287927910136,-74.00562254857894,3.7,completed
NYC-01369,2026-09-02 07:09:30.329122,New York,Queensbridge,40.72612976574163,-73.94528174040889,10.7,completed
NYC-01022,2026-09-02 07:22:39.329122,New York,Upper West Side,40.80168358149142,-73.94294617402049,24.7,completed
NYC-01616,2026-09-02 07:43:55.329122,New York,Flushing,40.80935532973433,-74.00202972357634,9.3,completed
NYC-03974,2026-09-02 07:51:49.329122,New York,LaGuardia Airport,40.7298641202797,-73.98133575308964,10.0,completed
NYC-01539,2026-09-02 07:52:15.329122,New York,Staten Island Ferry,40.75776797220338,-73.96537241953531,8.6,completed
NYC-02123,2026-09-02 08:14:31.329122,New York,Midtown,40.74595370772026,-73.94084835758393,12.8,completed
NYC-03054,2026-09-02 08:16:11.329122,New York,Brooklyn Heights,40.77224316698221,-73.94787656180827,7.9,completed
NYC-03895,2026-09-02 08:19:46.329122,New York,Brooklyn Heights,40.790691866936506,-74.00739596690792,14.9,completed
NYC-04830,2026-09-02 08:32:24.329122,New York,Queensbridge,40.78760846176758,-73.98315895712058,70.0,completed
NYC-00181,2026-09-02 08:38:18.329122,New York,Upper East Side,40.71248208733647,-73.94533907517145,7.2,completed
NYC-03782,2026-09-02 08:43:05.329122,New York,Queensbridge,40.701189219199875,-73.99220251906871,19.8,completed
NYC-02750,2026-09-02 08:44:48.329122,New York,Harlem,40.74269822767397,-74.00575452543706,10.7,completed
NYC-04230,2026-09-02 08:50:00.329122,New York,Central Park,40.7771912101265,-73.9771652004207,48.5,completed
NYC-04186,2026-09-02 08:58:31.329122,New York,Downtown Manhattan,40.71411584484077,-73.95443761489973,35.9,completed
NYC-02857,2026-09-02 08:58:37.329122,New York,Williamsburg,40.704282295965825,-73.99917861581199,13.5,completed
NYC-03216,2026-09-02 09:18:10.329122,New York,Flushing,40.71818129391573,-73.96934527865069,54.8,completed
NYC-01333,2026-09-02 09:27:24.329122,New York,Downtown Manhattan,40.809596730766245,-73.97421646142054,6.5,completed
NYC-00100,2026-09-02 09:33:20.329122,New York,Wall Street,40.70345721042554,-73.97958293372787,7.9,completed
NYC-02026,2026-09-02 09:34:51.329122,New York,Central Park,40.78039030614788,-74.01639378222865,7.2,completed
NYC-04905,2026-09-02 09:42:19.329122,New York,Empire State Building,40.71778640086014,-73.98476682426994,10.7,completed
NYC-02301,2026-09-02 10:14:46.329122,New York,Broadway,40.76292535077062,-73.98127152147619,10.0,completed
NYC-01588,2026-09-02 10:19:30.329122,New York,Downtown Manhattan,40.74710195764182,-74.00280440745883,10.0,completed
NYC-01939,2026-09-02 10:28:43.329122,New York,Queensbridge,40.708476410704776,-73.99209693783888,11.4,completed
NYC-02721,2026-09-02 10:41:26.329122,New York,Harlem,40.78615182546285,-73.93622504222418,25.4,completed
NYC-04594,2026-09-02 11:07:41.329122,New York,Staten Island Ferry,40.74702131809834,-73.9963368177131,7.2,completed
NYC-03696,2026-09-02 11:13:30.329122,New York,Wall Street,40.80576415570315,-73.93334165553985,38.0,completed
NYC-03428,2026-09-02 11:23:45.329122,New York,Coney Island,40.79508765715552,-73.99222306163284,14.2,completed
NYC-03320,2026-09-02 12:25:15.329122,New York,Upper East Side,40.760326107929295,-74.00821618730859,70.0,completed
NYC-02101,2026-09-02 12:50:29.329122,New York,Astoria,40.75863317539708,-74.00187408074855,23.3,completed
NYC-03039,2026-09-02 12:58:06.329122,New York,Staten Island Ferry,40.75705710938187,-73.93242591854373,7.9,completed
NYC-02562,2026-09-02 13:32:01.329122,New York,Wall Street,40.70552486126104,-74.00979516140026,5.8,completed
NYC-00846,2026-09-02 13:33:23.329122,New York,Times Square,40.70938846348865,-74.00096439256464,7.9,completed
NYC-02493,2026-09-02 13:38:32.329122,New York,LaGuardia Airport,40.74251945575054,-73.9687465850677,13.5,completed
NYC-00626,2026-09-02 13:42:12.329122,New York,LaGuardia Airport,40.75087881877465,-73.98057603316852,39.4,completed
NYC-03300,2026-09-02 13:43:37.329122,New York,Coney Island,40.74768194560312,-73.94905523126462,70.0,completed
NYC-04043,2026-09-02 13:52:26.329122,New York,LaGuardia Airport,40.76813289663032,-73.99688515828896,60.4,completed
NYC-02085,2026-09-02 13:54:43.329122,New York,Broadway,40.75475937588377,-74.01834774544007,7.2,completed
NYC-01779,2026-09-02 13:57:21.329122,New York,Queensbridge,40.792495873736854,-74.01507295159664,5.8,completed
NYC-01217,2026-09-02 13:59:47.329122,New York,Downtown Manhattan,40.77485492322822,-73.98701039313588,15.6,completed
NYC-02155,2026-09-02 14:01:33.329122,New York,Broadway,40.72638615240316,-73.9459515781271,7.2,completed
NYC-01905,2026-09-02 14:04:49.329122,New York,Upper East Side,40.72227286161818,-74.01528875394118,14.2,completed
NYC-02188,2026-09-02 14:19:17.329122,New York,Broadway,40.786729207757865,-73.97482579772972,7.9,completed
NYC-04234,2026-09-02 14:23:49.329122,New York,Coney Island,40.70230275296095,-73.95389616637098,10.0,completed
NYC-02398,2026-09-02 14:28:20.329122,New York,Wall Street,40.77104046249151,-73.95825781984577,10.79,completed
NYC-04081,2026-09-02 14:37:29.329122,New York,Central Park,40.72566661049143,-73.97771391085148,28.9,completed
NYC-02772,2026-09-02 14:37:46.329122,New York,Broadway,40.78876620399724,-73.99759508276829,7.2,completed
NYC-01979,2026-09-02 14:45:23.329122,New York,Flushing,40.7926126923471,-74.01650683469694,59.7,completed
NYC-02656,2026-09-02 14:54:38.329122,New York,JFK Airport,40.79043978754981,-73.95553071908716,10.32,completed
NYC-02458,2026-09-02 14:59:24.329122,New York,Broadway,40.75377876149717,-73.99973136098055,76.5,completed
NYC-00763,2026-09-02 15:00:58.329122,New York,Midtown,40.781834092183,-74.00426968436125,15.6,completed
NYC-01360,2026-09-02 15:07:20.329122,New York,JFK Airport,40.80035996801784,-74.01415906484154,7.2,completed
NYC-01554,2026-09-02 15:20:55.329122,New York,Wall Street,40.72508877491438,-73.95150946153454,4.4,completed
NYC-03370,2026-09-02 15:31:57.329122,New York,Coney Island,40.72405871742978,-74.00593017054464,19.1,completed
NYC-02082,2026-09-02 15:43:04.329122,New York,Coney Island,40.75103245144936,-73.98105096264626,10.7,completed
NYC-00049,2026-09-02 15:48:23.329122,New York,Upper West Side,40.72033399010781,-73.9732618576622,6.5,completed
NYC-01125,2026-09-02 16:00:52.329122,New York,Broadway,40.760594310767004,-73.94919492867399,5.8,completed
NYC-04056,2026-09-02 16:04:21.329122,New York,LaGuardia Airport,40.79002184672575,-73.9426782676224,17.0,completed
NYC-01977,2026-09-02 16:07:17.329122,New York,Flushing,40.74726224940129,-73.94548675409092,14.2,completed
NYC-01545,2026-09-02 16:20:27.329122,New York,Downtown Manhattan,40.7531900211392,-74.01224955005442,52.7,completed
NYC-02954,2026-09-02 16:29:52.329122,New York,Harlem,40.80130939732062,-73.93956032310143,10.0,completed
NYC-02940,2026-09-02 16:30:21.329122,New York,Staten Island Ferry,40.7291858751311,-73.98728369883676,30.3,completed
NYC-01213,2026-09-02 16:32:22.329122,New York,JFK Airport,40.7874290503625,-73.98843611908072,12.1,completed
NYC-02104,2026-09-02 16:37:18.329122,New York,LaGuardia Airport,40.78725874854821,-73.99644957700262,7.2,completed
NYC-04640,2026-09-02 16:43:56.329122,New York,Harlem,40.80403246724485,-73.97647662567061,9.3,completed
NYC-02320,2026-09-02 16:45:43.329122,New York,Harlem,40.799837210281225,-73.99786002337238,11.4,completed
NYC-01703,2026-09-02 16:55:50.329122,New York,Wall Street,40.755675604912426,-73.99275091531443,5.8,completed
NYC-00731,2026-09-02 17:09:50.329122,New York,Central Park,40.789603219225455,-73.98813418938803,70.0,completed
NYC-02740,2026-09-02 17:11:21.329122,New York,Williamsburg,40.74022488230875,-73.96566203705461,7.9,completed
NYC-02236,2026-09-02 17:24:37.329122,New York,Downtown Manhattan,40.79815327479536,-73.96481466753312,12.83,completed
NYC-04207,2026-09-02 17:31:40.329122,New York,Times Square,40.759551186299824,-73.95817428027532,8.6,completed
NYC-04035,2026-09-02 17:33:13.329122,New York,Staten Island Ferry,40.80872630933599,-73.95523974280611,4.4,completed
NYC-01323,2026-09-02 18:08:59.329122,New York,Coney Island,40.72411353860939,-73.98765185558523,16.3,completed
NYC-00923,2026-09-02 18:12:51.329122,New York,Harlem,40.78798407815421,-73.96167727137504,12.8,completed
NYC-01840,2026-09-02 18:20:48.329122,New York,Astoria,40.74093837262213,-73.93767256041451,7.9,completed
NYC-04106,2026-09-02 18:27:34.329122,New York,LaGuardia Airport,40.80618329959935,-74.00697604274771,10.7,completed
NYC-00614,2026-09-02 18:28:07.329122,New York,DUMBO,40.79609364865175,-73.982082920653,6.5,completed
NYC-03571,2026-09-02 18:35:53.329122,New York,DUMBO,40.75918249759003,-73.98510121043232,9.3,completed
NYC-00695,2026-09-02 18:45:11.329122,New York,Midtown,40.76716820466858,-73.99214836811984,4.4,completed
NYC-02440,2026-09-02 18:48:25.329122,New York,DUMBO,40.76090826338938,-73.96246634051369,37.3,completed
NYC-04216,2026-09-02 18:52:20.329122,New York,Times Square,40.70457368558313,-73.97168186038265,15.6,completed
NYC-01091,2026-09-02 18:57:48.329122,New York,Staten Island Ferry,40.77146113138916,-73.95017214413176,22.6,completed
NYC-04417,2026-09-02 19:06:55.329122,New York,JFK Airport,40.70264055493294,-73.99620361318632,9.3,completed
NYC-02114,2026-09-02 19:07:26.329122,New York,Midtown,40.771972180755746,-73.97345938622288,21.2,completed
NYC-04967,2026-09-02 19:22:49.329122,New York,Empire State Building,40.77866375217986,-74.01013346250369,35.2,completed
NYC-01780,2026-09-02 19:32:32.329122,New York,DUMBO,40.70422689838586,-73.98804862604774,8.6,completed
NYC-01365,2026-09-02 19:45:40.329122,New York,Staten Island Ferry,40.714472445364,-73.96760696774668,3.0,completed
NYC-02995,2026-09-02 19:51:39.329122,New York,Empire State Building,40.79518253347998,-73.9954156341667,7.2,completed
NYC-03591,2026-09-02 19:53:38.329122,New York,LaGuardia Airport,40.719304079011955,-74.0191414941377,9.3,completed
NYC-03626,2026-09-02 20:02:39.329122,New York,Midtown,40.70007187298375,-73.99506770960173,7.9,completed
NYC-03123,2026-09-02 20:16:36.329122,New York,Broadway,40.750483456825656,-73.96105530058894,7.9,completed
NYC-04257,2026-09-02 20:18:55.329122,New York,Harlem,40.74969134235796,-74.00478480257796,17.7,completed
NYC-01280,2026-09-02 20:23:52.329122,New York,Central Park,40.767997130774994,-73.94558189375441,5.8,completed
NYC-00916,2026-09-02 20:24:30.329122,New York,Broadway,40.73239123354961,-73.93138816932615,7.2,completed
NYC-00102,2026-09-02 20:32:15.329122,New York,Midtown,40.7345791579184,-73.96861836516231,26.1,completed
NYC-03175,2026-09-02 20:38:06.329122,New York,Times Square,40.72042113753914,-73.99406630778003,24.7,completed
NYC-03582,2026-09-02 20:46:20.329122,New York,Brooklyn Heights,40.73975441569739,-73.94034862079076,35.9,completed
NYC-03102,2026-09-02 20:55:13.329122,New York,JFK Airport,40.80060035302334,-73.98500336531733,9.3,completed
NYC-02039,2026-09-02 21:05:59.329122,New York,Williamsburg,40.727606332747435,-73.96027377513094,5.8,completed
NYC-03981,2026-09-02 21:07:22.329122,New York,Queensbridge,40.78862136858997,-73.96161744617203,3.0,completed
NYC-03738,2026-09-02 21:12:15.329122,New York,JFK Airport,40.78292548909809,-74.01191568226851,31.21,completed
NYC-03583,2026-09-02 21:12:51.329122,New York,Coney Island,40.79457741422928,-74.00006255632879,13.61,completed
NYC-02695,2026-09-02 21:24:52.329122,New York,Coney Island,40.757093550814254,-73.9589689748617,21.9,completed
NYC-01336,2026-09-02 21:29:19.329122,New York,Brooklyn Heights,40.72194966960221,-74.00485870788023,36.6,completed
NYC-03882,2026-09-02 21:36:33.329122,New York,Brooklyn Heights,40.80539298098114,-74.0169241969863,11.4,completed
NYC-01120,2026-09-02 22:04:42.329122,New York,JFK Airport,40.79776228878559,-74.01531786204734,86.3,completed
NYC-01426,2026-09-02 22:36:34.329122,New York,Flushing,40.70054339790279,-73.93471913863084,8.6,completed
NYC-03307,2026-09-02 22:37:27.329122,New York,Wall Street,40.70755850454964,-73.98960268029386,14.2,completed
NYC-01963,2026-09-02 22:42:31.329122,New York,Upper East Side,40.742221624712634,-73.9622100788477,36.6,completed
NYC-00679,2026-09-02 22:42:37.329122,New York,Astoria,40.79520578384834,-74.00416987449232,12.8,completed
NYC-04654,2026-09-02 22:43:48.329122,New York,Brooklyn Heights,40.74217368551641,-73.9732496092248,35.9,completed
NYC-01704,2026-09-02 22:45:37.329122,New York,Central Park,40.74834628574962,-73.97865885908445,6.5,completed
NYC-03657,2026-09-02 23:21:35.329122,New York,Staten Island Ferry,40.75616388332055,-74.00168180297663,42.2,completed
NYC-02636,2026-09-02 23:34:09.329122,New York,Coney Island,40.806265225564154,-73.99060402848268,62.5,completed
NYC-00583,2026-09-02 23:35:54.329122,New York,Coney Island,40.73616267713163,-73.95686508086814,23.3,completed
NYC-00604,2026-09-02 23:47:52.329122,New York,JFK Airport,40.71326994582107,-74.01641825853979,34.5,completed
NYC-04803,2026-09-02 23:52:57.329122,New York,Upper West Side,40.72091416429506,-73.95917695278315,45.7,completed
NYC-03897,2026-09-02 23:57:32.329122,New York,Brooklyn Heights,40.79162226871317,-73.96792731862664,7.2,completed
NYC-02556,2026-09-03 00:00:14.329122,New York,Harlem,40.75748342592704,-74.00302309782184,11.4,completed
NYC-03121,2026-09-03 00:13:47.329122,New York,LaGuardia Airport,40.72723157473079,-73.96339853695687,9.3,completed
NYC-00427,2026-09-03 00:40:26.329122,New York,Central Park,40.79764746010341,-73.99825588512078,10.0,completed
NYC-04687,2026-09-03 00:43:04.329122,New York,Empire State Building,40.701178682746495,-73.99317617294878,7.2,completed
NYC-00377,2026-09-03 00:47:56.329122,New York,Times Square,40.702559912930944,-73.98921375088082,15.6,completed
NYC-03117,2026-09-03 00:50:01.329122,New York,Empire State Building,40.70151201094125,-73.99820348989655,13.5,completed
NYC-00309,2026-09-03 01:14:10.329122,New York,Empire State Building,40.72979154763883,-73.93954598403971,17.7,completed
NYC-00564,2026-09-03 01:14:14.329122,New York,Brooklyn Heights,40.738564631468726,-73.93623949699939,9.3,completed
NYC-00455,2026-09-03 01:14:39.329122,New York,Coney Island,40.754188761471994,-74.00042923610044,6.5,completed
NYC-02147,2026-09-03 01:17:55.329122,New York,Upper West Side,40.739357809185805,-74.0002846744246,5.8,completed
NYC-03756,2026-09-03 01:25:42.329122,New York,JFK Airport,40.72030957030821,-73.99925546463837,7.9,completed
NYC-03817,2026-09-03 01:27:13.329122,New York,Upper East Side,40.7905907449273,-73.98784822286468,19.1,completed
NYC-04909,2026-09-03 01:34:02.329122,New York,Broadway,40.76013449913871,-74.01726188143112,8.6,completed
NYC-00048,2026-09-03 01:36:47.329122,New York,Upper West Side,40.76013813072776,-73.98990017255937,7.9,completed
NYC-04592,2026-09-03 01:40:31.329122,New York,Staten Island Ferry,40.75549015358363,-73.95349071431595,71.6,completed
NYC-04347,2026-09-03 01:43:29.329122,New York,Times Square,40.76101557272672,-73.94224870153353,17.7,completed
NYC-00777,2026-09-03 02:07:12.329122,New York,Upper West Side,40.77944778252324,-74.00685130910128,35.9,completed
NYC-03531,2026-09-03 02:08:30.329122,New York,JFK Airport,40.78781225169301,-74.01837711911573,24.7,completed
NYC-00114,2026-09-03 02:29:38.329122,New York,Williamsburg,40.76967441321615,-73.99433147775876,10.0,completed
NYC-00853,2026-09-03 02:40:08.329122,New York,Queensbridge,40.798785971838484,-73.94225893393316,12.1,completed
NYC-02121,2026-09-03 02:45:26.329122,New York,Flushing,40.75557274509343,-74.00897667248347,18.5,completed
NYC-04867,2026-09-03 02:47:13.329122,New York,Flushing,40.71633574598081,-74.00222623465132,21.2,completed
NYC-02351,2026-09-03 02:47:29.329122,New York,Flushing,40.80046156423339,-74.01620195782768,33.8,completed
NYC-00969,2026-09-03 02:48:33.329122,New York,Upper East Side,40.752365544241904,-73.94570186426317,9.3,completed
NYC-00897,2026-09-03 02:49:27.329122,New York,Flushing,40.79859694003733,-73.98981338678533,24.62,completed
NYC-02423,2026-09-03 02:55:45.329122,New York,JFK Airport,40.75043753097701,-73.98258026791093,10.7,completed
NYC-00168,2026-09-03 02:59:54.329122,New York,Coney Island,40.70448526557103,-74.00168186135018,5.1,completed
NYC-00688,2026-09-03 03:00:25.329122,New York,Flushing,40.78464422265112,-74.00680468985561,6.5,completed
NYC-04784,2026-09-03 03:12:26.329122,New York,Brooklyn Heights,40.74591342605621,-73.9711876944557,15.6,completed
NYC-00795,2026-09-03 03:16:27.329122,New York,Brooklyn Heights,40.79593362998386,-73.9484400745726,6.5,completed
NYC-02724,2026-09-03 03:25:46.329122,New York,Times Square,40.743780582225,-73.93872544122078,22.6,completed
NYC-00212,2026-09-03 03:35:56.329122,New York,DUMBO,40.77171573854529,-73.99064015437172,7.2,completed
NYC-00617,2026-09-03 03:36:30.329122,New York,Central Park,40.73045654129619,-73.99811380177621,25.4,completed
NYC-03963,2026-09-03 03:38:32.329122,New York,LaGuardia Airport,40.76415776315439,-74.01895195904471,8.6,completed
NYC-02823,2026-09-03 03:40:36.329122,New York,Empire State Building,40.72442834577627,-73.95451786100786,7.2,completed
NYC-01573,2026-09-03 03:47:31.329122,New York,Upper West Side,40.79490767852976,-73.94068677390133,14.2,completed
NYC-01378,2026-09-03 03:49:51.329122,New York,Flushing,40.73951567063398,-73.93289218906439,12.1,completed
NYC-00271,2026-09-03 04:01:45.329122,New York,DUMBO,40.78911247341471,-74.00838358777622,12.8,completed
NYC-03052,2026-09-03 04:09:53.329122,New York,Queensbridge,40.729538713167436,-73.93357602773573,11.4,completed
NYC-03989,2026-09-03 04:15:22.329122,New York,Upper East Side,40.795775730100324,-73.96710749774219,14.2,completed
NYC-02770,2026-09-03 04:16:12.329122,New York,Empire State Building,40.708386313977094,-73.97465000828879,10.0,completed
NYC-04672,2026-09-03 04:17:41.329122,New York,Queensbridge,40.779790876025835,-73.98508430482106,15.84,completed
NYC-04961,2026-09-03 04:28:19.329122,New York,Williamsburg,40.72244708274013,-73.96863793045809,11.4,completed
NYC-00256,2026-09-03 04:37:25.329122,New York,Midtown,40.80297702515769,-74.01381214842198,22.6,completed
NYC-00350,2026-09-03 04:47:02.329122,New York,Harlem,40.75534498844381,-73.9540155659677,13.5,completed
NYC-02277,2026-09-03 05:00:36.329122,New York,Brooklyn Heights,40.75568926654447,-74.0114899289703,5.1,completed
NYC-03603,2026-09-03 05:19:20.329122,New York,Coney Island,40.73065073694266,-74.00607836366336,5.8,completed
NYC-04732,2026-09-03 05:20:23.329122,New York,Flushing,40.77964321076502,-73.97773111687435,87.0,completed
NYC-03114,2026-09-03 05:30:30.329122,New York,Queensbridge,40.72191973701135,-73.98325862325883,10.0,completed
NYC-02597,2026-09-03 05:54:19.329122,New York,Broadway,40.754636496509974,-74.0189398111342,7.2,completed
NYC-03137,2026-09-03 06:15:59.329122,New York,Brooklyn Heights,40.781170913268944,-73.93325641049307,14.2,completed
NYC-01294,2026-09-03 06:22:42.329122,New York,Staten Island Ferry,40.788064536902,-73.94187116561197,12.1,completed
NYC-00665,2026-09-03 06:24:24.329122,New York,Downtown Manhattan,40.71681450531028,-73.94966841201209,70.0,completed
NYC-01649,2026-09-03 06:25:26.329122,New York,Empire State Building,40.77796191675173,-73.94269175075901,9.3,completed
NYC-03308,2026-09-03 06:27:18.329122,New York,Central Park,40.74065316193695,-73.9823395452542,7.9,completed
NYC-00675,2026-09-03 06:27:52.329122,New York,LaGuardia Airport,40.80806164785995,-74.0169918784808,10.0,completed
NYC-01396,2026-09-03 06:28:56.329122,New York,LaGuardia Airport,40.7473976276028,-73.97516296307434,7.2,completed
NYC-02794,2026-09-03 06:29:36.329122,New York,Queensbridge,40.74806954742322,-73.95455819228063,70.0,completed
NYC-01846,2026-09-03 06:38:43.329122,New York,Empire State Building,40.713365151393106,-73.982534356431,12.1,completed
NYC-04261,2026-09-03 06:56:05.329122,New York,LaGuardia Airport,40.79716009615689,-73.97437628955305,70.0,completed
NYC-02864,2026-09-03 07:14:00.329122,New York,Downtown Manhattan,40.74802756087457,-73.9915262133351,37.3,completed
NYC-03577,2026-09-03 07:19:11.329122,New York,Staten Island Ferry,40.75383317911473,-74.00444619536891,18.4,completed
NYC-00400,2026-09-03 07:51:46.329122,New York,Upper East Side,40.711343625571956,-73.99804042278828,8.6,completed
NYC-01454,2026-09-03 07:59:34.329122,New York,Broadway,40.703342576566655,-73.93840120327432,24.0,completed
NYC-04292,2026-09-03 08:25:19.329122,New York,Central Park,40.76224356163446,-73.9715506265191,70.0,completed
NYC-01969,2026-09-03 08:26:26.329122,New York,Upper West Side,40.70288163793853,-73.97762652225707,7.9,completed
NYC-00950,2026-09-03 08:48:25.329122,New York,Queensbridge,40.7660568546477,-74.0068052529676,12.1,completed
NYC-01324,2026-09-03 08:58:21.329122,New York,Upper West Side,40.8073451781401,-74.01266734920583,14.2,completed
NYC-04969,2026-09-03 08:58:54.329122,New York,Broadway,40.74698155498964,-74.00777024648852,70.0,completed
NYC-03733,2026-09-03 08:59:07.329122,New York,Upper West Side,40.755166975638524,-73.97912492768491,6.5,completed
NYC-01134,2026-09-03 09:04:06.329122,New York,Harlem,40.77515846400256,-74.01837738919369,39.4,completed
NYC-02522,2026-09-03 09:04:19.329122,New York,Wall Street,40.73293351472089,-73.96956861930848,10.0,completed
NYC-00637,2026-09-03 09:08:53.329122,New York,Brooklyn Heights,40.72667175539982,-73.94436866401703,32.4,completed
NYC-00071,2026-09-03 09:08:57.329122,New York,Upper West Side,40.72185872496876,-73.953340277704,8.6,completed
NYC-02814,2026-09-03 09:18:09.329122,New York,Upper West Side,40.7621593843698,-73.99930734662244,12.1,completed
NYC-02961,2026-09-03 09:35:42.329122,New York,JFK Airport,40.73798761474694,-73.9916560095287,10.7,completed
NYC-00091,2026-09-03 09:46:20.329122,New York,Empire State Building,40.77845692659453,-74.0152530443054,13.5,completed
NYC-03865,2026-09-03 09:51:52.329122,New York,Coney Island,40.73903874518352,-73.9574293309827,14.9,completed
NYC-03463,2026-09-03 09:54:36.329122,New York,Empire State Building,40.76592323277534,-73.94768124008563,8.6,completed
NYC-02619,2026-09-03 09:57:18.329122,New York,Times Square,40.73446827093437,-73.98057697089722,28.2,completed
NYC-04935,2026-09-03 10:00:33.329122,New York,Upper West Side,40.73868148595761,-74.01022533378881,8.6,completed
NYC-03681,2026-09-03 10:01:15.329122,New York,Midtown,40.71380349264791,-73.94726586558782,12.8,completed
NYC-03774,2026-09-03 10:08:57.329122,New York,Williamsburg,40.772452749043374,-73.93470404763944,42.9,completed
NYC-04647,2026-09-03 10:12:11.329122,New York,Downtown Manhattan,40.72775462097487,-73.97223244578507,30.3,completed
NYC-02789,2026-09-03 10:23:32.329122,New York,Coney Island,40.80943012233626,-73.96767175946178,14.2,completed
NYC-00904,2026-09-03 11:02:24.329122,New York,Brooklyn Heights,40.74635670056518,-74.011076849895,18.4,completed
NYC-04388,2026-09-03 11:04:14.329122,New York,Williamsburg,40.710780845325885,-73.97840735740571,19.1,completed
NYC-04720,2026-09-03 11:14:15.329122,New York,Coney Island,40.7379518523917,-73.95069198718714,6.5,completed
NYC-01549,2026-09-03 11:29:07.329122,New York,Harlem,40.76964665131535,-73.98021404081938,21.9,completed
NYC-03703,2026-09-03 11:36:14.329122,New York,Broadway,40.79329201585172,-73.99864710727086,31.0,completed
NYC-01261,2026-09-03 11:42:18.329122,New York,Downtown Manhattan,40.78773150107009,-73.9433616545292,7.9,completed
NYC-00441,2026-09-03 11:55:56.329122,New York,Empire State Building,40.808530353635135,-74.00041708540616,4.4,completed
NYC-04071,2026-09-03 12:01:37.329122,New York,LaGuardia Airport,40.77441321244727,-73.95234882096717,11.4,completed
NYC-00237,2026-09-03 12:07:05.329122,New York,Times Square,40.70267475630746,-73.96047915889498,22.6,completed
NYC-01023,2026-09-03 12:10:49.329122,New York,Upper West Side,40.806816406968196,-74.01106861015722,33.1,completed
NYC-00285,2026-09-03 12:13:05.329122,New York,Brooklyn Heights,40.70395365011765,-73.9561295790846,17.7,completed
NYC-04778,2026-09-03 12:21:44.329122,New York,LaGuardia Airport,40.726528173573854,-73.98408016303983,11.4,completed
NYC-01045,2026-09-03 12:23:59.329122,New York,Upper West Side,40.767744950700056,-73.95170186790239,12.1,completed
NYC-02098,2026-09-03 12:28:26.329122,New York,Coney Island,40.78777055755775,-73.9987030181677,16.3,completed
NYC-00352,2026-09-03 12:41:01.329122,New York,Queensbridge,40.77245629947809,-73.99412399205546,10.0,completed
NYC-02998,2026-09-03 12:41:20.329122,New York,Downtown Manhattan,40.731905008515874,-73.9382406206915,10.0,completed
NYC-03337,2026-09-03 12:44:22.329122,New York,Upper West Side,40.783458685328036,-73.97622651092574,21.2,completed
NYC-04952,2026-09-03 12:51:48.329122,New York,Empire State Building,40.744206389836044,-73.9851582541926,9.3,completed
NYC-00032,2026-09-03 13:19:19.329122,New York,Upper West Side,40.707155675228385,-73.96920250709982,5.8,completed
NYC-03181,2026-09-03 13:24:13.329122,New York,JFK Airport,40.731810619092556,-74.00623511321722,6.5,completed
NYC-02558,2026-09-03 13:27:58.329122,New York,Harlem,40.70845482828038,-73.97242742187063,20.5,completed
NYC-03081,2026-09-03 13:29:16.329122,New York,Upper West Side,40.79712932073128,-74.00723400421447,22.6,completed
NYC-03088,2026-09-03 13:33:52.329122,New York,Staten Island Ferry,40.76412186624847,-74.01531587451194,4.4,completed
NYC-02461,2026-09-03 13:41:14.329122,New York,Astoria,40.79683462383638,-73.98694500688474,13.5,completed
NYC-01537,2026-09-03 13:49:44.329122,New York,Astoria,40.77492296393615,-73.94005550231397,6.5,completed
NYC-04096,2026-09-03 13:54:22.329122,New York,DUMBO,40.70150506562368,-73.99399566850082,23.47,completed
NYC-04364,2026-09-03 13:56:44.329122,New York,Broadway,40.72494498878516,-73.99436325910504,9.3,completed
NYC-01955,2026-09-03 14:06:24.329122,New York,LaGuardia Airport,40.80264246644779,-73.98761575894271,8.6,completed
NYC-04839,2026-09-03 14:24:49.329122,New York,DUMBO,40.7301386909417,-73.94700861625611,26.8,completed
NYC-04848,2026-09-03 14:38:35.329122,New York,Times Square,40.783986742803506,-73.9668014157518,21.2,completed
NYC-00132,2026-09-03 14:45:01.329122,New York,Flushing,40.713185190406705,-74.0110378257814,7.9,completed
NYC-03256,2026-09-03 15:47:43.329122,New York,DUMBO,40.77612810117268,-73.99733667681917,19.5,completed
NYC-04989,2026-09-03 15:50:14.329122,New York,Midtown,40.78467212851428,-73.94657612340772,13.5,completed
NYC-04051,2026-09-03 15:57:13.329122,New York,Broadway,40.77579964191231,-73.9707585121688,12.8,completed
NYC-02054,2026-09-03 16:03:07.329122,New York,LaGuardia Airport,40.793497290862874,-73.97585958129376,10.7,completed
NYC-02938,2026-09-03 16:15:08.329122,New York,Brooklyn Heights,40.804744396426734,-73.98765949085357,7.2,completed
NYC-04182,2026-09-03 16:29:37.329122,New York,Midtown,40.77504108581806,-74.00974492574998,7.2,completed
NYC-00060,2026-09-03 16:45:47.329122,New York,Astoria,40.742754501865846,-73.93604190788861,22.6,completed
NYC-02828,2026-09-03 16:46:47.329122,New York,Queensbridge,40.74715722230851,-73.9695374966762,16.59,completed
NYC-00742,2026-09-03 16:47:17.329122,New York,Flushing,40.78223703181939,-73.94508480624684,25.4,completed
NYC-00159,2026-09-03 16:53:05.329122,New York,Flushing,40.780103798347305,-73.99967894030644,5.8,completed
NYC-01054,2026-09-03 17:21:02.329122,New York,JFK Airport,40.80977275215867,-73.94366171843025,42.9,completed
NYC-04673,2026-09-03 17:23:05.329122,New York,Harlem,40.712384951318214,-74.00560780794783,6.5,completed
NYC-01752,2026-09-03 17:26:13.329122,New York,Brooklyn Heights,40.70133328521083,-73.99261231673613,17.7,completed
NYC-02593,2026-09-03 17:39:27.329122,New York,Central Park,40.75721868815418,-73.93947142116888,15.6,completed
NYC-02810,2026-09-03 17:59:22.329122,New York,Harlem,40.7272074347401,-73.99992189833992,6.5,completed
NYC-00827,2026-09-03 18:05:26.329122,New York,Brooklyn Heights,40.73816485220859,-74.0136373052634,13.5,completed
NYC-01908,2026-09-03 18:10:56.329122,New York,Downtown Manhattan,40.735962477797194,-73.94336597365182,7.9,completed
NYC-03715,2026-09-03 18:29:01.329122,New York,Midtown,40.73430673793401,-73.94392969976553,27.5,completed
NYC-04912,2026-09-03 18:34:01.329122,New York,Times Square,40.7588015141072,-74.01127430887608,6.5,completed
NYC-03836,2026-09-03 18:35:02.329122,New York,LaGuardia Airport,40.80258103662613,-73.97472385096312,7.9,completed
NYC-01274,2026-09-03 18:39:53.329122,New York,Central Park,40.752855764198365,-73.96682203593444,32.4,completed
NYC-01823,2026-09-03 18:44:09.329122,New York,Staten Island Ferry,40.78520971587016,-73.93308066005042,21.21,completed
NYC-03838,2026-09-03 18:47:56.329122,New York,Central Park,40.802712436530165,-73.93718227125332,6.5,completed
NYC-03419,2026-09-03 19:45:45.329122,New York,DUMBO,40.70158195906793,-74.0065123481002,13.5,completed
NYC-01925,2026-09-03 19:59:43.329122,New York,Upper West Side,40.71022897038055,-74.01643982440936,22.6,completed
NYC-01987,2026-09-03 20:14:51.329122,New York,Astoria,40.75461072675908,-73.97763646474156,19.1,completed
NYC-04846,2026-09-03 20:20:54.329122,New York,Brooklyn Heights,40.80425576677662,-73.94368254760187,15.73,completed
NYC-01130,2026-09-03 20:21:48.329122,New York,Brooklyn Heights,40.779576212505745,-73.98616259002638,48.5,completed
NYC-01801,2026-09-03 20:34:00.329122,New York,Flushing,40.78112591954049,-74.01005111503223,70.0,completed
NYC-04531,2026-09-03 20:58:27.329122,New York,Empire State Building,40.721850903458716,-73.93599280115954,8.6,completed
NYC-03736,2026-09-03 21:03:14.329122,New York,Midtown,40.77281049959007,-73.98480169802666,17.0,completed
NYC-00179,2026-09-03 21:04:08.329122,New York,LaGuardia Airport,40.715127303856065,-73.93780932823488,68.8,completed
NYC-02728,2026-09-03 21:10:13.329122,New York,Midtown,40.727126399847585,-73.93596889844804,9.3,completed
NYC-03402,2026-09-03 21:15:31.329122,New York,Harlem,40.80987818732366,-73.96750003810104,16.3,completed
NYC-01994,2026-09-03 21:15:44.329122,New York,Central Park,40.7826512594632,-73.93643430232507,11.4,completed
NYC-04273,2026-09-03 21:21:27.329122,New York,Queensbridge,40.75251578084284,-73.98570095377494,12.8,completed
NYC-02713,2026-09-03 21:21:39.329122,New York,Brooklyn Heights,40.7408913224397,-73.97974543286585,31.0,completed
NYC-03227,2026-09-03 21:33:45.329122,New York,Upper West Side,40.7389698459939,-74.00867778972885,6.5,completed
NYC-04353,2026-09-03 21:36:20.329122,New York,Staten Island Ferry,40.80537404459188,-74.00185103098597,8.6,completed
NYC-03841,2026-09-03 21:37:47.329122,New York,Central Park,40.7035924966863,-73.94317330643248,16.3,completed
NYC-01924,2026-09-03 22:16:52.329122,New York,Midtown,40.78736170644048,-73.96460026391262,14.2,completed
NYC-04780,2026-09-03 22:17:00.329122,New York,Queensbridge,40.7075005281742,-73.98712802185462,10.7,completed
NYC-03225,2026-09-03 22:28:54.329122,New York,JFK Airport,40.79799410884815,-73.97038143484035,4.4,completed
NYC-03637,2026-09-03 22:29:05.329122,New York,Staten Island Ferry,40.704406503095576,-73.97886784430267,100.0,completed
NYC-00611,2026-09-03 22:41:52.329122,New York,Williamsburg,40.78793514388,-73.95963114771013,43.6,completed
NYC-00600,2026-09-03 22:44:23.329122,New York,Empire State Building,40.71858285693794,-73.99586710933492,71.6,completed
NYC-03076,2026-09-03 22:44:39.329122,New York,Queensbridge,40.80414071018158,-73.96514243412214,8.6,completed
NYC-01592,2026-09-03 22:50:44.329122,New York,JFK Airport,40.71412337183995,-73.98543828334316,9.3,completed
NYC-02264,2026-09-03 22:57:49.329122,New York,Midtown,40.76677985365907,-73.94746979477229,12.1,completed
NYC-01409,2026-09-03 23:06:24.329122,New York,Central Park,40.79550984085646,-73.93533788310492,39.4,completed
NYC-00034,2026-09-03 23:09:57.329122,New York,Times Square,40.806219523638205,-74.00503702026853,31.0,completed
NYC-01251,2026-09-03 23:34:27.329122,New York,JFK Airport,40.75296745866638,-74.00434203404303,9.3,completed
NYC-04215,2026-09-03 23:45:08.329122,New York,Central Park,40.79020742522612,-73.9903525008363,14.9,completed
NYC-01331,2026-09-04 00:15:51.329122,New York,LaGuardia Airport,40.779112195609954,-73.9554536697658,7.2,completed
NYC-04262,2026-09-04 00:16:17.329122,New York,DUMBO,40.74563082210735,-73.9581349078583,9.3,completed
NYC-03961,2026-09-04 00:30:32.329122,New York,Queensbridge,40.74321846197825,-73.97324483307115,10.7,completed
NYC-01171,2026-09-04 00:30:56.329122,New York,Empire State Building,40.80793047958302,-73.96367429245159,20.5,completed
NYC-04315,2026-09-04 00:39:20.329122,New York,Astoria,40.71948688755449,-74.0110061310651,10.0,completed
NYC-00054,2026-09-04 00:46:28.329122,New York,Harlem,40.76576899766922,-73.98073785762786,9.3,completed
NYC-04204,2026-09-04 00:47:04.329122,New York,Queensbridge,40.711884901531405,-73.93604384007757,11.4,completed
NYC-03655,2026-09-04 00:49:20.329122,New York,Harlem,40.72248932097107,-73.97959794496666,50.6,completed
NYC-00021,2026-09-04 00:50:26.329122,New York,Upper East Side,40.715344324671726,-73.98081433089402,5.1,completed
NYC-04698,2026-09-04 00:54:00.329122,New York,Flushing,40.71522087541926,-73.97212105135563,8.6,completed
NYC-00855,2026-09-04 00:57:07.329122,New York,Staten Island Ferry,40.72097564927301,-73.95138749076636,13.5,completed
NYC-03437,2026-09-04 00:57:36.329122,New York,Williamsburg,40.765653706457655,-74.01800789940734,70.0,completed
NYC-01917,2026-09-04 01:01:17.329122,New York,JFK Airport,40.76523487676055,-73.93802491957092,4.4,completed
NYC-02074,2026-09-04 01:03:53.329122,New York,Downtown Manhattan,40.79675400404467,-73.97466774148863,9.3,completed
NYC-04828,2026-09-04 01:04:44.329122,New York,DUMBO,40.7341339330315,-73.95059775566463,11.4,completed
NYC-03319,2026-09-04 01:08:27.329122,New York,Williamsburg,40.78500905306194,-73.97545154847587,49.2,completed
NYC-00833,2026-09-04 01:13:07.329122,New York,Wall Street,40.71940256851569,-73.981113944344,33.1,completed
NYC-00284,2026-09-04 01:19:53.329122,New York,Central Park,40.76361081550958,-73.97856801641787,5.8,completed
NYC-03405,2026-09-04 01:21:19.329122,New York,Williamsburg,40.78873315583295,-74.0011641014623,12.8,completed
NYC-04050,2026-09-04 01:39:01.329122,New York,Upper East Side,40.802787634262884,-73.94628034064401,20.5,completed
NYC-01078,2026-09-04 01:42:10.329122,New York,Central Park,40.72400792766516,-73.9703458865182,7.2,completed
NYC-03864,2026-09-04 01:42:19.329122,New York,LaGuardia Airport,40.711646175003445,-74.01885191682632,14.2,completed
NYC-04799,2026-09-04 01:48:43.329122,New York,Upper East Side,40.76983973250685,-73.93626839405803,12.8,completed
NYC-02797,2026-09-04 01:55:47.329122,New York,JFK Airport,40.768457759107896,-74.00519271648464,11.4,completed
NYC-00913,2026-09-04 02:12:54.329122,New York,Harlem,40.74503528174104,-73.98229687376863,9.3,completed
NYC-03937,2026-09-04 02:17:24.329122,New York,Staten Island Ferry,40.71762481610742,-73.93958188748515,57.6,completed
NYC-00927,2026-09-04 02:19:01.329122,New York,Central Park,40.7595797636127,-73.95939222439797,8.6,completed
NYC-01851,2026-09-04 02:24:19.329122,New York,Central Park,40.78975416328655,-73.9361658651773,12.1,completed
NYC-00407,2026-09-04 02:34:43.329122,New York,Upper West Side,40.70119214166284,-73.98009048074476,15.6,completed
NYC-01954,2026-09-04 02:40:28.329122,New York,Flushing,40.80981822625323,-73.94625415921303,12.87,completed
NYC-04708,2026-09-04 02:42:43.329122,New York,Wall Street,40.79022786508394,-73.9882810541615,21.2,completed
NYC-00757,2026-09-04 02:51:21.329122,New York,Staten Island Ferry,40.7586807201174,-73.98128715411129,12.1,completed
NYC-01569,2026-09-04 03:04:54.329122,New York,Astoria,40.749694444661095,-73.98217753583732,7.2,completed
NYC-02403,2026-09-04 03:10:42.329122,New York,Midtown,40.73423392445697,-73.98359324279876,14.2,completed
NYC-01047,2026-09-04 03:11:10.329122,New York,Coney Island,40.70268408597122,-73.97444741325748,19.1,completed
NYC-01284,2026-09-04 03:12:43.329122,New York,Central Park,40.73591074390684,-74.00132396541535,10.0,completed
NYC-03450,2026-09-04 03:13:49.329122,New York,Wall Street,40.7500240776808,-73.95938348918645,18.4,completed
NYC-01309,2026-09-04 03:14:09.329122,New York,JFK Airport,40.78963076251212,-73.9472080499949,7.9,completed
NYC-01729,2026-09-04 03:34:59.329122,New York,Brooklyn Heights,40.767674138205415,-73.94734645156065,20.5,completed
NYC-01319,2026-09-04 04:00:26.329122,New York,Williamsburg,40.70663872923897,-74.0173630501207,5.1,completed
NYC-00717,2026-09-04 04:01:34.329122,New York,Brooklyn Heights,40.80615296017332,-73.99266384583974,7.9,completed
NYC-00696,2026-09-04 04:01:44.329122,New York,Downtown Manhattan,40.73174936085643,-73.9796825509256,24.7,completed
NYC-02906,2026-09-04 04:08:57.329122,New York,Downtown Manhattan,40.80703859792696,-74.00826834882567,18.4,completed
NYC-00029,2026-09-04 04:11:16.329122,New York,Empire State Building,40.7051095453992,-74.0090827301795,15.6,completed
NYC-03269,2026-09-04 04:18:29.329122,New York,Coney Island,40.77574947922387,-73.95735717337098,19.8,completed
NYC-01140,2026-09-04 04:25:23.329122,New York,Downtown Manhattan,40.79071490625177,-73.9780262864946,12.1,completed
NYC-00971,2026-09-04 04:31:36.329122,New York,Times Square,40.80305127132573,-74.0019179794283,41.5,completed
NYC-00732,2026-09-04 05:00:29.329122,New York,Coney Island,40.773171694276584,-73.96097613094054,26.52,completed
NYC-03446,2026-09-04 05:02:26.329122,New York,DUMBO,40.78848554656452,-73.9691434945267,7.2,completed
NYC-02795,2026-09-04 05:15:00.329122,New York,Upper East Side,40.765291702891666,-74.0199354827164,4.4,completed
NYC-03281,2026-09-04 05:22:07.329122,New York,Staten Island Ferry,40.72017864160438,-73.9321581858228,10.7,completed
NYC-01411,2026-09-04 05:31:34.329122,New York,Wall Street,40.71231115813375,-73.98829921224363,14.2,completed
NYC-04118,2026-09-04 05:54:36.329122,New York,Coney Island,40.715760960457295,-73.93560118966137,5.1,completed
NYC-02362,2026-09-04 06:10:02.329122,New York,Upper West Side,40.73245447784196,-73.97134501051077,20.5,completed
NYC-03174,2026-09-04 06:10:30.329122,New York,JFK Airport,40.70775411402075,-73.96257165467833,9.3,completed
NYC-01875,2026-09-04 06:11:10.329122,New York,JFK Airport,40.75964609260411,-73.98087896665152,23.3,completed
NYC-01828,2026-09-04 06:12:54.329122,New York,JFK Airport,40.787858561082004,-73.95915162692519,13.5,completed
NYC-02445,2026-09-04 06:16:17.329122,New York,LaGuardia Airport,40.73325665742867,-73.95628469559689,47.8,completed
NYC-01773,2026-09-04 06:24:31.329122,New York,Times Square,40.80508681551544,-74.0051742193527,15.6,completed
NYC-02348,2026-09-04 06:44:09.329122,New York,Downtown Manhattan,40.76530268703294,-73.9564021730426,10.7,completed
NYC-02927,2026-09-04 06:48:22.329122,New York,DUMBO,40.80833442430387,-73.94228576945835,10.7,completed
NYC-02801,2026-09-04 06:51:43.329122,New York,Times Square,40.79986886731576,-74.00892530887687,12.1,completed
NYC-03997,2026-09-04 06:55:44.329122,New York,Brooklyn Heights,40.74340295468508,-73.93200584684571,7.2,completed
NYC-04063,2026-09-04 07:09:56.329122,New York,Williamsburg,40.72783289750123,-73.98465383971983,13.57,completed
NYC-00398,2026-09-04 07:36:29.329122,New York,Broadway,40.782595817457064,-73.9844968548245,70.0,completed
NYC-00295,2026-09-04 07:37:59.329122,New York,Wall Street,40.75744675860603,-74.00790099153674,17.0,completed
NYC-04843,2026-09-04 07:54:30.329122,New York,Upper East Side,40.70474101198432,-73.95607809922654,7.2,completed
NYC-01711,2026-09-04 08:00:38.329122,New York,LaGuardia Airport,40.706748458982176,-73.99911292799204,11.4,completed
NYC-03263,2026-09-04 08:10:33.329122,New York,Upper East Side,40.701993644515035,-74.01802121301645,17.0,completed
NYC-00577,2026-09-04 08:28:59.329122,New York,Broadway,40.801924638767765,-73.93157656774589,21.65,completed
NYC-01077,2026-09-04 08:31:43.329122,New York,DUMBO,40.77476120109624,-73.97103022384545,7.9,completed
NYC-02126,2026-09-04 08:43:07.329122,New York,DUMBO,40.769813840057935,-74.01365853900997,17.7,completed
NYC-01177,2026-09-04 08:58:25.329122,New York,Empire State Building,40.71176787027097,-74.00462676643244,70.0,completed
NYC-04637,2026-09-04 09:11:42.329122,New York,DUMBO,40.772854511260384,-74.01833278809286,5.8,completed
NYC-03279,2026-09-04 09:15:54.329122,New York,Astoria,40.78707140228505,-74.0176197787662,23.3,completed
NYC-00038,2026-09-04 09:18:19.329122,New York,Coney Island,40.77526563291634,-73.95451319760703,26.1,completed
NYC-03190,2026-09-04 09:29:17.329122,New York,Flushing,40.73385754148489,-73.94139476878817,21.9,completed
NYC-04638,2026-09-04 09:31:42.329122,New York,Wall Street,40.782700766055235,-73.98060004552994,33.1,completed
NYC-01596,2026-09-04 09:47:21.329122,New York,Staten Island Ferry,40.73015767332158,-74.00942483438088,13.5,completed
NYC-00518,2026-09-04 10:01:45.329122,New York,Williamsburg,40.808600374224646,-74.00974307015926,9.3,completed
NYC-04790,2026-09-04 10:01:49.329122,New York,Staten Island Ferry,40.71174807744026,-73.99724305191137,12.8,completed
NYC-00299,2026-09-04 10:03:00.329122,New York,Empire State Building,40.70938822114932,-74.01756040128974,15.6,completed
NYC-03529,2026-09-04 10:18:13.329122,New York,Times Square,40.74837145351587,-73.96283587100226,59.7,completed
NYC-03424,2026-09-04 10:23:49.329122,New York,DUMBO,40.79208315906138,-74.00826933487878,18.8,completed
NYC-04365,2026-09-04 10:37:36.329122,New York,Wall Street,40.77331741743624,-73.97453523835361,8.6,completed
NYC-04962,2026-09-04 10:40:14.329122,New York,Downtown Manhattan,40.73211022908476,-73.97641604217013,10.7,completed
NYC-01427,2026-09-04 10:56:48.329122,New York,Williamsburg,40.80469929639656,-73.9509835991964,10.0,completed
NYC-04396,2026-09-04 11:06:02.329122,New York,Downtown Manhattan,40.73262737303728,-74.01916727298077,21.9,completed
NYC-03416,2026-09-04 11:16:57.329122,New York,Coney Island,40.73440557881314,-73.95021314368668,5.1,completed
NYC-03789,2026-09-04 11:31:37.329122,New York,Astoria,40.80786250497668,-73.95986374042378,7.9,completed
NYC-03975,2026-09-04 11:35:23.329122,New York,Empire State Building,40.799466762054834,-73.97011096617247,5.1,completed
NYC-00185,2026-09-04 11:54:48.329122,New York,JFK Airport,40.77259824506376,-73.93527990464918,7.9,completed
NYC-01700,2026-09-04 12:26:48.329122,New York,Upper West Side,40.806240437726856,-73.96859083740236,17.0,completed
NYC-04584,2026-09-04 12:44:46.329122,New York,JFK Airport,40.77608212170532,-73.93505899997129,9.3,completed
NYC-03746,2026-09-04 12:46:19.329122,New York,DUMBO,40.772987595330484,-74.00654056132987,6.5,completed
NYC-04145,2026-09-04 13:05:49.329122,New York,Harlem,40.77147668514407,-73.98300575257996,48.5,completed
NYC-02127,2026-09-04 13:20:17.329122,New York,Upper West Side,40.71825503848254,-73.9949670723596,19.1,completed
NYC-03688,2026-09-04 13:26:29.329122,New York,Midtown,40.707278170771794,-73.9999344992298,4.4,completed
NYC-03598,2026-09-04 13:29:44.329122,New York,Harlem,40.74093905807716,-73.97315315197227,8.6,completed
NYC-01967,2026-09-04 13:35:33.329122,New York,DUMBO,40.739845898581756,-73.98740365574852,21.9,completed
NYC-02128,2026-09-04 13:51:45.329122,New York,Staten Island Ferry,40.79701205341351,-73.99079440157479,19.8,completed
NYC-04840,2026-09-04 13:52:06.329122,New York,Williamsburg,40.805121441399315,-73.94269122480712,5.8,completed
NYC-03289,2026-09-04 14:12:59.329122,New York,Brooklyn Heights,40.72238200167474,-73.97406465507862,14.2,completed
NYC-01791,2026-09-04 14:30:16.329122,New York,Wall Street,40.781117714559365,-73.99268464817668,41.5,completed
NYC-04702,2026-09-04 14:38:27.329122,New York,DUMBO,40.772946087387275,-73.9555928004498,60.4,completed
NYC-02849,2026-09-04 14:47:56.329122,New York,Upper West Side,40.73944363076774,-74.01877241387477,11.4,completed
NYC-02878,2026-09-04 15:03:42.329122,New York,Upper East Side,40.76502433335844,-73.9617499944942,16.3,completed
NYC-04535,2026-09-04 15:15:23.329122,New York,Queensbridge,40.76467907924103,-73.98032303985677,7.9,completed
NYC-02755,2026-09-04 15:25:30.329122,New York,Empire State Building,40.73195549562386,-73.95264622755147,12.8,completed
NYC-03551,2026-09-04 15:35:48.329122,New York,Staten Island Ferry,40.7150863336968,-74.0118067316549,24.0,completed
NYC-02210,2026-09-04 15:48:41.329122,New York,Upper West Side,40.782935809395646,-73.97893148615042,14.2,completed
NYC-04981,2026-09-04 15:49:36.329122,New York,Coney Island,40.72665890646505,-73.96570069909198,15.41,completed
NYC-00733,2026-09-04 15:51:44.329122,New York,Broadway,40.757537196724606,-73.97164518936988,28.9,completed
NYC-00728,2026-09-04 16:16:59.329122,New York,Flushing,40.722179005205255,-74.0049836279615,18.4,completed
NYC-02374,2026-09-04 16:19:57.329122,New York,Central Park,40.77402632846339,-74.00911354039853,14.9,completed
NYC-00333,2026-09-04 16:24:29.329122,New York,DUMBO,40.71276799045577,-73.99271021945401,10.0,completed
NYC-02150,2026-09-04 16:45:20.329122,New York,Central Park,40.7368728852108,-73.95070237436141,10.7,completed
NYC-01343,2026-09-04 16:53:55.329122,New York,LaGuardia Airport,40.7799885976743,-73.945793463718,7.9,completed
NYC-00359,2026-09-04 16:56:01.329122,New York,Upper West Side,40.76330215956635,-73.97515002745352,70.0,completed
NYC-04036,2026-09-04 17:18:16.329122,New York,Upper West Side,40.80750079258231,-74.01032921052023,10.0,completed
NYC-02646,2026-09-04 17:42:09.329122,New York,Staten Island Ferry,40.805247979703275,-73.9736885995359,12.8,completed
NYC-00417,2026-09-04 17:57:08.329122,New York,Wall Street,40.736153099990695,-73.99159301061695,12.1,completed
NYC-00088,2026-09-04 18:12:30.329122,New York,Williamsburg,40.7975934016834,-73.96808728723256,6.5,completed
NYC-01736,2026-09-04 18:14:29.329122,New York,Broadway,40.74947631137035,-73.93506032916898,29.6,completed
NYC-02634,2026-09-04 18:16:54.329122,New York,Upper West Side,40.77843506556978,-73.95993839532547,12.1,completed
NYC-04639,2026-09-04 18:23:59.329122,New York,LaGuardia Airport,40.78931408581017,-74.01805357067843,7.2,completed
NYC-01477,2026-09-04 18:34:48.329122,New York,Broadway,40.78385136482543,-74.00946420283162,10.0,completed
NYC-03578,2026-09-04 18:36:36.329122,New York,Midtown,40.781580559701965,-73.98899446959453,24.0,completed
NYC-01976,2026-09-04 18:53:14.329122,New York,Broadway,40.72852264347524,-73.95261950422741,11.4,completed
NYC-03834,2026-09-04 18:57:20.329122,New York,Central Park,40.75050364256154,-73.93507913045588,16.3,completed
NYC-00362,2026-09-04 19:03:46.329122,New York,Empire State Building,40.75040781795407,-73.97105916366475,86.0,completed
NYC-04413,2026-09-04 19:05:03.329122,New York,Harlem,40.77060014684816,-74.0100645189175,12.1,completed
NYC-04949,2026-09-04 19:07:31.329122,New York,Williamsburg,40.792954361378634,-73.98038663974982,10.0,completed
NYC-00261,2026-09-04 19:15:00.329122,New York,LaGuardia Airport,40.808905923511475,-73.9456181851457,8.6,completed
NYC-04715,2026-09-04 19:24:53.329122,New York,Broadway,40.735293999702485,-73.97510340786302,5.8,completed
NYC-01512,2026-09-04 19:28:34.329122,New York,Coney Island,40.80510760655505,-73.94390402702436,10.0,completed
NYC-01307,2026-09-04 19:50:29.329122,New York,JFK Airport,40.78819008913768,-73.98693935362505,10.0,completed
NYC-00954,2026-09-04 19:59:45.329122,New York,Broadway,40.74606475773813,-74.01596254981351,14.2,completed
NYC-00868,2026-09-04 20:11:08.329122,New York,Central Park,40.79479641831149,-73.94681721959665,10.7,completed
NYC-01940,2026-09-04 20:24:48.329122,New York,Downtown Manhattan,40.70644060221684,-73.94692290318483,12.8,completed
NYC-03352,2026-09-04 20:28:45.329122,New York,JFK Airport,40.79986223652719,-73.94328050029223,14.9,completed
NYC-00411,2026-09-04 20:31:39.329122,New York,Times Square,40.80450681637559,-73.99538729361625,12.8,completed
NYC-00908,2026-09-04 20:37:16.329122,New York,Queensbridge,40.728536577677446,-74.00015765671006,6.5,completed
NYC-04253,2026-09-04 20:42:03.329122,New York,Astoria,40.755652481975154,-73.9926260270963,19.8,completed
NYC-04723,2026-09-04 20:57:56.329122,New York,Central Park,40.746056465766046,-73.95376581472563,70.0,completed
NYC-02722,2026-09-04 21:14:30.329122,New York,JFK Airport,40.78584137359281,-74.01951859101752,7.9,completed
NYC-04819,2026-09-04 21:18:57.329122,New York,Staten Island Ferry,40.72191416544208,-73.98822957241254,10.0,completed
NYC-04688,2026-09-04 21:33:01.329122,New York,Queensbridge,40.75986830707168,-73.98552087097684,8.6,completed
NYC-04621,2026-09-04 22:05:39.329122,New York,Flushing,40.78411160454234,-74.01356472781015,13.5,completed
NYC-04184,2026-09-04 22:08:10.329122,New York,DUMBO,40.71465309165503,-73.95681125304586,9.3,completed
NYC-04046,2026-09-04 22:08:37.329122,New York,Broadway,40.73633131342523,-73.98424952233904,23.5,completed
NYC-01609,2026-09-04 22:08:42.329122,New York,Empire State Building,40.7594013106065,-73.99224830904915,6.5,completed
NYC-00175,2026-09-04 22:09:24.329122,New York,Times Square,40.71918030719055,-73.94650102811185,10.0,completed
NYC-01883,2026-09-04 22:09:56.329122,New York,Queensbridge,40.78372336907475,-73.97810617248042,15.6,completed
NYC-00856,2026-09-04 22:13:54.329122,New York,Empire State Building,40.704020463463294,-74.00705114601492,7.2,completed
NYC-03288,2026-09-04 22:25:14.329122,New York,Midtown,40.79919514314009,-74.01329405843632,12.8,completed
NYC-04047,2026-09-04 22:27:31.329122,New York,Central Park,40.7620654998353,-73.96858119861102,7.2,completed
NYC-00162,2026-09-04 22:31:58.329122,New York,JFK Airport,40.7696882681837,-73.99064467712846,10.7,completed
NYC-00305,2026-09-04 22:38:49.329122,New York,Astoria,40.80734372874088,-73.9718011774212,10.7,completed
NYC-03228,2026-09-04 22:44:04.329122,New York,Empire State Building,40.71158800329295,-73.96696015195471,14.9,completed
NYC-03695,2026-09-04 22:45:21.329122,New York,Broadway,40.70331142594325,-73.9654816459577,7.9,completed
NYC-00098,2026-09-04 22:47:37.329122,New York,Empire State Building,40.70279610394185,-73.98204586442267,9.3,completed
NYC-00635,2026-09-04 23:00:29.329122,New York,JFK Airport,40.74921536035058,-74.01486978512033,10.0,completed
NYC-01897,2026-09-04 23:17:39.329122,New York,Upper West Side,40.7206827208077,-74.01967093197898,9.3,completed
NYC-01367,2026-09-04 23:26:07.329122,New York,Times Square,40.79999357727322,-74.00521565954897,14.9,completed
NYC-00931,2026-09-04 23:31:27.329122,New York,DUMBO,40.79184232604793,-73.99021767107978,9.3,completed
NYC-00629,2026-09-04 23:43:40.329122,New York,JFK Airport,40.727768063877846,-74.01177820815488,26.8,completed
NYC-04787,2026-09-04 23:44:19.329122,New York,Coney Island,40.79958288989116,-74.00099577663113,18.4,completed
NYC-03952,2026-09-04 23:47:30.329122,New York,Astoria,40.80721596556534,-74.0195208228486,10.7,completed
NYC-04238,2026-09-04 23:59:49.329122,New York,Queensbridge,40.77723181995252,-73.9753402468459,10.0,completed
NYC-01243,2026-09-05 00:18:51.329122,New York,Upper West Side,40.79292615509286,-73.95335414309035,7.2,completed
NYC-03590,2026-09-05 00:29:13.329122,New York,Upper East Side,40.804658930822946,-73.94373804514817,5.8,completed
NYC-02964,2026-09-05 00:31:29.329122,New York,Wall Street,40.794219094612274,-73.96615245318736,15.6,completed
NYC-01126,2026-09-05 00:52:24.329122,New York,Downtown Manhattan,40.70956854359026,-73.97412465322407,7.9,completed
NYC-04494,2026-09-05 00:52:47.329122,New York,Queensbridge,40.780852770480884,-73.9617636850367,12.1,completed
NYC-02412,2026-09-05 01:01:06.329122,New York,Broadway,40.75341486696254,-73.99712674478849,16.3,completed
NYC-03001,2026-09-05 01:21:06.329122,New York,Upper West Side,40.787634953691054,-73.95814452960282,15.64,completed
NYC-04861,2026-09-05 01:22:05.329122,New York,Midtown,40.788909503233796,-73.9730560438308,19.1,completed
NYC-02466,2026-09-05 01:29:05.329122,New York,Astoria,40.743465151759075,-73.94470418106691,18.4,completed
NYC-04248,2026-09-05 01:30:23.329122,New York,Empire State Building,40.76429974245854,-74.00205572628904,13.5,completed
NYC-04320,2026-09-05 01:32:59.329122,New York,Staten Island Ferry,40.763870974850064,-74.00113051700994,6.5,completed
NYC-02534,2026-09-05 01:33:03.329122,New York,JFK Airport,40.78116564704177,-73.94436015245087,33.8,completed
NYC-03261,2026-09-05 01:33:38.329122,New York,Williamsburg,40.75585855703547,-74.0034887903717,14.9,completed
NYC-03573,2026-09-05 01:49:05.329122,New York,Broadway,40.80883962440616,-73.99582783561003,12.1,completed
NYC-02941,2026-09-05 01:53:27.329122,New York,Empire State Building,40.766170926722985,-73.96230945484113,8.6,completed
NYC-03799,2026-09-05 02:07:38.329122,New York,Harlem,40.76247717270477,-73.97710415893205,11.4,completed
NYC-02590,2026-09-05 02:10:08.329122,New York,Broadway,40.790478827382266,-74.00271853741289,14.2,completed
NYC-03890,2026-09-05 02:18:42.329122,New York,Empire State Building,40.78276376705342,-73.99547795343702,18.01,completed
NYC-04940,2026-09-05 02:47:50.329122,New York,Upper East Side,40.7376033946109,-73.93552729637995,34.5,completed
NYC-00737,2026-09-05 02:48:34.329122,New York,Williamsburg,40.78982593834188,-73.99605087683165,6.5,completed
NYC-01679,2026-09-05 02:49:18.329122,New York,Upper East Side,40.77644461977928,-73.97251783398173,19.8,completed
NYC-04895,2026-09-05 02:51:20.329122,New York,Wall Street,40.70886388935152,-74.01097827667591,21.2,completed
NYC-03957,2026-09-05 03:03:00.329122,New York,Flushing,40.74615901210875,-73.94336639956174,5.8,completed
NYC-04660,2026-09-05 03:06:45.329122,New York,Wall Street,40.75622250023385,-73.96957826825953,17.0,completed
NYC-00486,2026-09-05 03:10:41.329122,New York,Wall Street,40.704999101837565,-73.99973550782056,7.9,completed
NYC-04282,2026-09-05 03:31:12.329122,New York,Broadway,40.722971402904406,-73.9550639398141,10.0,completed
NYC-01866,2026-09-05 03:33:18.329122,New York,Astoria,40.70474911093768,-73.98464448311667,19.8,completed
NYC-00911,2026-09-05 03:40:54.329122,New York,Times Square,40.72948700049052,-73.93660731551036,16.3,completed
NYC-03919,2026-09-05 03:50:16.329122,New York,Downtown Manhattan,40.78859730473506,-73.96862322770102,31.7,completed
NYC-02733,2026-09-05 03:54:03.329122,New York,LaGuardia Airport,40.805356878108704,-73.94708739183291,21.2,completed
NYC-00620,2026-09-05 04:06:37.329122,New York,Staten Island Ferry,40.720297312129205,-74.01083091122744,70.0,completed
NYC-04389,2026-09-05 04:23:06.329122,New York,Times Square,40.70484724477274,-73.97057703862828,19.8,completed
NYC-01490,2026-09-05 04:26:09.329122,New York,Midtown,40.72612985439618,-73.96565865184425,12.1,completed
NYC-03644,2026-09-05 04:54:22.329122,New York,Brooklyn Heights,40.78366332067009,-73.9717426948646,18.4,completed
NYC-04619,2026-09-05 04:58:22.329122,New York,Staten Island Ferry,40.794456793336906,-74.00285887026729,12.1,completed
NYC-00222,2026-09-05 05:04:43.329122,New York,DUMBO,40.71030422446109,-74.00487819530265,29.5,completed
NYC-02237,2026-09-05 05:11:40.329122,New York,Brooklyn Heights,40.72038631974816,-73.94180790137641,11.4,completed
NYC-00057,2026-09-05 05:14:48.329122,New York,Times Square,40.721558114866106,-73.99509212812438,15.6,completed
NYC-02979,2026-09-05 05:20:11.329122,New York,Flushing,40.80672828206987,-73.95617373665851,45.0,completed
NYC-01532,2026-09-05 05:21:03.329122,New York,DUMBO,40.77877657416455,-73.9366426312227,17.0,completed
NYC-02601,2026-09-05 05:24:30.329122,New York,Williamsburg,40.70597652383052,-74.00409859172413,26.8,completed
NYC-01074,2026-09-05 05:25:53.329122,New York,Astoria,40.80864946287097,-73.99236210309758,3.0,completed
NYC-00655,2026-09-05 06:07:22.329122,New York,Coney Island,40.71403383330752,-74.00831286879239,12.8,completed
NYC-03388,2026-09-05 06:09:22.329122,New York,DUMBO,40.70428772527273,-73.96644582895686,7.9,completed
NYC-00798,2026-09-05 06:16:01.329122,New York,Astoria,40.77663159062646,-73.93320820893676,23.5,completed
NYC-01345,2026-09-05 06:18:17.329122,New York,Staten Island Ferry,40.74680426678929,-74.01342234180764,14.2,completed
NYC-03550,2026-09-05 06:24:38.329122,New York,Broadway,40.788418537953184,-73.93768740083004,70.0,completed
NYC-02966,2026-09-05 06:24:57.329122,New York,Williamsburg,40.779976243777696,-73.99525939075686,12.1,completed
NYC-01434,2026-09-05 06:33:04.329122,New York,Coney Island,40.7153616380232,-73.95028126421863,8.6,completed
NYC-01370,2026-09-05 06:45:08.329122,New York,Williamsburg,40.806853460344584,-73.96023889947392,9.3,completed
NYC-01131,2026-09-05 07:09:34.329122,New York,Midtown,40.754546330858666,-73.95193209127177,31.7,completed
NYC-02118,2026-09-05 07:12:17.329122,New York,Wall Street,40.709181049348835,-73.95766844799302,16.85,completed
NYC-04144,2026-09-05 07:20:53.329122,New York,JFK Airport,40.80102372962897,-73.95394716667411,8.6,completed
NYC-03316,2026-09-05 07:26:02.329122,New York,Astoria,40.753238830499775,-73.94197530614525,6.5,completed
NYC-00689,2026-09-05 07:43:15.329122,New York,Brooklyn Heights,40.72057481234133,-73.96186648962792,14.2,completed
NYC-00945,2026-09-05 07:45:42.329122,New York,Brooklyn Heights,40.70120954115244,-73.98925866516716,10.0,completed
NYC-03028,2026-09-05 07:50:42.329122,New York,Astoria,40.7738627063534,-73.9728007288728,14.9,completed
NYC-00510,2026-09-05 08:28:25.329122,New York,Times Square,40.76747567155294,-74.00800441677261,10.0,completed
NYC-02785,2026-09-05 08:30:21.329122,New York,JFK Airport,40.72661748433488,-73.97597053761807,14.2,completed
NYC-01946,2026-09-05 08:31:53.329122,New York,Empire State Building,40.74842188977511,-74.00771472891248,14.9,completed
NYC-00890,2026-09-05 08:43:54.329122,New York,LaGuardia Airport,40.779449362504124,-73.95531706606245,52.7,completed
NYC-04153,2026-09-05 08:50:18.329122,New York,Williamsburg,40.73922557935848,-73.97535320693495,58.3,completed
NYC-02309,2026-09-05 09:00:29.329122,New York,Times Square,40.73797454570819,-74.0171907795695,28.65,completed
NYC-03536,2026-09-05 09:11:41.329122,New York,Wall Street,40.72821093671185,-74.00773744914171,40.64,completed
NYC-02552,2026-09-05 09:14:58.329122,New York,DUMBO,40.788905873101015,-73.96042271444945,8.6,completed
NYC-01941,2026-09-05 09:22:50.329122,New York,Midtown,40.73676621505657,-73.9419563064099,8.6,completed
NYC-02444,2026-09-05 09:33:06.329122,New York,Harlem,40.74844854853437,-73.98943054415668,5.1,completed
NYC-04217,2026-09-05 09:38:07.329122,New York,Midtown,40.75479429379029,-73.93802845625412,7.9,completed
NYC-01932,2026-09-05 09:46:56.329122,New York,Staten Island Ferry,40.76167261038578,-73.98155987982226,44.3,completed
NYC-04160,2026-09-05 09:50:57.329122,New York,Upper West Side,40.756590746051394,-73.93819171972767,14.2,completed
NYC-00414,2026-09-05 09:54:02.329122,New York,Queensbridge,40.76950209333868,-74.0155634956512,6.5,completed
NYC-02921,2026-09-05 09:56:08.329122,New York,Upper West Side,40.77838834664084,-73.95591352069769,20.5,completed
NYC-02543,2026-09-05 09:59:01.329122,New York,Coney Island,40.76749645256612,-73.93097049849216,70.0,completed
NYC-03980,2026-09-05 10:07:34.329122,New York,Queensbridge,40.79155998936271,-73.95206147239823,17.0,completed
NYC-04053,2026-09-05 10:10:10.329122,New York,Downtown Manhattan,40.7611809761893,-73.99164925523291,31.7,completed
NYC-01708,2026-09-05 10:11:12.329122,New York,Times Square,40.768154675038765,-73.96046804152087,17.7,completed
NYC-03154,2026-09-05 10:24:47.329122,New York,Midtown,40.74868000662963,-73.9484434406937,45.7,completed
NYC-02170,2026-09-05 10:39:41.329122,New York,Central Park,40.775495991635474,-73.97652872984405,10.0,completed
NYC-02100,2026-09-05 10:51:19.329122,New York,Empire State Building,40.800659907524775,-74.01917510048345,10.7,completed
NYC-02224,2026-09-05 10:52:47.329122,New York,Queensbridge,40.70136444399051,-73.93944233445104,10.7,completed
NYC-03731,2026-09-05 10:53:05.329122,New York,Upper West Side,40.806488401959584,-73.9531000377791,26.1,completed
NYC-04474,2026-09-05 10:54:49.329122,New York,Williamsburg,40.77361409329174,-73.93736261573845,14.2,completed
NYC-01163,2026-09-05 10:59:53.329122,New York,Flushing,40.78178590819208,-73.98649236112843,28.2,completed
NYC-02637,2026-09-05 11:18:53.329122,New York,Empire State Building,40.78371415692759,-73.96390170096169,12.1,completed
NYC-02356,2026-09-05 11:32:17.329122,New York,Harlem,40.79926986380144,-73.93135638024027,14.2,completed
NYC-01358,2026-09-05 11:32:29.329122,New York,Harlem,40.73045105769586,-73.93494846151764,70.0,completed
NYC-04929,2026-09-05 11:49:32.329122,New York,Flushing,40.80111288341591,-73.93958868512496,20.5,completed
NYC-03615,2026-09-05 11:51:33.329122,New York,JFK Airport,40.70957189401331,-73.93446582236662,13.5,completed
NYC-02559,2026-09-05 12:04:08.329122,New York,Harlem,40.75506866948775,-73.94704565365659,10.7,completed
NYC-04774,2026-09-05 12:14:15.329122,New York,Downtown Manhattan,40.73710636697304,-73.94855476790663,17.0,completed
NYC-03508,2026-09-05 12:37:57.329122,New York,Harlem,40.793212672362856,-73.93756512964414,9.3,completed
NYC-04336,2026-09-05 12:51:41.329122,New York,Central Park,40.76594072536246,-73.96305906686428,70.0,completed
NYC-03766,2026-09-05 12:58:56.329122,New York,Downtown Manhattan,40.76556901507622,-73.948723508698,24.0,completed
NYC-02326,2026-09-05 13:01:20.329122,New York,Wall Street,40.79033181108053,-74.00068916619165,21.9,completed
NYC-04537,2026-09-05 13:07:35.329122,New York,Wall Street,40.767696285780296,-73.95029703226517,21.9,completed
NYC-02985,2026-09-05 13:17:10.329122,New York,Broadway,40.80637388027818,-73.94961983569655,23.3,completed
NYC-04246,2026-09-05 13:38:03.329122,New York,Wall Street,40.72759670098798,-73.97597231338175,7.2,completed
NYC-02394,2026-09-05 13:53:21.329122,New York,Wall Street,40.79791067387022,-73.9949604531638,7.9,completed
NYC-01702,2026-09-05 13:54:55.329122,New York,DUMBO,40.73429977463938,-73.98589396811687,7.2,completed
NYC-02527,2026-09-05 14:11:02.329122,New York,DUMBO,40.805319282094196,-73.97071455094117,5.8,completed
NYC-03002,2026-09-05 14:12:24.329122,New York,Harlem,40.727551468867176,-74.0113821221203,27.5,completed
NYC-01829,2026-09-05 14:24:40.329122,New York,Brooklyn Heights,40.732210424037106,-73.98354990112712,70.0,completed
NYC-03030,2026-09-05 14:38:15.329122,New York,Brooklyn Heights,40.721889135285544,-73.98818702723844,6.5,completed
NYC-04624,2026-09-05 14:40:13.329122,New York,LaGuardia Airport,40.80395264710386,-73.98522009841622,23.3,completed
NYC-02375,2026-09-05 14:47:24.329122,New York,Upper East Side,40.7302919291681,-74.01291720923241,8.6,completed
NYC-02780,2026-09-05 14:59:31.329122,New York,JFK Airport,40.705497693152566,-73.97900484743028,9.3,completed
NYC-03906,2026-09-05 15:11:12.329122,New York,Broadway,40.75655049868064,-73.96257970883055,7.9,completed
NYC-00169,2026-09-05 15:14:10.329122,New York,JFK Airport,40.76499822375071,-73.95078449801562,13.5,completed
NYC-00670,2026-09-05 15:34:45.329122,New York,Central Park,40.71907109548243,-73.94342325184101,54.8,completed
NYC-00821,2026-09-05 15:56:08.329122,New York,Harlem,40.70050952253051,-73.97987020421262,8.6,completed
NYC-04272,2026-09-05 15:59:00.329122,New York,Wall Street,40.7166575545807,-73.96026659689664,30.3,completed
NYC-02225,2026-09-05 16:02:42.329122,New York,Upper West Side,40.7515644762011,-73.9325151872839,9.3,completed
NYC-02481,2026-09-05 16:21:10.329122,New York,Harlem,40.796479963912006,-74.00755789909293,17.0,completed
NYC-02912,2026-09-05 16:50:24.329122,New York,Midtown,40.780227927349685,-73.97162556216941,12.8,completed
NYC-04704,2026-09-05 16:50:36.329122,New York,Broadway,40.74566602193921,-73.98885034832958,51.3,completed
NYC-03580,2026-09-05 17:07:03.329122,New York,JFK Airport,40.75314989496451,-73.99570237268301,15.6,completed
NYC-03999,2026-09-05 17:31:56.329122,New York,Coney Island,40.71775040942273,-73.93612502743112,8.6,completed
NYC-01472,2026-09-05 18:01:55.329122,New York,Staten Island Ferry,40.79663671174315,-73.96172321839869,7.2,completed
NYC-04465,2026-09-05 18:02:18.329122,New York,Harlem,40.74356010630242,-73.93408261131943,13.5,completed
NYC-01644,2026-09-05 18:11:48.329122,New York,Staten Island Ferry,40.70980368753276,-73.99590984065252,16.3,completed
NYC-00797,2026-09-05 18:19:45.329122,New York,DUMBO,40.76216465019481,-73.93203056342165,36.6,completed
NYC-03163,2026-09-05 18:38:08.329122,New York,Midtown,40.75528943668932,-73.97671525527241,6.5,completed
NYC-00512,2026-09-05 18:38:21.329122,New York,Wall Street,40.802600133168944,-73.94190681118728,10.0,completed
NYC-01445,2026-09-05 18:51:07.329122,New York,Williamsburg,40.719486476839215,-73.97147255852855,12.1,completed
NYC-01611,2026-09-05 18:51:50.329122,New York,Midtown,40.771596510595195,-73.9512313972079,34.5,completed
NYC-00709,2026-09-05 18:52:53.329122,New York,Astoria,40.77496529944464,-73.93837130334056,11.4,completed
NYC-03244,2026-09-05 18:57:25.329122,New York,Queensbridge,40.77723607058,-73.99003447777339,70.0,completed
NYC-02313,2026-09-05 19:54:11.329122,New York,Downtown Manhattan,40.77724846426349,-73.98736751086648,10.7,completed
NYC-01073,2026-09-05 19:55:19.329122,New York,Brooklyn Heights,40.70196613282068,-73.97853944875105,10.96,completed
NYC-01455,2026-09-05 20:08:42.329122,New York,Empire State Building,40.80240435650577,-74.00278820838315,19.8,completed
NYC-02960,2026-09-05 20:27:41.329122,New York,Staten Island Ferry,40.721476466325214,-73.94090069686784,70.0,completed
NYC-02250,2026-09-05 20:28:51.329122,New York,Williamsburg,40.71032430133057,-73.94319438398168,30.3,completed
NYC-00302,2026-09-05 20:30:47.329122,New York,DUMBO,40.75946986337711,-73.95142990950603,19.8,completed
NYC-01281,2026-09-05 20:33:35.329122,New York,Broadway,40.77727114675985,-73.96936101193876,6.5,completed
NYC-04405,2026-09-05 20:51:16.329122,New York,Flushing,40.77527456738179,-73.9833543635261,28.9,completed
NYC-03739,2026-09-05 20:57:47.329122,New York,Downtown Manhattan,40.76356802239635,-73.96683216507823,6.5,completed
NYC-02482,2026-09-05 21:09:32.329122,New York,Midtown,40.803844630320796,-73.98044811630774,23.3,completed
NYC-02519,2026-09-05 21:11:02.329122,New York,Downtown Manhattan,40.77949776534681,-74.01492563315321,20.5,completed
NYC-03886,2026-09-05 21:19:38.329122,New York,Upper East Side,40.80080625989853,-73.95476162317782,18.5,completed
NYC-04873,2026-09-05 21:20:42.329122,New York,LaGuardia Airport,40.72612316356864,-74.00111217904488,10.0,completed
NYC-00660,2026-09-05 21:26:26.329122,New York,Upper East Side,40.739170639848766,-74.00343088089751,8.6,completed
NYC-01943,2026-09-05 21:27:19.329122,New York,Midtown,40.777844902821506,-74.01577320198331,10.0,completed
NYC-00266,2026-09-05 21:32:50.329122,New York,LaGuardia Airport,40.77667173150948,-73.99382108311916,25.4,completed
NYC-03512,2026-09-05 22:05:42.329122,New York,Astoria,40.807287744682704,-73.95586587334314,26.8,completed
NYC-04862,2026-09-05 22:09:29.329122,New York,DUMBO,40.707594063060256,-73.93600512288589,17.7,completed
NYC-02987,2026-09-05 22:13:07.329122,New York,Broadway,40.7555275158135,-73.97920644047268,19.8,completed
NYC-02824,2026-09-05 22:22:47.329122,New York,Wall Street,40.735383698862556,-73.9793524904033,12.8,completed
NYC-00488,2026-09-05 22:28:40.329122,New York,Midtown,40.80454526324842,-73.96512862825519,7.2,completed
NYC-03122,2026-09-05 22:29:39.329122,New York,DUMBO,40.706877892531715,-74.00938551926131,8.6,completed
NYC-00293,2026-09-05 22:30:15.329122,New York,Williamsburg,40.739620970555244,-74.01803379592124,28.2,completed
NYC-00893,2026-09-05 22:33:16.329122,New York,Midtown,40.743690188258036,-74.00269158044941,8.6,completed
NYC-03684,2026-09-05 22:42:40.329122,New York,Wall Street,40.77451324428778,-73.98967702782309,37.3,completed
NYC-02625,2026-09-05 22:47:54.329122,New York,Coney Island,40.806048625813915,-73.96144541290731,5.1,completed
NYC-04868,2026-09-05 23:03:00.329122,New York,Coney Island,40.76561137829549,-73.9380281880056,10.0,completed
NYC-03697,2026-09-05 23:08:43.329122,New York,LaGuardia Airport,40.77346546973709,-73.96694762772161,10.7,completed
NYC-04976,2026-09-05 23:21:44.329122,New York,Coney Island,40.713579485239144,-73.97631895925791,33.8,completed
NYC-04209,2026-09-05 23:59:42.329122,New York,Queensbridge,40.7062729605404,-73.96752832173003,44.3,completed
NYC-04049,2026-09-06 00:12:53.329122,New York,Brooklyn Heights,40.722168121580694,-73.9734937559554,44.3,completed
NYC-04856,2026-09-06 00:15:28.329122,New York,LaGuardia Airport,40.716062312122666,-74.01293255326526,10.0,completed
NYC-04685,2026-09-06 00:27:41.329122,New York,Flushing,40.74324339780278,-73.97944757564655,5.1,completed
NYC-03162,2026-09-06 00:28:44.329122,New York,LaGuardia Airport,40.73311506856178,-73.98214327868091,10.0,completed
NYC-00926,2026-09-06 00:29:59.329122,New York,Downtown Manhattan,40.72955450953235,-73.95008607694838,16.3,completed
NYC-00641,2026-09-06 00:32:20.329122,New York,Wall Street,40.73542870821415,-73.94624538831526,23.3,completed
NYC-03772,2026-09-06 00:35:43.329122,New York,Brooklyn Heights,40.73783534552135,-73.96993872453768,13.5,completed
NYC-02540,2026-09-06 00:50:10.329122,New York,Wall Street,40.77243945672371,-74.0027314134036,8.6,completed
NYC-03863,2026-09-06 01:05:58.329122,New York,Empire State Building,40.72808700111396,-73.96459380429852,15.6,completed
NYC-03222,2026-09-06 01:09:04.329122,New York,Astoria,40.70919097712618,-74.01121431155184,6.5,completed
NYC-01832,2026-09-06 01:10:21.329122,New York,Upper West Side,40.7640664924028,-73.97396269232715,15.6,completed
NYC-04254,2026-09-06 01:21:14.329122,New York,Midtown,40.71781153072955,-73.95062669305021,49.9,completed
NYC-00875,2026-09-06 01:21:24.329122,New York,Empire State Building,40.717176785710286,-73.99675296137852,38.0,completed
NYC-04725,2026-09-06 01:28:51.329122,New York,LaGuardia Airport,40.70002497420401,-73.9330439777649,26.8,completed
NYC-03158,2026-09-06 01:40:17.329122,New York,Astoria,40.79072175610818,-73.98379347897313,27.5,completed
NYC-03150,2026-09-06 01:42:29.329122,New York,Coney Island,40.76932719414018,-73.97192016310619,12.8,completed
NYC-01116,2026-09-06 01:44:09.329122,New York,Brooklyn Heights,40.71006355211376,-73.96069883740826,5.1,completed
NYC-00984,2026-09-06 01:59:01.329122,New York,Central Park,40.780100763182396,-74.0071244242549,5.8,completed
NYC-04492,2026-09-06 01:59:45.329122,New York,Queensbridge,40.76241300385717,-73.98863698217839,5.8,completed
NYC-04414,2026-09-06 02:01:41.329122,New York,LaGuardia Airport,40.74518676909996,-73.97789778291664,70.0,completed
NYC-01695,2026-09-06 02:10:07.329122,New York,Staten Island Ferry,40.70749895403241,-73.95332051139502,7.2,completed
NYC-04737,2026-09-06 02:11:30.329122,New York,Staten Island Ferry,40.73837150982045,-74.01834798480587,7.2,completed
NYC-01705,2026-09-06 02:15:57.329122,New York,Wall Street,40.71162311526879,-73.94638328550857,7.9,completed
NYC-01694,2026-09-06 02:16:42.329122,New York,DUMBO,40.74042878645207,-73.96943107393827,70.0,completed
NYC-03177,2026-09-06 02:17:48.329122,New York,Midtown,40.79698596730279,-73.95425368113763,28.9,completed
NYC-04271,2026-09-06 02:20:03.329122,New York,Times Square,40.80500225217447,-73.97303039842653,10.0,completed
NYC-03392,2026-09-06 02:23:10.329122,New York,Harlem,40.79769300078274,-73.93366881082086,7.9,completed
NYC-04386,2026-09-06 02:23:58.329122,New York,Wall Street,40.805577012244534,-73.93787634511928,12.1,completed
NYC-04448,2026-09-06 02:24:25.329122,New York,Empire State Building,40.736761198559044,-73.99091253412081,32.4,completed
NYC-02145,2026-09-06 02:24:49.329122,New York,Upper East Side,40.790380058748156,-73.95520364145675,10.7,completed
NYC-03436,2026-09-06 02:25:13.329122,New York,JFK Airport,40.72517630087319,-73.97949142582682,18.4,completed
NYC-02037,2026-09-06 02:46:02.329122,New York,Williamsburg,40.716637151160846,-73.9796230667544,38.0,completed
NYC-00239,2026-09-06 02:48:17.329122,New York,Queensbridge,40.71948217473478,-73.98685749033444,7.9,completed
NYC-00105,2026-09-06 02:54:27.329122,New York,Coney Island,40.727422145206376,-74.0104038742957,17.0,completed
NYC-02871,2026-09-06 03:06:27.329122,New York,Flushing,40.804110216446546,-74.017120498587,18.4,completed
NYC-04290,2026-09-06 03:22:31.329122,New York,DUMBO,40.75943067825062,-73.97391789498022,10.7,completed
NYC-03476,2026-09-06 03:27:11.329122,New York,Central Park,40.80570121616217,-74.01233195701963,3.0,completed
NYC-04781,2026-09-06 03:30:55.329122,New York,Harlem,40.72058366974516,-73.98464929183042,5.1,completed
NYC-02922,2026-09-06 03:33:12.329122,New York,Queensbridge,40.789845741315624,-74.00393943933115,28.2,completed
NYC-00415,2026-09-06 03:38:00.329122,New York,Coney Island,40.749329007417614,-73.98523410653691,6.5,completed
NYC-04858,2026-09-06 03:47:27.329122,New York,Downtown Manhattan,40.80094120056949,-73.99011334982586,25.0,completed
NYC-00069,2026-09-06 03:51:49.329122,New York,Upper East Side,40.808557563026056,-74.01891972754545,17.0,completed
NYC-00816,2026-09-06 03:56:46.329122,New York,Astoria,40.76504029793195,-74.0091659665445,20.88,completed
NYC-02399,2026-09-06 04:15:38.329122,New York,Flushing,40.77005925492002,-73.99750884505268,27.5,completed
NYC-03044,2026-09-06 04:15:50.329122,New York,Coney Island,40.781167348331806,-73.97941121476165,5.8,completed
NYC-02273,2026-09-06 04:17:38.329122,New York,Empire State Building,40.77174466855001,-74.01789103401693,12.1,completed
NYC-00343,2026-09-06 04:22:50.329122,New York,LaGuardia Airport,40.74772368141618,-74.00546970825704,17.7,completed
NYC-02328,2026-09-06 04:23:35.329122,New York,Brooklyn Heights,40.770004150720176,-74.00297751733059,43.6,completed
NYC-02800,2026-09-06 04:30:22.329122,New York,Harlem,40.787185462791726,-74.01659618771032,19.8,completed
NYC-03506,2026-09-06 04:36:35.329122,New York,Queensbridge,40.807072088108136,-74.01996307395046,7.2,completed
NYC-00211,2026-09-06 04:46:22.329122,New York,LaGuardia Airport,40.7761084717462,-74.00031054624301,40.8,completed
NYC-04896,2026-09-06 04:57:35.329122,New York,Staten Island Ferry,40.71618795762045,-73.95540155096654,10.0,completed
NYC-00524,2026-09-06 05:13:06.329122,New York,Astoria,40.792216157518226,-73.97241634121043,35.9,completed
NYC-01339,2026-09-06 05:15:23.329122,New York,Midtown,40.703371775242644,-73.99423481240993,6.5,completed
NYC-01799,2026-09-06 05:30:52.329122,New York,Upper East Side,40.70133193227584,-73.97258645505546,7.9,completed
NYC-04852,2026-09-06 05:44:24.329122,New York,Coney Island,40.7852757992789,-74.01498380261486,26.1,completed
NYC-04794,2026-09-06 05:51:22.329122,New York,Wall Street,40.732787282128704,-73.97373722624717,8.6,completed
NYC-04066,2026-09-06 05:59:40.329122,New York,Queensbridge,40.713855071601735,-73.99719417031966,6.5,completed
NYC-02616,2026-09-06 06:03:51.329122,New York,Upper East Side,40.73962573106805,-73.99115174498742,17.7,completed
NYC-03875,2026-09-06 06:11:45.329122,New York,Downtown Manhattan,40.746110116349236,-74.00987462800857,5.1,completed
NYC-04917,2026-09-06 06:19:31.329122,New York,Upper West Side,40.74092904804592,-74.00091749345479,14.9,completed
NYC-04342,2026-09-06 06:42:53.329122,New York,Downtown Manhattan,40.79025363429283,-73.94409149838619,12.1,completed
NYC-00310,2026-09-06 06:47:17.329122,New York,Times Square,40.74828685627762,-73.98977652718226,7.9,completed
NYC-01986,2026-09-06 07:00:04.329122,New York,Harlem,40.78007332376712,-73.98134968926291,8.6,completed
NYC-01407,2026-09-06 07:17:46.329122,New York,Times Square,40.78862371682451,-73.99168711299274,19.1,completed
NYC-03699,2026-09-06 07:24:55.329122,New York,Queensbridge,40.7292046048172,-73.96839385366921,5.8,completed
NYC-00068,2026-09-06 08:02:23.329122,New York,Upper West Side,40.70820057080478,-73.93715177034078,7.2,completed
NYC-03253,2026-09-06 08:10:14.329122,New York,Brooklyn Heights,40.71289242962483,-73.96395328512602,17.7,completed
NYC-00824,2026-09-06 08:20:41.329122,New York,Midtown,40.759113516323175,-74.0043432664687,21.9,completed
NYC-02064,2026-09-06 08:52:24.329122,New York,Queensbridge,40.70571522353097,-74.00820868432146,11.4,completed
NYC-02196,2026-09-06 09:10:52.329122,New York,Times Square,40.75063940983222,-74.00820281244657,41.5,completed
NYC-04295,2026-09-06 09:23:04.329122,New York,Central Park,40.73259583820898,-73.93879789392135,11.4,completed
NYC-04586,2026-09-06 09:26:53.329122,New York,Upper East Side,40.743291086971695,-74.0037410588118,33.1,completed
NYC-01137,2026-09-06 09:35:28.329122,New York,Staten Island Ferry,40.75446611797154,-73.9360126374656,10.7,completed
NYC-02164,2026-09-06 09:45:43.329122,New York,Broadway,40.751841588413804,-73.95599903646863,7.2,completed
NYC-03954,2026-09-06 10:00:50.329122,New York,Midtown,40.72546227351418,-73.98947169118553,31.0,completed
NYC-04785,2026-09-06 10:06:47.329122,New York,Flushing,40.741455356838195,-73.95084400639462,6.5,completed
NYC-02736,2026-09-06 10:10:12.329122,New York,JFK Airport,40.80904606917207,-73.93768451909364,21.43,completed
NYC-00936,2026-09-06 10:11:08.329122,New York,Broadway,40.702022974420224,-73.95837473525071,13.5,completed
NYC-03234,2026-09-06 10:23:56.329122,New York,Upper East Side,40.74301361560401,-74.01127744056397,5.1,completed
NYC-00328,2026-09-06 10:26:27.329122,New York,Broadway,40.74615600686706,-73.98043933524043,7.9,completed
NYC-01463,2026-09-06 10:29:03.329122,New York,JFK Airport,40.77236298350633,-73.99587575313592,12.1,completed
NYC-02744,2026-09-06 10:36:37.329122,New York,Empire State Building,40.76846550057226,-73.97829480920758,11.4,completed
NYC-00843,2026-09-06 11:04:20.329122,New York,JFK Airport,40.80571773492164,-74.01849956044603,21.2,completed
NYC-04042,2026-09-06 11:06:05.329122,New York,Upper East Side,40.75144493337334,-73.93215364725714,10.7,completed
NYC-00005,2026-09-06 11:20:23.329122,New York,Empire State Building,40.71715939723698,-74.01206790121209,7.2,completed
NYC-03387,2026-09-06 11:24:50.329122,New York,Coney Island,40.761307088653034,-73.99000824335043,10.83,completed
NYC-03485,2026-09-06 11:26:23.329122,New York,Queensbridge,40.76521241985589,-73.95108130110573,14.2,completed
NYC-02730,2026-09-06 11:42:12.329122,New York,Upper East Side,40.78221888472564,-73.97252891826504,7.2,completed
NYC-01013,2026-09-06 11:44:44.329122,New York,LaGuardia Airport,40.70433694925054,-73.9748317422078,15.6,completed
NYC-04172,2026-09-06 11:47:26.329122,New York,Harlem,40.748851391259734,-74.01713036843122,19.8,completed
NYC-00755,2026-09-06 11:54:02.329122,New York,Upper West Side,40.787342770819734,-73.98554499447084,70.0,completed
NYC-04094,2026-09-06 11:55:34.329122,New York,Staten Island Ferry,40.73651686552095,-73.9738102021755,7.2,completed
NYC-04668,2026-09-06 12:07:43.329122,New York,Times Square,40.773811427858625,-73.95643907513214,9.3,completed
NYC-01903,2026-09-06 12:19:49.329122,New York,Harlem,40.703884249043426,-73.96209672474373,5.8,completed
NYC-03478,2026-09-06 12:32:13.329122,New York,Upper East Side,40.75373451959259,-73.9611709171235,37.3,completed
NYC-04140,2026-09-06 12:36:48.329122,New York,Empire State Building,40.73770040179707,-73.98355802671571,7.2,completed
NYC-04661,2026-09-06 12:37:00.329122,New York,JFK Airport,40.766474428046436,-73.99704967127491,24.7,completed
NYC-01676,2026-09-06 12:40:43.329122,New York,Williamsburg,40.70890112113564,-73.96295950437275,12.8,completed
NYC-04069,2026-09-06 12:58:46.329122,New York,Astoria,40.79315759468719,-74.00813706638523,13.5,completed
NYC-04825,2026-09-06 13:03:31.329122,New York,Broadway,40.71758677397031,-73.94875239350353,18.4,completed
NYC-03735,2026-09-06 13:14:07.329122,New York,Flushing,40.75180562776782,-73.9316130359228,7.2,completed
NYC-01560,2026-09-06 13:18:35.329122,New York,Staten Island Ferry,40.7388763517233,-73.99838635635801,5.1,completed
NYC-00134,2026-09-06 13:18:37.329122,New York,Times Square,40.803720067430376,-73.93326833301818,23.5,completed
NYC-02711,2026-09-06 13:49:04.329122,New York,Brooklyn Heights,40.75697565804839,-73.98699231312166,30.3,completed
NYC-02102,2026-09-06 13:50:33.329122,New York,Coney Island,40.71737503051189,-73.93368782416243,13.49,completed
NYC-03323,2026-09-06 13:51:19.329122,New York,Empire State Building,40.764208494650454,-73.98028932978174,8.6,completed
NYC-00836,2026-09-06 13:59:48.329122,New York,Midtown,40.800633049117494,-73.94020641026479,15.6,completed
NYC-03949,2026-09-06 14:01:40.329122,New York,Harlem,40.72571941164024,-73.96807367648911,7.2,completed
NYC-04183,2026-09-06 14:03:29.329122,New York,Harlem,40.73467633781144,-73.95914723902587,11.4,completed
NYC-03444,2026-09-06 14:22:08.329122,New York,DUMBO,40.80792296986547,-74.0038306639873,17.0,completed
NYC-00253,2026-09-06 14:35:50.329122,New York,Downtown Manhattan,40.73486142056719,-74.01250992404127,14.9,completed
NYC-01335,2026-09-06 14:36:56.329122,New York,Downtown Manhattan,40.77153582549816,-73.95297243415331,23.3,completed
NYC-02402,2026-09-06 14:40:17.329122,New York,DUMBO,40.74505917843848,-73.9684833046629,31.0,completed
NYC-04580,2026-09-06 14:53:29.329122,New York,Central Park,40.80279982687871,-73.9953164334857,70.0,completed
NYC-00523,2026-09-06 15:02:24.329122,New York,Brooklyn Heights,40.79263308154493,-73.97874728685163,8.6,completed
NYC-00537,2026-09-06 15:06:29.329122,New York,Central Park,40.72720829119176,-73.94105851942913,13.5,completed
NYC-02086,2026-09-06 15:14:58.329122,New York,Williamsburg,40.71160210699523,-73.96114052007218,43.6,completed
NYC-04597,2026-09-06 15:29:09.329122,New York,Broadway,40.72554471599915,-73.98911960352247,20.5,completed
NYC-01185,2026-09-06 15:30:59.329122,New York,Coney Island,40.80309513359601,-73.94775723351977,7.9,completed
NYC-01956,2026-09-06 15:47:51.329122,New York,Wall Street,40.77068217194887,-73.97133109318295,18.4,completed
NYC-03931,2026-09-06 16:08:38.329122,New York,Wall Street,40.71993016069551,-73.99953204441488,70.0,completed
NYC-02510,2026-09-06 16:10:47.329122,New York,Upper West Side,40.7068703352981,-73.94467649504399,70.0,completed
NYC-00565,2026-09-06 16:11:42.329122,New York,Harlem,40.764890945554015,-74.01778200358272,10.0,completed
NYC-00571,2026-09-06 16:28:25.329122,New York,Flushing,40.78620183140153,-74.01412509181901,18.4,completed
NYC-04754,2026-09-06 16:31:08.329122,New York,Astoria,40.79475902546235,-74.00005174168442,13.5,completed
NYC-04433,2026-09-06 16:41:26.329122,New York,Upper West Side,40.80146777120218,-73.99384213276241,11.4,completed
NYC-01899,2026-09-06 16:46:29.329122,New York,Astoria,40.7862170962934,-73.98204031822574,12.8,completed
NYC-04538,2026-09-06 17:01:04.329122,New York,Empire State Building,40.708973241817255,-74.01695897641466,7.2,completed
NYC-04404,2026-09-06 17:08:18.329122,New York,Coney Island,40.80884558667228,-74.00495791166176,14.9,completed
NYC-02825,2026-09-06 17:10:18.329122,New York,Broadway,40.79328462985617,-73.94289430481447,9.3,completed
NYC-01139,2026-09-06 17:13:44.329122,New York,Upper West Side,40.76516485631255,-73.94783566901121,21.9,completed
NYC-04733,2026-09-06 17:15:21.329122,New York,Midtown,40.80216887567567,-73.94953592445341,21.13,completed
NYC-02496,2026-09-06 17:35:25.329122,New York,Wall Street,40.76350069321565,-74.01346826817597,13.5,completed
NYC-01389,2026-09-06 17:36:21.329122,New York,Empire State Building,40.7499168495522,-73.96915426531127,7.9,completed
NYC-03819,2026-09-06 17:54:02.329122,New York,Central Park,40.75250854379347,-73.98919609664893,25.4,completed
NYC-01107,2026-09-06 18:11:11.329122,New York,Staten Island Ferry,40.78340623232745,-74.01262554048657,9.3,completed
NYC-04739,2026-09-06 18:11:39.329122,New York,Midtown,40.76834636865713,-73.96259600386665,12.8,completed
NYC-00975,2026-09-06 18:14:03.329122,New York,Central Park,40.72884904487298,-73.93429659294739,16.3,completed
NYC-03823,2026-09-06 18:21:20.329122,New York,Wall Street,40.73609974310774,-74.01348864545476,10.0,completed
NYC-02887,2026-09-06 18:31:02.329122,New York,JFK Airport,40.74503532789988,-73.9845324716341,4.4,completed
NYC-03558,2026-09-06 18:34:04.329122,New York,Coney Island,40.70904995567048,-73.95051713926249,4.4,completed
NYC-00306,2026-09-06 18:45:15.329122,New York,Midtown,40.756793038313134,-73.97707149466441,6.5,completed
NYC-04890,2026-09-06 18:47:25.329122,New York,Times Square,40.73477114427017,-73.95546568551636,11.4,completed
NYC-01135,2026-09-06 18:48:48.329122,New York,Flushing,40.70837439454394,-74.01079010384193,18.4,completed
NYC-04864,2026-09-06 18:55:38.329122,New York,Staten Island Ferry,40.73450734372329,-73.95763253856038,19.8,completed
NYC-00467,2026-09-06 18:55:57.329122,New York,Harlem,40.79554590410084,-73.94275093550091,10.0,completed
NYC-00664,2026-09-06 19:04:44.329122,New York,Wall Street,40.71119607198825,-73.96435434810877,6.5,completed
NYC-03965,2026-09-06 19:15:14.329122,New York,Harlem,40.78661091539642,-73.96046281082685,8.6,completed
NYC-00766,2026-09-06 19:16:35.329122,New York,Downtown Manhattan,40.783870455431476,-73.99724463393787,14.9,completed
NYC-04356,2026-09-06 19:18:13.329122,New York,Brooklyn Heights,40.724253640335625,-73.94480624599211,29.88,completed
NYC-03314,2026-09-06 20:06:15.329122,New York,Midtown,40.72394341395386,-73.98438296531374,50.6,completed
NYC-03835,2026-09-06 20:08:58.329122,New York,Broadway,40.733361447993424,-74.0162307645545,28.2,completed
NYC-01516,2026-09-06 20:14:28.329122,New York,Wall Street,40.77122221855701,-73.94392030218802,14.2,completed
NYC-02051,2026-09-06 20:44:14.329122,New York,Coney Island,40.75331659158431,-73.97254703650444,9.3,completed
NYC-00842,2026-09-06 21:02:47.329122,New York,Wall Street,40.71958395635568,-74.0115796533779,14.9,completed
NYC-04231,2026-09-06 21:05:14.329122,New York,Queensbridge,40.76121111010837,-74.00896751591435,9.3,completed
NYC-02162,2026-09-06 21:06:59.329122,New York,Harlem,40.73876124412706,-73.96337027262926,8.6,completed
NYC-02930,2026-09-06 21:27:04.329122,New York,DUMBO,40.76497016173941,-73.94603786866713,11.4,completed
NYC-03354,2026-09-06 21:30:21.329122,New York,Queensbridge,40.72067124188969,-74.00224174264815,11.4,completed
NYC-03520,2026-09-06 21:44:46.329122,New York,Downtown Manhattan,40.72523023547415,-73.97929088701291,12.58,completed
NYC-03345,2026-09-06 21:58:54.329122,New York,Empire State Building,40.77880368231539,-73.95223124262648,7.9,completed
NYC-00317,2026-09-06 22:03:29.329122,New York,Upper East Side,40.7190623752078,-73.93370153141286,21.2,completed
NYC-02248,2026-09-06 22:14:34.329122,New York,Flushing,40.765887635899496,-74.00533876109704,20.5,completed
NYC-03139,2026-09-06 22:22:14.329122,New York,Coney Island,40.707530459126694,-73.99409084469987,45.0,completed
NYC-01964,2026-09-06 22:49:27.329122,New York,Harlem,40.762905949834995,-73.99316646793511,12.8,completed
NYC-03151,2026-09-06 22:50:15.329122,New York,Brooklyn Heights,40.72732219696176,-73.94585784250715,5.8,completed
NYC-04872,2026-09-06 23:01:09.329122,New York,Harlem,40.721635701704415,-73.99629727429017,31.0,completed
NYC-02383,2026-09-06 23:07:13.329122,New York,Wall Street,40.747408374256466,-73.96949648088084,12.8,completed
NYC-03200,2026-09-06 23:12:38.329122,New York,Flushing,40.76087083087248,-74.00278397589732,9.3,completed
NYC-03248,2026-09-06 23:13:03.329122,New York,Harlem,40.795757966289635,-73.93781146343673,18.4,completed
NYC-04982,2026-09-06 23:27:12.329122,New York,DUMBO,40.77296417804544,-73.99191988245023,18.4,completed
NYC-02669,2026-09-06 23:44:26.329122,New York,JFK Airport,40.73471900781397,-73.98918993257851,14.2,completed
NYC-02813,2026-09-07 00:03:34.329122,New York,Times Square,40.717896971818945,-73.9811642692137,14.2,completed
NYC-00579,2026-09-07 00:04:13.329122,New York,Times Square,40.72840688271289,-73.98047824052756,15.6,completed
NYC-02480,2026-09-07 00:13:31.329122,New York,Central Park,40.730334432507654,-73.98913301322699,11.4,completed
NYC-03130,2026-09-07 00:25:37.329122,New York,DUMBO,40.78855993503453,-73.94994652859091,13.5,completed
NYC-03677,2026-09-07 00:26:07.329122,New York,Central Park,40.741772667521126,-73.95610602339092,50.6,completed
NYC-02284,2026-09-07 00:30:45.329122,New York,Wall Street,40.715402650730866,-74.0012958542687,9.3,completed
NYC-00315,2026-09-07 00:49:09.329122,New York,Downtown Manhattan,40.77655716267031,-73.97924576752442,11.4,completed
NYC-00673,2026-09-07 00:49:28.329122,New York,Central Park,40.75769625285273,-73.99172541425467,12.1,completed
NYC-04611,2026-09-07 00:57:50.329122,New York,Queensbridge,40.70686744600056,-73.99783563393072,1.0,completed
NYC-03404,2026-09-07 01:07:55.329122,New York,LaGuardia Airport,40.782300230325376,-73.97909655403402,18.8,completed
NYC-00223,2026-09-07 01:34:27.329122,New York,Midtown,40.74044873833654,-73.98806824393093,6.5,completed
NYC-04306,2026-09-07 01:35:11.329122,New York,DUMBO,40.75245227655065,-73.9972827568321,5.1,completed
NYC-02851,2026-09-07 01:35:43.329122,New York,Williamsburg,40.72644388041829,-73.9571808575652,12.8,completed
NYC-01228,2026-09-07 01:40:58.329122,New York,LaGuardia Airport,40.80823754127558,-73.9497386132781,7.2,completed
NYC-01664,2026-09-07 01:47:09.329122,New York,Brooklyn Heights,40.80913738163056,-73.93958410257461,9.3,completed
NYC-03509,2026-09-07 02:08:21.329122,New York,DUMBO,40.70686334754581,-73.99408593153161,11.4,completed
NYC-01712,2026-09-07 02:11:07.329122,New York,Broadway,40.78588377446753,-73.95619899943736,17.7,completed
NYC-00461,2026-09-07 02:16:53.329122,New York,Upper West Side,40.77141313323277,-73.99825069712627,70.0,completed
NYC-04835,2026-09-07 02:20:10.329122,New York,JFK Airport,40.70961911519799,-74.01865450260061,15.6,completed
NYC-00145,2026-09-07 02:28:21.329122,New York,Astoria,40.704057564209,-73.94081460268528,14.9,completed
NYC-02186,2026-09-07 02:48:58.329122,New York,Brooklyn Heights,40.79583249304894,-73.96666886355116,10.7,completed
NYC-02252,2026-09-07 02:53:58.329122,New York,Coney Island,40.77361202892319,-73.99612434198225,22.6,completed
NYC-02679,2026-09-07 02:54:07.329122,New York,Williamsburg,40.75674480929836,-74.0151908857848,7.2,completed
NYC-00516,2026-09-07 03:13:04.329122,New York,Harlem,40.74141097035659,-73.94728384047019,8.6,completed
NYC-02124,2026-09-07 03:20:30.329122,New York,Flushing,40.808252135094016,-73.98309785919325,16.3,completed
NYC-03636,2026-09-07 03:43:08.329122,New York,Central Park,40.80128136153769,-73.94796722303903,70.0,completed
NYC-04599,2026-09-07 03:45:49.329122,New York,Times Square,40.72960777280908,-73.98413481740764,14.2,completed
NYC-04920,2026-09-07 03:51:20.329122,New York,LaGuardia Airport,40.80472686913029,-73.99499503903918,14.9,completed
NYC-02349,2026-09-07 03:53:11.329122,New York,JFK Airport,40.70111443024305,-73.93534240007325,87.0,completed
NYC-02197,2026-09-07 03:57:25.329122,New York,DUMBO,40.795101997047496,-73.95104586085755,28.9,completed
NYC-04763,2026-09-07 03:57:43.329122,New York,Upper West Side,40.72734653730747,-73.9347270489044,16.3,completed
NYC-04696,2026-09-07 04:11:01.329122,New York,LaGuardia Airport,40.75560728708959,-73.99921525018611,70.0,completed
NYC-00676,2026-09-07 04:12:23.329122,New York,Central Park,40.71232427923849,-73.96781864405504,6.5,completed
NYC-01505,2026-09-07 04:32:26.329122,New York,Coney Island,40.74387050589866,-73.94731367173934,5.1,completed
NYC-01497,2026-09-07 04:33:24.329122,New York,Harlem,40.750984344818065,-74.01767449250019,44.3,completed
NYC-03045,2026-09-07 04:36:46.329122,New York,Broadway,40.77750098708302,-74.01093224404363,16.0,completed
NYC-03740,2026-09-07 04:44:08.329122,New York,Brooklyn Heights,40.79947957524933,-73.96605728034356,34.63,completed
NYC-01604,2026-09-07 04:44:13.329122,New York,Staten Island Ferry,40.707636622702076,-73.97290423756299,17.7,completed
NYC-01792,2026-09-07 04:44:37.329122,New York,Midtown,40.7563444112894,-73.98413691141018,54.8,completed
NYC-04706,2026-09-07 04:50:57.329122,New York,JFK Airport,40.78635703131511,-74.01976310599784,13.5,completed
NYC-03118,2026-09-07 04:52:05.329122,New York,Staten Island Ferry,40.72732138864068,-74.00454610099237,7.2,completed
NYC-00150,2026-09-07 04:53:01.329122,New York,Staten Island Ferry,40.799909247456334,-73.99212774600053,16.3,completed
NYC-02011,2026-09-07 04:58:12.329122,New York,LaGuardia Airport,40.70689185238009,-73.947468474172,8.6,completed
NYC-00642,2026-09-07 05:00:21.329122,New York,Flushing,40.723259280769625,-73.99059349984883,7.2,completed
NYC-03726,2026-09-07 05:07:39.329122,New York,Central Park,40.70679893067582,-73.98365700952773,12.1,completed
NYC-03243,2026-09-07 05:08:24.329122,New York,Times Square,40.77660727877397,-73.98294270991688,38.46,completed
NYC-01440,2026-09-07 05:16:15.329122,New York,DUMBO,40.8066903250718,-73.9958024609519,6.5,completed
NYC-03790,2026-09-07 05:28:38.329122,New York,Broadway,40.72361654762097,-73.93937691087413,52.7,completed
NYC-00882,2026-09-07 05:42:56.329122,New York,Midtown,40.70216815915298,-73.98771317405114,31.0,completed
NYC-02882,2026-09-07 05:52:21.329122,New York,Broadway,40.722778339013196,-73.97053399290046,15.6,completed
NYC-04971,2026-09-07 06:03:19.329122,New York,Coney Island,40.798775073780355,-73.93215282824008,12.1,completed
NYC-04157,2026-09-07 06:38:21.329122,New York,DUMBO,40.79362658089686,-73.96555449881672,12.1,completed
NYC-00474,2026-09-07 06:44:15.329122,New York,Staten Island Ferry,40.758047121999496,-74.01911552026871,15.6,completed
NYC-01857,2026-09-07 06:47:21.329122,New York,Central Park,40.75065934470016,-73.99523288094039,11.4,completed
NYC-04048,2026-09-07 06:51:50.329122,New York,Central Park,40.793563198081664,-73.93421878487429,12.1,completed
NYC-02135,2026-09-07 06:58:28.329122,New York,Staten Island Ferry,40.79792838583196,-73.95353148644718,9.3,completed
NYC-00628,2026-09-07 07:09:07.329122,New York,Brooklyn Heights,40.70403515231797,-73.97081712750771,12.1,completed
NYC-00087,2026-09-07 07:13:21.329122,New York,DUMBO,40.77013132184908,-74.01442481332789,13.5,completed
NYC-04931,2026-09-07 07:20:05.329122,New York,Upper West Side,40.73763458601231,-74.01072624759121,7.2,completed
NYC-02411,2026-09-07 07:25:19.329122,New York,Central Park,40.71546082643362,-73.97979801504299,10.7,completed
NYC-00458,2026-09-07 07:45:01.329122,New York,Coney Island,40.706193360325,-73.93211891235082,10.7,completed
NYC-00283,2026-09-07 07:50:44.329122,New York,Flushing,40.7103380133825,-73.9397973917386,10.7,completed
NYC-01754,2026-09-07 07:58:20.329122,New York,Downtown Manhattan,40.80734611304011,-74.01987144912287,22.6,completed
NYC-04907,2026-09-07 07:59:50.329122,New York,Central Park,40.722637381468836,-74.0199783212934,70.0,completed
NYC-00311,2026-09-07 08:10:35.329122,New York,Central Park,40.70863020194765,-73.96464372213867,14.9,completed
NYC-03005,2026-09-07 08:13:11.329122,New York,DUMBO,40.79161134144671,-73.9872647030978,14.2,completed
NYC-02420,2026-09-07 08:17:55.329122,New York,JFK Airport,40.71760274301096,-74.00233891464809,11.4,completed
NYC-00609,2026-09-07 08:25:51.329122,New York,Midtown,40.77594343114923,-73.97866266806082,9.3,completed
NYC-01357,2026-09-07 08:26:44.329122,New York,Times Square,40.746389301956086,-73.9787615675273,5.1,completed
NYC-03157,2026-09-07 08:27:59.329122,New York,Downtown Manhattan,40.70704069812695,-73.98535371496261,10.7,completed
NYC-03366,2026-09-07 08:36:15.329122,New York,Staten Island Ferry,40.73569629801929,-73.97974008160004,13.5,completed
NYC-03004,2026-09-07 08:45:02.329122,New York,Coney Island,40.762892058145816,-73.9688375018059,24.0,completed
NYC-02783,2026-09-07 09:00:41.329122,New York,Flushing,40.787245716139644,-74.01882908079166,21.9,completed
NYC-02019,2026-09-07 09:21:25.329122,New York,Queensbridge,40.77301686547932,-73.95271133578916,7.2,completed
NYC-01160,2026-09-07 09:44:26.329122,New York,Queensbridge,40.79083984256213,-74.00606925686385,18.4,completed
NYC-01673,2026-09-07 10:08:43.329122,New York,Broadway,40.78865179401294,-74.01430719319912,7.2,completed
NYC-02981,2026-09-07 10:19:06.329122,New York,DUMBO,40.725847074549556,-74.00100939774632,10.0,completed
NYC-04951,2026-09-07 10:22:03.329122,New York,Empire State Building,40.70563898050936,-73.95945577496497,17.0,completed
NYC-00033,2026-09-07 10:22:36.329122,New York,JFK Airport,40.80437740909787,-73.96594751227116,20.5,completed
NYC-01971,2026-09-07 10:28:47.329122,New York,Wall Street,40.79148667480434,-73.96584820522416,12.1,completed
NYC-00366,2026-09-07 10:30:01.329122,New York,Harlem,40.80573096202063,-73.9649792509377,14.2,completed
NYC-00590,2026-09-07 10:30:14.329122,New York,Williamsburg,40.715270988991435,-73.99195123750108,12.8,completed
NYC-00619,2026-09-07 10:32:36.329122,New York,DUMBO,40.7823085659422,-74.00267561644277,15.6,completed
NYC-01953,2026-09-07 10:34:09.329122,New York,Wall Street,40.78092294256631,-74.01936131207546,7.2,completed
NYC-02688,2026-09-07 11:09:39.329122,New York,Empire State Building,40.75421510428922,-73.99243846792945,8.6,completed
NYC-04105,2026-09-07 11:27:53.329122,New York,Harlem,40.7730206922338,-73.9937835627515,7.9,completed
NYC-01775,2026-09-07 11:57:02.329122,New York,Harlem,40.734694758532285,-73.99414680746106,8.6,completed
NYC-04922,2026-09-07 12:02:14.329122,New York,Times Square,40.76571721668308,-73.96555532681221,44.3,completed
NYC-00706,2026-09-07 12:09:58.329122,New York,Flushing,40.735458922947224,-73.93937658415959,13.5,completed
NYC-01418,2026-09-07 12:40:24.329122,New York,Flushing,40.74974189311118,-73.95142590618313,10.7,completed
NYC-03602,2026-09-07 12:41:34.329122,New York,Central Park,40.72037973909217,-73.94248909954658,10.7,completed
NYC-00648,2026-09-07 12:51:46.329122,New York,Times Square,40.78680883624681,-73.96369150783528,17.7,completed
NYC-02022,2026-09-07 12:55:58.329122,New York,Downtown Manhattan,40.80305047082364,-73.93363670671518,14.2,completed
NYC-03751,2026-09-07 13:04:49.329122,New York,Flushing,40.800009279045895,-74.00231656128373,17.2,completed
NYC-00171,2026-09-07 13:15:36.329122,New York,Upper East Side,40.701824661182066,-73.96911256542228,70.0,completed
NYC-01658,2026-09-07 14:11:03.329122,New York,Central Park,40.74366796687817,-74.00785193625354,17.7,completed
NYC-01021,2026-09-07 14:18:15.329122,New York,Downtown Manhattan,40.732708390810984,-73.94320436812896,9.3,completed
NYC-03776,2026-09-07 14:18:32.329122,New York,Midtown,40.79030791190291,-73.93236770786349,10.0,completed
NYC-01580,2026-09-07 14:19:59.329122,New York,JFK Airport,40.72551418057276,-73.94064619273253,7.9,completed
NYC-00747,2026-09-07 14:36:00.329122,New York,Downtown Manhattan,40.75979081472254,-73.93180400973776,24.7,completed
NYC-00529,2026-09-07 14:37:05.329122,New York,Empire State Building,40.79511946138806,-73.99366104120993,8.6,completed
NYC-00602,2026-09-07 15:17:42.329122,New York,Upper West Side,40.71947115327045,-74.00872738920134,12.8,completed
NYC-00701,2026-09-07 15:28:56.329122,New York,Williamsburg,40.70570058905047,-73.98809066120542,22.6,completed
NYC-02767,2026-09-07 15:34:55.329122,New York,Coney Island,40.72660826235242,-73.9859777545509,12.8,completed
NYC-02970,2026-09-07 15:47:09.329122,New York,Coney Island,40.74185694808569,-73.93156128296559,8.6,completed
NYC-02410,2026-09-07 15:47:10.329122,New York,Midtown,40.77571016593583,-73.98182334498286,10.0,completed
NYC-01471,2026-09-07 15:50:10.329122,New York,Downtown Manhattan,40.78122941301765,-73.94584932565378,8.6,completed
NYC-04291,2026-09-07 15:50:22.329122,New York,Empire State Building,40.708720831309435,-73.97060424199658,3.0,completed
NYC-01355,2026-09-07 16:04:08.329122,New York,Central Park,40.796076556188986,-73.93284227825497,70.0,completed
NYC-04453,2026-09-07 16:08:07.329122,New York,Astoria,40.78845821214823,-74.00299631676116,7.2,completed
NYC-00684,2026-09-07 16:23:15.329122,New York,Broadway,40.802231358804036,-74.00701839809936,32.4,completed
NYC-03796,2026-09-07 16:25:10.329122,New York,Upper East Side,40.758552106354664,-74.00767300289101,30.21,completed
NYC-03377,2026-09-07 16:28:52.329122,New York,Central Park,40.72064946462615,-73.9995846607907,10.0,completed
NYC-03771,2026-09-07 16:35:35.329122,New York,Williamsburg,40.799265433661475,-73.99630784426525,9.3,completed
NYC-01465,2026-09-07 16:39:01.329122,New York,Central Park,40.70530332427467,-74.01501761647555,10.0,completed
NYC-02345,2026-09-07 16:39:29.329122,New York,Flushing,40.77354299113952,-73.99590031168563,12.1,completed
NYC-04345,2026-09-07 16:54:29.329122,New York,Upper East Side,40.738841317783226,-73.93014208894687,18.4,completed
NYC-00894,2026-09-07 16:56:46.329122,New York,Times Square,40.773489365022776,-73.97824573628905,10.0,completed
NYC-01033,2026-09-07 17:06:52.329122,New York,Flushing,40.713262357435504,-73.99896785960571,24.0,completed
NYC-01483,2026-09-07 17:13:28.329122,New York,Central Park,40.7006334526548,-74.01909577170507,17.0,completed
NYC-01675,2026-09-07 17:32:51.329122,New York,DUMBO,40.733514705300784,-73.94271295283234,19.8,completed
NYC-03521,2026-09-07 17:45:16.329122,New York,Times Square,40.75160179321524,-73.98180498837347,16.14,completed
NYC-01095,2026-09-07 17:47:42.329122,New York,Central Park,40.71941808352061,-73.95322041479865,8.6,completed
NYC-03779,2026-09-07 17:58:15.329122,New York,DUMBO,40.798822511324246,-73.98949270664444,11.4,completed
NYC-00079,2026-09-07 18:28:38.329122,New York,Empire State Building,40.71274559654777,-73.98137654572375,15.0,completed
NYC-03948,2026-09-07 18:31:58.329122,New York,LaGuardia Airport,40.71793210251964,-73.99788247190327,16.3,completed
NYC-02432,2026-09-07 18:49:31.329122,New York,JFK Airport,40.80824144795315,-74.00258974947893,5.8,completed
NYC-03869,2026-09-07 18:49:55.329122,New York,Central Park,40.70771189536054,-73.98847870471056,5.1,completed
NYC-04350,2026-09-07 19:11:05.329122,New York,LaGuardia Airport,40.78628460205341,-74.00988553225642,16.3,completed
NYC-01246,2026-09-07 19:44:36.329122,New York,Upper East Side,40.71443693654506,-74.00498913983347,95.4,completed
NYC-03394,2026-09-07 19:51:34.329122,New York,Central Park,40.799105698525956,-73.9490656190678,10.7,completed
NYC-04549,2026-09-07 19:54:58.329122,New York,Central Park,40.78785213583923,-73.93409970746323,18.9,completed
NYC-03421,2026-09-07 19:59:31.329122,New York,LaGuardia Airport,40.76861173933504,-73.99717217730928,10.0,completed
NYC-00248,2026-09-07 20:07:19.329122,New York,Times Square,40.80599819747982,-73.97888007354365,10.7,completed
NYC-01601,2026-09-07 20:15:31.329122,New York,Upper West Side,40.73557087183271,-73.96632457602769,10.7,completed
NYC-01506,2026-09-07 20:17:49.329122,New York,Empire State Building,40.76381896061501,-73.95056739896263,7.2,completed
NYC-03831,2026-09-07 20:59:15.329122,New York,Times Square,40.788924631278306,-73.98303696394721,12.1,completed
NYC-04113,2026-09-07 21:07:42.329122,New York,Queensbridge,40.70988645369098,-73.9785069788712,19.1,completed
NYC-04020,2026-09-07 21:09:41.329122,New York,LaGuardia Airport,40.74524343692729,-73.9954698026066,10.0,completed
NYC-02886,2026-09-07 21:17:48.329122,New York,Wall Street,40.7557612481758,-74.00109573964372,19.8,completed
NYC-04596,2026-09-07 21:26:41.329122,New York,Broadway,40.781973621696,-73.97520190927538,13.5,completed
NYC-01510,2026-09-07 21:40:06.329122,New York,Upper East Side,40.78942843125877,-74.01529004284293,19.05,completed
NYC-01787,2026-09-07 21:42:19.329122,New York,Williamsburg,40.767532694323606,-73.94754159608804,70.0,completed
NYC-00028,2026-09-07 21:57:56.329122,New York,Coney Island,40.765165602574825,-73.95465236336646,55.5,completed
NYC-01326,2026-09-07 22:10:09.329122,New York,Times Square,40.72003297072576,-73.93443297581086,13.5,completed
NYC-00106,2026-09-07 22:14:55.329122,New York,DUMBO,40.745142121533924,-73.98698815114183,18.4,completed
NYC-00077,2026-09-07 22:24:00.329122,New York,JFK Airport,40.70814491169075,-73.99870511955632,23.3,completed
NYC-00549,2026-09-07 22:44:14.329122,New York,Coney Island,40.78495502309092,-74.00779046795556,15.86,completed
NYC-00303,2026-09-07 22:45:28.329122,New York,Flushing,40.77011728916481,-73.93960259555908,10.0,completed
NYC-00863,2026-09-07 23:01:06.329122,New York,Brooklyn Heights,40.74848390216321,-73.98195820423084,7.9,completed
NYC-02406,2026-09-07 23:19:35.329122,New York,Queensbridge,40.74010531010173,-73.95973498691163,19.8,completed
NYC-04100,2026-09-07 23:42:17.329122,New York,DUMBO,40.76945128586531,-73.96812350036917,17.7,completed
NYC-03191,2026-09-07 23:44:45.329122,New York,Empire State Building,40.80051672882606,-73.98445087565058,60.4,completed
NYC-01019,2026-09-08 00:16:50.329122,New York,DUMBO,40.70373405764444,-74.01194741894706,15.6,completed
NYC-01475,2026-09-08 00:20:38.329122,New York,LaGuardia Airport,40.773435272411994,-73.93678072513761,26.1,completed
NYC-00270,2026-09-08 00:24:26.329122,New York,Central Park,40.78902972710264,-74.0026591243162,5.8,completed
NYC-00094,2026-09-08 00:25:13.329122,New York,Empire State Building,40.784806389795,-74.01593637720289,23.3,completed
NYC-00942,2026-09-08 00:25:44.329122,New York,Flushing,40.771656242718706,-74.01823136655278,7.2,completed
NYC-03595,2026-09-08 00:28:24.329122,New York,Astoria,40.770921977343455,-73.97114427630993,17.96,completed
NYC-00520,2026-09-08 00:40:22.329122,New York,Downtown Manhattan,40.765354378688734,-73.94491076838256,11.4,completed
NYC-03456,2026-09-08 00:47:12.329122,New York,Upper West Side,40.75503953908371,-73.96214499482659,26.8,completed
NYC-03215,2026-09-08 00:54:30.329122,New York,Broadway,40.71293064301653,-73.97441050000823,6.5,completed
NYC-02061,2026-09-08 01:01:10.329122,New York,Times Square,40.75637529136474,-73.97317925598072,24.0,completed
NYC-00348,2026-09-08 01:12:24.329122,New York,Downtown Manhattan,40.74120738760892,-73.9795050693158,7.9,completed
NYC-01648,2026-09-08 01:14:31.329122,New York,DUMBO,40.78602308964374,-73.95828585080578,10.0,completed
NYC-03488,2026-09-08 01:17:54.329122,New York,Central Park,40.70349181419103,-73.99915753078399,12.1,completed
NYC-02803,2026-09-08 01:20:16.329122,New York,Coney Island,40.8056149164846,-73.99163049363604,20.5,completed
NYC-04666,2026-09-08 01:20:32.329122,New York,LaGuardia Airport,40.711594151513616,-74.01572340185136,16.3,completed
NYC-02875,2026-09-08 01:21:27.329122,New York,Downtown Manhattan,40.752396930663124,-73.97107639825799,9.3,completed
NYC-00225,2026-09-08 01:25:22.329122,New York,LaGuardia Airport,40.7268388607717,-74.01483473406805,21.9,completed
NYC-00376,2026-09-08 01:33:31.329122,New York,JFK Airport,40.79293628420664,-73.96811599871741,7.9,completed
NYC-00498,2026-09-08 01:45:56.329122,New York,Empire State Building,40.80718342884328,-73.9687625514029,5.8,completed
NYC-01777,2026-09-08 01:47:31.329122,New York,DUMBO,40.748136343646095,-73.97919253924381,10.0,completed
NYC-00567,2026-09-08 01:52:57.329122,New York,Harlem,40.748122241422614,-73.95472062483377,40.56,completed
NYC-01993,2026-09-08 02:00:29.329122,New York,Downtown Manhattan,40.71488894905055,-74.0124958851608,9.3,completed
NYC-00228,2026-09-08 02:09:12.329122,New York,Coney Island,40.79812512106948,-74.00634313783422,7.9,completed
NYC-02512,2026-09-08 02:12:23.329122,New York,Astoria,40.74931509609064,-74.01796882751178,10.0,completed
NYC-02031,2026-09-08 02:16:56.329122,New York,Times Square,40.762186328002876,-73.9944140539814,70.0,completed
NYC-01254,2026-09-08 02:30:16.329122,New York,Harlem,40.775412181595186,-73.98397031184304,9.3,completed
NYC-00967,2026-09-08 02:30:54.329122,New York,Midtown,40.73268338871855,-74.0121324872916,11.4,completed
NYC-04671,2026-09-08 02:35:44.329122,New York,Queensbridge,40.796720751177276,-73.95717330953693,5.8,completed
NYC-00260,2026-09-08 02:41:07.329122,New York,Flushing,40.76765079493691,-74.00164048567515,10.0,completed
NYC-01730,2026-09-08 02:53:36.329122,New York,Times Square,40.73368789828653,-73.97863305210792,17.0,completed
NYC-00656,2026-09-08 03:04:23.329122,New York,Flushing,40.731215349637864,-73.95914238282792,7.9,completed
NYC-00830,2026-09-08 03:04:44.329122,New York,DUMBO,40.7247065305234,-73.93033979562598,17.7,completed
NYC-00442,2026-09-08 03:12:32.329122,New York,JFK Airport,40.741169787533174,-74.00795996695054,10.7,completed
NYC-01306,2026-09-08 03:24:51.329122,New York,Times Square,40.77854956253457,-73.98614285781073,24.63,completed
NYC-04562,2026-09-08 03:40:10.329122,New York,Wall Street,40.79677276425238,-73.95783690644508,9.3,completed
NYC-03851,2026-09-08 03:45:47.329122,New York,Empire State Building,40.7127994333681,-73.97767333995776,11.4,completed
NYC-03466,2026-09-08 03:58:38.329122,New York,JFK Airport,40.75006891909071,-73.9806900547609,10.0,completed
NYC-04437,2026-09-08 04:08:08.329122,New York,Williamsburg,40.78606683934341,-73.99931565623866,10.7,completed
NYC-04996,2026-09-08 04:17:01.329122,New York,Flushing,40.7131319112472,-73.93922420484026,17.7,completed
NYC-04341,2026-09-08 04:32:01.329122,New York,JFK Airport,40.70531989821537,-73.97126443460898,9.3,completed
NYC-03946,2026-09-08 04:41:46.329122,New York,Times Square,40.77278905509084,-73.94966291834203,11.4,completed
NYC-04697,2026-09-08 04:42:00.329122,New York,Astoria,40.755853362200746,-73.95308477177988,8.6,completed
NYC-02276,2026-09-08 04:46:38.329122,New York,Astoria,40.781795330779424,-73.99286894322304,10.7,completed
NYC-04577,2026-09-08 04:49:00.329122,New York,Times Square,40.72306593051732,-73.95314606485736,10.0,completed
NYC-01267,2026-09-08 04:50:58.329122,New York,Astoria,40.75279327181889,-74.01123609438028,20.5,completed
NYC-02592,2026-09-08 04:55:57.329122,New York,Times Square,40.76077510641487,-73.95475785280381,6.5,completed
NYC-04299,2026-09-08 05:03:11.329122,New York,Coney Island,40.76552478065777,-74.01113548224885,70.0,completed
NYC-00574,2026-09-08 05:07:48.329122,New York,Flushing,40.79486000796214,-73.96173920790642,21.9,completed
NYC-04566,2026-09-08 05:13:42.329122,New York,Brooklyn Heights,40.728181066588334,-73.96412506305033,10.7,completed
NYC-01111,2026-09-08 05:30:48.329122,New York,Astoria,40.72468846290204,-73.98613666036026,19.8,completed
NYC-01632,2026-09-08 05:43:47.329122,New York,Midtown,40.77314028969359,-73.96008112837612,7.2,completed
NYC-02791,2026-09-08 05:54:58.329122,New York,Flushing,40.8079258104971,-74.00026116389097,21.9,completed
NYC-04335,2026-09-08 05:54:59.329122,New York,Wall Street,40.7060021949111,-74.00098633747557,70.0,completed
NYC-02812,2026-09-08 06:06:05.329122,New York,Flushing,40.77332605269513,-74.01069445570329,14.9,completed
NYC-02957,2026-09-08 06:20:30.329122,New York,LaGuardia Airport,40.79478599941661,-73.94515834666807,10.0,completed
NYC-03212,2026-09-08 06:30:08.329122,New York,Flushing,40.719717858131325,-74.01857457361496,8.6,completed
NYC-01884,2026-09-08 06:37:07.329122,New York,Coney Island,40.717607879845005,-73.9351123735276,16.3,completed
NYC-04423,2026-09-08 06:41:28.329122,New York,Midtown,40.780152191266026,-73.98385121868121,13.5,completed
NYC-04108,2026-09-08 06:42:13.329122,New York,Queensbridge,40.79794227529408,-73.99996156882959,42.2,completed
NYC-04363,2026-09-08 06:43:58.329122,New York,Harlem,40.757574150801425,-74.00254054393989,9.3,completed
NYC-04991,2026-09-08 06:47:36.329122,New York,Brooklyn Heights,40.76309196080294,-73.99073803644397,20.5,completed
NYC-03176,2026-09-08 06:54:13.329122,New York,Downtown Manhattan,40.773064132348786,-73.99875928627087,7.9,completed
NYC-04507,2026-09-08 06:54:37.329122,New York,Astoria,40.70263408917975,-73.96519008000533,21.2,completed
NYC-02368,2026-09-08 07:30:19.329122,New York,Wall Street,40.737748408848994,-74.00298301115994,7.2,completed
NYC-04013,2026-09-08 07:33:45.329122,New York,Flushing,40.721277887725215,-74.0152951264955,8.6,completed
NYC-04134,2026-09-08 07:51:01.329122,New York,Harlem,40.765280752097524,-73.95010538441834,10.0,completed
NYC-03445,2026-09-08 08:19:25.329122,New York,LaGuardia Airport,40.77144598226782,-73.95798018266619,14.2,completed
NYC-00294,2026-09-08 08:21:31.329122,New York,Central Park,40.71397665639171,-73.95029629571923,9.3,completed
NYC-02609,2026-09-08 08:36:01.329122,New York,Astoria,40.70689585837841,-74.00099125672708,34.5,completed
NYC-03533,2026-09-08 08:40:58.329122,New York,JFK Airport,40.73293217110759,-73.94913860364314,5.8,completed
NYC-02404,2026-09-08 08:43:26.329122,New York,Queensbridge,40.77448327037085,-73.9872749695729,18.4,completed
NYC-04652,2026-09-08 08:44:54.329122,New York,Williamsburg,40.752302328675604,-73.99756341849958,5.1,completed
NYC-00002,2026-09-08 08:50:22.329122,New York,Brooklyn Heights,40.78051933359926,-73.94309073461181,10.0,completed
NYC-04812,2026-09-08 09:21:09.329122,New York,Upper West Side,40.70145516941958,-73.99733319738888,10.0,completed
NYC-01322,2026-09-08 09:27:26.329122,New York,JFK Airport,40.795896192325145,-73.97088252881986,12.8,completed
NYC-01795,2026-09-08 09:31:02.329122,New York,Williamsburg,40.70932712176504,-73.99429783453853,23.3,completed
NYC-04665,2026-09-08 09:31:36.329122,New York,Williamsburg,40.778032770400685,-73.9529856688897,44.3,completed
NYC-04110,2026-09-08 09:47:02.329122,New York,Midtown,40.76203115234312,-73.9351031442479,90.0,completed
NYC-01462,2026-09-08 09:49:30.329122,New York,Williamsburg,40.71172523333388,-73.93460885520773,5.8,completed
NYC-03487,2026-09-08 09:50:26.329122,New York,Brooklyn Heights,40.70571882871755,-73.97375117486996,12.1,completed
NYC-01297,2026-09-08 09:55:35.329122,New York,LaGuardia Airport,40.71150246243678,-74.01250681077543,10.7,completed
NYC-04311,2026-09-08 10:06:32.329122,New York,Upper East Side,40.80349681865152,-73.98851244751998,28.9,completed
NYC-03015,2026-09-08 10:25:03.329122,New York,Brooklyn Heights,40.73674549622357,-73.95049837516962,10.7,completed
NYC-01305,2026-09-08 10:46:22.329122,New York,Upper West Side,40.79580660361207,-73.98011853892093,3.7,completed
NYC-01639,2026-09-08 10:50:05.329122,New York,Brooklyn Heights,40.80197010647167,-73.9795176408366,13.5,completed
NYC-03648,2026-09-08 10:59:01.329122,New York,Times Square,40.765660175960136,-73.95532566333789,14.9,completed
NYC-03516,2026-09-08 10:59:41.329122,New York,Brooklyn Heights,40.70936138347318,-73.93396730800342,14.9,completed
NYC-00063,2026-09-08 11:03:51.329122,New York,Midtown,40.7392428659363,-73.99049044053835,29.6,completed
NYC-02776,2026-09-08 11:16:24.329122,New York,Upper East Side,40.70482899369073,-73.98930569144524,18.4,completed
NYC-04670,2026-09-08 11:22:51.329122,New York,Central Park,40.73992811244443,-73.97902134309443,17.0,completed
NYC-00351,2026-09-08 11:33:05.329122,New York,Wall Street,40.79421388253072,-73.93041206383671,40.8,completed
NYC-00803,2026-09-08 11:37:27.329122,New York,Downtown Manhattan,40.76673865510212,-73.94656397895264,27.5,completed
NYC-04464,2026-09-08 11:42:54.329122,New York,Staten Island Ferry,40.77430016498701,-73.9468136067444,10.7,completed
NYC-02743,2026-09-08 11:50:42.329122,New York,Harlem,40.7154883243782,-73.99288918346855,12.8,completed
NYC-02327,2026-09-08 11:52:00.329122,New York,Upper West Side,40.70017216157107,-73.95356643206425,13.5,completed
NYC-00052,2026-09-08 12:05:14.329122,New York,Times Square,40.803344883572066,-74.00328007407711,15.6,completed
NYC-04700,2026-09-08 12:13:02.329122,New York,Williamsburg,40.727497017995574,-73.94973405429742,14.2,completed
NYC-00922,2026-09-08 12:16:32.329122,New York,Central Park,40.79840074495835,-74.0042693510905,12.1,completed
NYC-04057,2026-09-08 12:19:11.329122,New York,Astoria,40.7044152744994,-73.99944799472391,12.8,completed
NYC-00691,2026-09-08 12:32:47.329122,New York,Upper East Side,40.74679800824781,-74.00589156142135,46.4,completed
NYC-01816,2026-09-08 12:52:36.329122,New York,Times Square,40.73249892552252,-73.99879906588649,10.7,completed
NYC-02062,2026-09-08 12:54:32.329122,New York,Upper East Side,40.788704397895614,-73.95906155936947,5.8,completed
NYC-00828,2026-09-08 12:55:45.329122,New York,Broadway,40.78112513729207,-73.98746138310133,17.0,completed
NYC-02612,2026-09-08 13:01:55.329122,New York,LaGuardia Airport,40.72715062561221,-73.93882755029459,10.0,completed
NYC-01400,2026-09-08 13:06:15.329122,New York,Staten Island Ferry,40.71837460986911,-73.95842118323304,7.2,completed
NYC-03993,2026-09-08 13:07:53.329122,New York,Staten Island Ferry,40.705642323387934,-73.9771088850778,12.1,completed
NYC-04765,2026-09-08 13:14:38.329122,New York,Times Square,40.80913492034264,-74.0006899130803,8.6,completed
NYC-04999,2026-09-08 13:26:38.329122,New York,DUMBO,40.76570436161638,-74.00045736363661,24.0,completed
NYC-04312,2026-09-08 13:36:41.329122,New York,Brooklyn Heights,40.7136780425574,-73.95625083558299,18.4,completed
NYC-00027,2026-09-08 13:42:15.329122,New York,DUMBO,40.7565657882255,-74.01524559822717,6.5,completed
NYC-02714,2026-09-08 13:58:18.329122,New York,Queensbridge,40.7001488988287,-74.01348612461253,14.2,completed
NYC-02658,2026-09-08 14:14:59.329122,New York,Williamsburg,40.72331934601686,-73.97707072761597,7.9,completed
NYC-04298,2026-09-08 14:20:43.329122,New York,LaGuardia Airport,40.7476048632776,-73.93509147034614,11.4,completed
NYC-03249,2026-09-08 14:23:36.329122,New York,Central Park,40.76945608133403,-73.94819778650123,5.8,completed
NYC-03048,2026-09-08 14:46:22.329122,New York,Central Park,40.74373736164082,-73.9416822978557,21.2,completed
NYC-04941,2026-09-08 14:58:26.329122,New York,Staten Island Ferry,40.747706376445244,-74.01514915386456,14.9,completed
NYC-02550,2026-09-08 15:05:13.329122,New York,Williamsburg,40.738370258736644,-73.93488938166543,11.4,completed
NYC-00592,2026-09-08 15:10:48.329122,New York,Harlem,40.72000680928391,-74.014055022296,15.6,completed
NYC-01032,2026-09-08 15:19:01.329122,New York,Astoria,40.72530097210165,-73.94899774333308,17.7,completed
NYC-03693,2026-09-08 15:26:19.329122,New York,Downtown Manhattan,40.72578681600127,-74.01891370582294,26.7,completed
NYC-00912,2026-09-08 15:28:25.329122,New York,Coney Island,40.76865637986341,-73.95606203664889,6.5,completed
NYC-00601,2026-09-08 15:40:04.329122,New York,Harlem,40.73064493729352,-73.99158983669524,26.1,completed
NYC-01252,2026-09-08 15:42:15.329122,New York,Empire State Building,40.71290390078587,-73.98962706588583,5.8,completed
NYC-01992,2026-09-08 15:47:08.329122,New York,DUMBO,40.76712476644254,-73.99840459866488,12.1,completed
NYC-04500,2026-09-08 16:02:30.329122,New York,Times Square,40.765922921570706,-73.97350021661406,8.6,completed
NYC-03468,2026-09-08 16:08:56.329122,New York,JFK Airport,40.792110378774716,-73.99345619777765,13.5,completed
NYC-03557,2026-09-08 16:13:08.329122,New York,LaGuardia Airport,40.753661775039845,-73.96656647953438,7.9,completed
NYC-01110,2026-09-08 16:15:59.329122,New York,Queensbridge,40.78974164374897,-73.93211593049669,70.0,completed
NYC-04734,2026-09-08 16:17:54.329122,New York,Coney Island,40.74735894030044,-73.95283705950848,24.0,completed
NYC-02373,2026-09-08 16:20:05.329122,New York,Empire State Building,40.74729241851292,-73.96562434556446,10.0,completed
NYC-00430,2026-09-08 16:26:34.329122,New York,Harlem,40.715729085025814,-73.96534080248863,34.5,completed
NYC-04436,2026-09-08 16:29:00.329122,New York,Staten Island Ferry,40.738493163892784,-73.9546988577196,43.6,completed
NYC-03917,2026-09-08 16:59:14.329122,New York,LaGuardia Airport,40.73803867082515,-73.94537363980452,9.3,completed
NYC-04741,2026-09-08 17:12:49.329122,New York,Astoria,40.712166395876054,-74.01703207506856,17.0,completed
NYC-04854,2026-09-08 17:19:46.329122,New York,Williamsburg,40.76904357648747,-73.94232740986747,11.4,completed
NYC-03814,2026-09-08 17:20:51.329122,New York,Times Square,40.72781439300751,-73.9610840925836,10.7,completed
NYC-02042,2026-09-08 17:27:09.329122,New York,LaGuardia Airport,40.757573000251185,-73.96185577503131,15.6,completed
NYC-01692,2026-09-08 17:32:32.329122,New York,LaGuardia Airport,40.74385293305496,-73.95906659666062,20.5,completed
NYC-04959,2026-09-08 17:38:28.329122,New York,LaGuardia Airport,40.782430638030945,-73.99893746422238,7.9,completed
NYC-00104,2026-09-08 17:53:02.329122,New York,Downtown Manhattan,40.79983231213187,-73.99160201374032,7.9,completed
NYC-00313,2026-09-08 17:57:21.329122,New York,Wall Street,40.805891325614574,-73.93341473509528,10.7,completed
NYC-04439,2026-09-08 18:03:17.329122,New York,Williamsburg,40.72647375662329,-73.95562868318656,10.0,completed
NYC-00610,2026-09-08 18:07:12.329122,New York,Flushing,40.70432433538252,-74.01307277352927,11.4,completed
NYC-01650,2026-09-08 18:11:50.329122,New York,Harlem,40.703977641857726,-74.01201040597394,16.3,completed
NYC-00180,2026-09-08 18:40:21.329122,New York,Empire State Building,40.73751729861553,-73.9850824521042,16.3,completed
NYC-04612,2026-09-08 19:02:01.329122,New York,Upper West Side,40.75347910195154,-73.93869330197235,21.9,completed
NYC-00977,2026-09-08 19:04:09.329122,New York,Midtown,40.70565683948327,-74.00650816720776,70.0,completed
NYC-01674,2026-09-08 19:22:35.329122,New York,Flushing,40.78690334799378,-74.00814614183143,23.3,completed
NYC-04795,2026-09-08 19:22:57.329122,New York,Wall Street,40.73524414147543,-73.96841656768169,6.5,completed
NYC-00035,2026-09-08 19:34:11.329122,New York,Empire State Building,40.78892370829281,-73.98582363356606,16.3,completed
NYC-00818,2026-09-08 19:45:25.329122,New York,Times Square,40.70602378027043,-73.9364112920915,46.0,completed
NYC-01138,2026-09-08 19:46:13.329122,New York,Coney Island,40.752864523505934,-73.96263377669118,14.9,completed
NYC-01909,2026-09-08 20:16:36.329122,New York,Queensbridge,40.71637768553657,-73.9765240379326,10.7,completed
NYC-00780,2026-09-08 20:35:44.329122,New York,Empire State Building,40.77633432889138,-73.96129469984635,25.4,completed
NYC-02781,2026-09-08 20:40:48.329122,New York,Midtown,40.792801463045706,-74.01722578431705,9.3,completed
NYC-02032,2026-09-08 20:48:05.329122,New York,DUMBO,40.75103257353572,-73.9672799556162,31.9,completed
NYC-00438,2026-09-08 21:24:52.329122,New York,DUMBO,40.77768664498722,-74.01726815750203,80.0,completed
NYC-02580,2026-09-08 21:27:23.329122,New York,Empire State Building,40.7135212746312,-73.95953986567706,9.3,completed
NYC-04000,2026-09-08 21:36:52.329122,New York,Times Square,40.7629195466112,-73.93777797897377,12.8,completed
NYC-00809,2026-09-08 21:38:30.329122,New York,JFK Airport,40.712456185042484,-73.98254551482344,10.7,completed
NYC-03725,2026-09-08 21:38:41.329122,New York,LaGuardia Airport,40.8021493618327,-73.95480198937577,52.0,completed
NYC-04759,2026-09-08 22:01:20.329122,New York,Flushing,40.808772459543405,-73.96820318047305,88.4,completed
NYC-02589,2026-09-08 22:04:46.329122,New York,Broadway,40.77853478957573,-74.01332414239651,24.7,completed
NYC-04760,2026-09-08 22:16:10.329122,New York,Times Square,40.7531555283463,-73.93672618225088,14.9,completed
NYC-04590,2026-09-08 22:35:04.329122,New York,Harlem,40.76325666308047,-73.97408083751696,12.8,completed
NYC-00953,2026-09-08 22:41:21.329122,New York,Upper West Side,40.800585314051744,-73.96453383264813,40.8,completed
NYC-00858,2026-09-08 22:48:37.329122,New York,Brooklyn Heights,40.76213252465889,-74.01820243606798,11.4,completed
NYC-01929,2026-09-08 23:02:23.329122,New York,Midtown,40.70713389539313,-73.96256740877354,21.6,completed
NYC-00357,2026-09-08 23:04:29.329122,New York,Times Square,40.76443531394008,-73.93202890931346,33.16,completed
NYC-02365,2026-09-08 23:15:25.329122,New York,Times Square,40.70481129795399,-73.98641133678053,6.5,completed
NYC-00355,2026-09-08 23:29:57.329122,New York,Williamsburg,40.7706661206027,-73.98349192664975,15.6,completed
NYC-00022,2026-09-08 23:40:33.329122,New York,Upper West Side,40.73213591133888,-73.93421918970454,70.0,completed
NYC-01710,2026-09-08 23:55:27.329122,New York,Flushing,40.71672273384415,-74.01113078337283,7.2,completed
NYC-00940,2026-09-08 23:59:00.329122,New York,Midtown,40.730146074275595,-73.98299854495666,20.5,completed
NYC-02143,2026-09-09 00:00:04.329122,New York,Astoria,40.73457851245021,-73.99616653103995,10.7,completed
NYC-01464,2026-09-09 00:04:11.329122,New York,Staten Island Ferry,40.80993550983477,-73.94696806547636,11.4,completed
NYC-04683,2026-09-09 00:18:34.329122,New York,Upper West Side,40.73280996996576,-73.94621186672258,13.5,completed
NYC-04476,2026-09-09 00:19:03.329122,New York,Flushing,40.74602284867162,-73.93190295863397,17.0,completed
NYC-01854,2026-09-09 00:28:15.329122,New York,Harlem,40.801081918700355,-74.01825388789436,43.6,completed
NYC-02514,2026-09-09 00:37:01.329122,New York,Central Park,40.76892517622026,-73.965147901297,11.4,completed
NYC-01950,2026-09-09 00:45:24.329122,New York,Central Park,40.70974604726476,-73.95225455759567,14.9,completed
NYC-04129,2026-09-09 01:00:19.329122,New York,Wall Street,40.70012233036158,-73.93444671882317,12.1,completed
NYC-03622,2026-09-09 01:02:02.329122,New York,Williamsburg,40.72400282880074,-73.97477071539502,17.7,completed
NYC-00631,2026-09-09 01:05:31.329122,New York,Astoria,40.79847275214559,-73.96758084308006,7.2,completed
NYC-03475,2026-09-09 01:20:43.329122,New York,Times Square,40.788309202830696,-73.95655799805418,8.6,completed
NYC-01557,2026-09-09 01:32:17.329122,New York,Downtown Manhattan,40.74521313167874,-74.0152357657988,12.8,completed
NYC-01526,2026-09-09 01:34:23.329122,New York,Downtown Manhattan,40.73133601921582,-74.01776645096993,70.0,completed
NYC-02834,2026-09-09 01:59:00.329122,New York,Empire State Building,40.74376202880524,-74.00575423695467,10.16,completed
NYC-01016,2026-09-09 02:34:06.329122,New York,Empire State Building,40.71986328796401,-74.00807764092923,8.6,completed
NYC-01017,2026-09-09 02:36:00.329122,New York,Broadway,40.76247397536079,-73.97077760375862,18.4,completed
NYC-03546,2026-09-09 02:37:26.329122,New York,Coney Island,40.709101051918005,-73.94772590277917,17.7,completed
NYC-02952,2026-09-09 02:46:35.329122,New York,Downtown Manhattan,40.77857592993085,-73.9657287522972,11.4,completed
NYC-02311,2026-09-09 02:52:16.329122,New York,Midtown,40.79616447771537,-73.97260645516693,9.3,completed
NYC-03968,2026-09-09 02:52:21.329122,New York,Downtown Manhattan,40.76471874430815,-73.96857944243922,14.9,completed
NYC-03128,2026-09-09 02:59:18.329122,New York,Central Park,40.80466397811945,-73.94193808247962,7.9,completed
NYC-04771,2026-09-09 02:59:40.329122,New York,Wall Street,40.744382906592975,-73.98950789470656,8.6,completed
NYC-04649,2026-09-09 03:04:25.329122,New York,Downtown Manhattan,40.71857443097075,-74.00194452659878,10.7,completed
NYC-02707,2026-09-09 03:15:49.329122,New York,Astoria,40.72921411162545,-73.95141705510649,6.5,completed
NYC-02255,2026-09-09 03:19:02.329122,New York,Times Square,40.76289495872532,-73.97028957878901,5.8,completed
NYC-02291,2026-09-09 03:26:24.329122,New York,Astoria,40.73087515370676,-74.01298055202315,7.2,completed
NYC-04346,2026-09-09 03:27:15.329122,New York,Flushing,40.78797617008904,-73.95228377916526,12.1,completed
NYC-04258,2026-09-09 03:27:33.329122,New York,Midtown,40.739020141240324,-73.95026274380363,7.9,completed
NYC-03259,2026-09-09 03:47:19.329122,New York,Upper West Side,40.79852422553807,-73.9485816337994,42.2,completed
NYC-02279,2026-09-09 03:57:22.329122,New York,Times Square,40.70780254377472,-73.96545875512575,8.6,completed
NYC-00251,2026-09-09 03:57:51.329122,New York,Empire State Building,40.74236075014621,-73.93299644739834,6.5,completed
NYC-00085,2026-09-09 04:07:10.329122,New York,Williamsburg,40.73577016542294,-73.97455796938749,11.4,completed
NYC-03977,2026-09-09 04:14:55.329122,New York,Wall Street,40.76048554190538,-73.95516096679968,10.0,completed
NYC-04411,2026-09-09 04:18:03.329122,New York,Downtown Manhattan,40.70046061879908,-73.95961227614629,8.6,completed
NYC-04679,2026-09-09 04:19:36.329122,New York,Williamsburg,40.769451357540774,-73.99039721996104,7.2,completed
NYC-04462,2026-09-09 04:35:56.329122,New York,Williamsburg,40.809617893967854,-73.95379216059898,5.8,completed
NYC-03716,2026-09-09 04:40:44.329122,New York,Williamsburg,40.73739690501726,-73.97271112015213,19.74,completed
NYC-02976,2026-09-09 04:40:46.329122,New York,Wall Street,40.79228970604898,-73.93704459974936,10.0,completed
NYC-04188,2026-09-09 04:45:02.329122,New York,LaGuardia Airport,40.7762764340862,-73.9341471276538,20.5,completed
NYC-01575,2026-09-09 05:05:13.329122,New York,Times Square,40.71052860110722,-73.95638767634105,17.0,completed
NYC-01834,2026-09-09 05:14:18.329122,New York,Coney Island,40.78929467668992,-73.93862977055684,29.6,completed
NYC-03141,2026-09-09 05:27:41.329122,New York,Upper East Side,40.80128432693097,-73.95668244938366,7.9,completed
NYC-02217,2026-09-09 05:50:02.329122,New York,DUMBO,40.730967331825646,-73.9556767915256,19.1,completed
NYC-04974,2026-09-09 06:03:09.329122,New York,Downtown Manhattan,40.72773901652451,-73.98010719026725,16.3,completed
NYC-00133,2026-09-09 06:03:44.329122,New York,Broadway,40.7371376688544,-74.01855746591903,7.2,completed
NYC-01529,2026-09-09 06:17:11.329122,New York,Upper West Side,40.75930774043428,-73.9442546086218,21.9,completed
NYC-01637,2026-09-09 06:24:02.329122,New York,Empire State Building,40.71676576146635,-73.9671367118282,55.5,completed
NYC-00772,2026-09-09 06:31:20.329122,New York,DUMBO,40.71402375285652,-73.99685628840018,11.4,completed
NYC-03093,2026-09-09 06:35:38.329122,New York,Flushing,40.79237817673309,-73.93215295007748,6.5,completed
NYC-02725,2026-09-09 06:37:09.329122,New York,Flushing,40.733320730171656,-74.00742514897189,10.0,completed
NYC-02442,2026-09-09 06:51:05.329122,New York,Downtown Manhattan,40.78380919938654,-74.00792178163063,14.2,completed
NYC-01643,2026-09-09 07:01:10.329122,New York,Central Park,40.768594425680305,-73.93947271862518,13.5,completed
NYC-04880,2026-09-09 07:15:43.329122,New York,Brooklyn Heights,40.722449642727135,-73.98194111783799,17.7,completed
NYC-01868,2026-09-09 07:16:20.329122,New York,Upper East Side,40.71449016508001,-73.96797351081888,20.5,completed
NYC-01959,2026-09-09 07:23:23.329122,New York,JFK Airport,40.78642167798883,-73.93396179470567,9.3,completed
NYC-02223,2026-09-09 07:35:19.329122,New York,Harlem,40.72660832110847,-73.99279509695532,13.5,completed
NYC-03780,2026-09-09 07:43:59.329122,New York,Brooklyn Heights,40.743947066304564,-74.00712267441244,12.1,completed
NYC-00081,2026-09-09 07:48:42.329122,New York,Staten Island Ferry,40.768562793951034,-74.01044556818073,70.0,completed
NYC-02992,2026-09-09 07:54:30.329122,New York,JFK Airport,40.76079777832904,-73.9953389397653,9.3,completed
NYC-00528,2026-09-09 08:00:58.329122,New York,Midtown,40.706201304631605,-73.98084868650938,13.5,completed
NYC-01535,2026-09-09 08:14:25.329122,New York,Upper West Side,40.713407470267065,-73.99746771433863,17.0,completed
NYC-02807,2026-09-09 08:32:28.329122,New York,JFK Airport,40.71778385798607,-73.94308882023707,6.5,completed
NYC-03065,2026-09-09 09:09:14.329122,New York,Coney Island,40.72941422306433,-74.01866294897432,10.0,completed
NYC-04816,2026-09-09 09:20:21.329122,New York,Astoria,40.80001223498272,-73.96635728551452,13.5,completed
NYC-02113,2026-09-09 09:40:32.329122,New York,DUMBO,40.79833886810087,-74.00278503660664,18.4,completed
NYC-03226,2026-09-09 09:58:19.329122,New York,Upper West Side,40.72656905258719,-73.9876411169932,8.6,completed
NYC-01435,2026-09-09 10:11:25.329122,New York,Times Square,40.703297094886,-73.96940697215553,5.8,completed
NYC-04525,2026-09-09 10:17:15.329122,New York,Central Park,40.74726406996907,-73.97853835238661,17.0,completed
NYC-02384,2026-09-09 10:17:36.329122,New York,JFK Airport,40.73507535001533,-73.95813068251533,13.5,completed
NYC-01686,2026-09-09 10:22:28.329122,New York,Downtown Manhattan,40.801503290956475,-73.98646085830953,66.0,completed
NYC-02856,2026-09-09 10:23:53.329122,New York,Harlem,40.724293806125935,-73.98305294940837,24.7,completed
NYC-04059,2026-09-09 10:43:16.329122,New York,Staten Island Ferry,40.809115902196254,-74.00189443295974,7.9,completed
NYC-00423,2026-09-09 10:46:02.329122,New York,Williamsburg,40.75438623351729,-73.98299979247047,32.5,completed
NYC-01229,2026-09-09 10:51:14.329122,New York,Midtown,40.745026740694655,-73.98487853053744,12.1,completed
NYC-04788,2026-09-09 10:58:36.329122,New York,JFK Airport,40.754225266882145,-73.97480815231724,12.1,completed
NYC-02176,2026-09-09 11:11:06.329122,New York,Central Park,40.73072036972999,-73.93074824736466,10.7,completed
NYC-03486,2026-09-09 11:12:27.329122,New York,Central Park,40.739041712696476,-74.01176653378633,9.3,completed
NYC-00970,2026-09-09 11:16:11.329122,New York,Staten Island Ferry,40.77300382818989,-73.94878203571186,43.6,completed
NYC-00172,2026-09-09 11:33:48.329122,New York,Empire State Building,40.75633023641292,-74.01810917587122,7.2,completed
NYC-00218,2026-09-09 11:40:18.329122,New York,Brooklyn Heights,40.77145961889519,-73.99945018728683,16.3,completed
NYC-04552,2026-09-09 11:43:55.329122,New York,Central Park,40.71691620760646,-73.95399746367411,42.2,completed
NYC-02607,2026-09-09 11:56:07.329122,New York,Times Square,40.730378651360304,-73.96376841411532,12.1,completed
NYC-04977,2026-09-09 12:10:03.329122,New York,Staten Island Ferry,40.72265780394647,-73.94528404813005,70.0,completed
NYC-04175,2026-09-09 12:15:04.329122,New York,Downtown Manhattan,40.80951257905398,-74.00201143228155,37.5,completed
NYC-00768,2026-09-09 12:26:51.329122,New York,Coney Island,40.73762899235875,-73.9958802459804,16.3,completed
NYC-03868,2026-09-09 12:30:38.329122,New York,Broadway,40.77239758067274,-73.9615827458183,47.8,completed
NYC-02924,2026-09-09 12:52:28.329122,New York,Upper West Side,40.74080351089736,-73.9353642669449,14.2,completed
NYC-01855,2026-09-09 13:12:03.329122,New York,Coney Island,40.72774651221907,-73.99056939083535,11.4,completed
NYC-02768,2026-09-09 13:20:29.329122,New York,Williamsburg,40.75506639282702,-74.01073484697697,20.5,completed
NYC-02208,2026-09-09 13:21:10.329122,New York,Staten Island Ferry,40.73214400535081,-73.98551519782968,6.5,completed
NYC-04606,2026-09-09 13:22:22.329122,New York,Broadway,40.793073663158324,-73.94675537815665,17.0,completed
NYC-01451,2026-09-09 13:25:08.329122,New York,Empire State Building,40.76796319642214,-73.93028356441468,5.8,completed
NYC-02060,2026-09-09 13:25:22.329122,New York,JFK Airport,40.70685004164701,-73.93510208993133,6.5,completed
NYC-03026,2026-09-09 13:32:30.329122,New York,Empire State Building,40.803889344096376,-73.94564043618024,33.1,completed
NYC-01406,2026-09-09 13:41:59.329122,New York,Williamsburg,40.79285874938662,-73.99038335984854,12.1,completed
NYC-02455,2026-09-09 14:08:39.329122,New York,Staten Island Ferry,40.71531163714803,-73.93009857702133,6.5,completed
NYC-03055,2026-09-09 14:10:16.329122,New York,LaGuardia Airport,40.80653910648699,-73.98421285128406,49.2,completed
NYC-04120,2026-09-09 14:10:53.329122,New York,Midtown,40.73226887635851,-73.93997825178657,31.0,completed
NYC-04101,2026-09-09 14:16:44.329122,New York,Coney Island,40.74690381924818,-73.94871971864829,23.3,completed
NYC-03330,2026-09-09 14:18:48.329122,New York,Brooklyn Heights,40.76825211635572,-73.95300686161265,5.8,completed
NYC-03712,2026-09-09 14:18:53.329122,New York,Broadway,40.77768707788108,-73.9602286834645,6.5,completed
NYC-00877,2026-09-09 14:22:52.329122,New York,Upper East Side,40.77248163361012,-73.95976585374243,7.2,completed
NYC-04801,2026-09-09 14:38:42.329122,New York,Coney Island,40.70775892013523,-74.00199919709985,28.9,completed
NYC-02829,2026-09-09 14:46:08.329122,New York,Upper East Side,40.70320867400098,-74.01144491168506,50.6,completed
NYC-01606,2026-09-09 14:46:56.329122,New York,LaGuardia Airport,40.70743738199515,-74.00838413876538,12.1,completed
NYC-01060,2026-09-09 14:56:33.329122,New York,LaGuardia Airport,40.7961044825605,-73.98368320068037,12.8,completed
NYC-00823,2026-09-09 15:02:12.329122,New York,Central Park,40.743798556295005,-73.95413145364422,12.1,completed
NYC-03732,2026-09-09 15:11:21.329122,New York,Upper West Side,40.74913859799844,-73.99731371018348,12.1,completed
NYC-00280,2026-09-09 15:27:47.329122,New York,Midtown,40.79790058759993,-73.93106883316409,5.8,completed
NYC-00420,2026-09-09 15:33:31.329122,New York,Astoria,40.78707369480985,-74.00269678733787,7.2,completed
NYC-02472,2026-09-09 15:42:13.329122,New York,Brooklyn Heights,40.8000400072031,-73.94162825448957,27.5,completed
NYC-01207,2026-09-09 15:57:03.329122,New York,Coney Island,40.74904929770145,-73.98965087586343,10.0,completed
NYC-02107,2026-09-09 16:39:04.329122,New York,Times Square,40.799675758024236,-73.99797294283267,10.7,completed
NYC-04227,2026-09-09 16:48:32.329122,New York,DUMBO,40.770506208090865,-73.93987276985979,20.5,completed
NYC-00182,2026-09-09 16:58:28.329122,New York,Midtown,40.801716298010646,-74.00796739110405,7.2,completed
NYC-01996,2026-09-09 17:01:34.329122,New York,Williamsburg,40.805227608319186,-73.95996668285872,17.0,completed
NYC-00023,2026-09-09 17:03:06.329122,New York,JFK Airport,40.74029980276231,-73.95526793194819,9.3,completed
NYC-04375,2026-09-09 17:05:27.329122,New York,Astoria,40.7531623713463,-73.99779804132304,10.7,completed
NYC-04452,2026-09-09 17:11:21.329122,New York,Wall Street,40.791587295065874,-74.00682642400699,70.0,completed
NYC-04491,2026-09-09 17:27:00.329122,New York,Wall Street,40.776444843127734,-74.01609425392793,8.6,completed
NYC-03384,2026-09-09 17:29:17.329122,New York,JFK Airport,40.70370440442619,-73.99678544438918,10.23,completed
NYC-01058,2026-09-09 17:39:25.329122,New York,Staten Island Ferry,40.75278631823343,-73.94378934983173,14.9,completed
NYC-00996,2026-09-09 18:03:48.329122,New York,Williamsburg,40.80090449330085,-73.97471016266273,49.2,completed
NYC-00372,2026-09-09 18:16:13.329122,New York,Coney Island,40.71038872568315,-73.9811373614403,21.9,completed
NYC-04595,2026-09-09 18:28:03.329122,New York,Broadway,40.77097404334292,-73.98620512401814,23.3,completed
NYC-04564,2026-09-09 18:36:29.329122,New York,Upper East Side,40.7254188938162,-73.9858755222418,14.2,completed
NYC-03298,2026-09-09 19:04:32.329122,New York,Times Square,40.74130158213132,-74.01744962946549,23.3,completed
NYC-01843,2026-09-09 19:11:57.329122,New York,Upper West Side,40.7674233540744,-74.01231323654726,7.2,completed
NYC-02287,2026-09-09 19:35:24.329122,New York,DUMBO,40.73644817078134,-73.99448435287562,23.3,completed
NYC-01594,2026-09-09 19:48:23.329122,New York,Upper East Side,40.77967726988416,-73.95259008843355,8.6,completed
NYC-00636,2026-09-09 19:59:05.329122,New York,Staten Island Ferry,40.75858789931006,-73.96709813955655,12.1,completed
NYC-04530,2026-09-09 19:59:30.329122,New York,Wall Street,40.729567737653326,-74.0129552967343,11.4,completed
NYC-01121,2026-09-09 20:02:06.329122,New York,Upper East Side,40.80512166480528,-74.00977185651729,17.0,completed
NYC-02050,2026-09-09 20:02:33.329122,New York,Empire State Building,40.75041307056816,-73.94095727790409,12.64,completed
NYC-02881,2026-09-09 20:11:27.329122,New York,Queensbridge,40.79405332217819,-73.97884926223425,20.5,completed
NYC-04232,2026-09-09 20:12:25.329122,New York,Brooklyn Heights,40.7394483740149,-73.93648592188867,9.3,completed
NYC-02753,2026-09-09 20:17:04.329122,New York,Staten Island Ferry,40.73797114293436,-73.98171791533571,16.3,completed
NYC-04515,2026-09-09 20:18:44.329122,New York,DUMBO,40.74481020766341,-74.00298844455281,89.5,completed
NYC-02541,2026-09-09 20:41:07.329122,New York,Central Park,40.784272752607514,-74.01449050076708,4.4,completed
NYC-01973,2026-09-09 20:49:38.329122,New York,Upper East Side,40.756988664286276,-73.9827991786116,9.3,completed
NYC-01308,2026-09-09 20:57:44.329122,New York,Coney Island,40.73733952117971,-73.97266480807887,70.0,completed
NYC-01192,2026-09-09 21:04:07.329122,New York,Midtown,40.738047136264825,-73.94955288931737,10.7,completed
NYC-00287,2026-09-09 21:23:25.329122,New York,Brooklyn Heights,40.759690909817834,-74.0154842184712,8.6,completed
NYC-04834,2026-09-09 21:24:13.329122,New York,DUMBO,40.76017498801772,-74.00930326793714,17.0,completed
NYC-04632,2026-09-09 21:55:53.329122,New York,Harlem,40.7882635633609,-74.01048478956119,10.7,completed
NYC-01759,2026-09-09 22:18:04.329122,New York,Williamsburg,40.76027554378711,-73.99418380189175,12.1,completed
NYC-01927,2026-09-09 22:19:11.329122,New York,DUMBO,40.75290701788747,-73.96157614316522,7.9,completed
NYC-03794,2026-09-09 22:31:21.329122,New York,LaGuardia Airport,40.70356877906519,-73.98064465165798,8.6,completed
NYC-03762,2026-09-09 22:31:34.329122,New York,Upper West Side,40.75846004056083,-73.97291576651641,7.2,completed
NYC-03631,2026-09-09 23:02:37.329122,New York,Midtown,40.716725342416694,-74.00006558060264,7.9,completed
NYC-02092,2026-09-09 23:23:31.329122,New York,Times Square,40.72241431050405,-73.95796486108968,5.1,completed
NYC-03526,2026-09-09 23:28:53.329122,New York,LaGuardia Airport,40.80703844777035,-73.98002982953422,10.7,completed
NYC-02258,2026-09-09 23:37:05.329122,New York,Downtown Manhattan,40.73486412465702,-73.9551664108541,6.5,completed
NYC-00713,2026-09-09 23:45:45.329122,New York,Midtown,40.7453025005562,-73.93488564024031,13.6,completed
NYC-01036,2026-09-09 23:58:24.329122,New York,Empire State Building,40.73738624601449,-73.9557705745199,10.7,completed
NYC-01064,2026-09-10 00:10:11.329122,New York,Staten Island Ferry,40.746349270250484,-73.99854965104348,4.4,completed
NYC-02610,2026-09-10 00:11:06.329122,New York,Coney Island,40.79232723415916,-73.99181361543667,14.9,completed
NYC-02468,2026-09-10 00:14:35.329122,New York,Flushing,40.752310064123556,-73.9647248034713,7.2,completed
NYC-04017,2026-09-10 00:18:28.329122,New York,Upper East Side,40.79852589386933,-73.94683644351456,21.9,completed
NYC-04372,2026-09-10 00:18:52.329122,New York,Wall Street,40.705626522618246,-74.0154941925616,12.1,completed
NYC-01066,2026-09-10 00:20:30.329122,New York,Times Square,40.726265486034514,-73.97621655108408,14.9,completed
NYC-03656,2026-09-10 00:24:40.329122,New York,Upper West Side,40.73744527117257,-73.97165476105565,6.5,completed
NYC-01037,2026-09-10 00:27:49.329122,New York,Central Park,40.779724344868164,-73.94136897688954,13.5,completed
NYC-01437,2026-09-10 00:27:56.329122,New York,Central Park,40.777514883901034,-74.00967322374956,10.0,completed
NYC-04726,2026-09-10 00:31:00.329122,New York,JFK Airport,40.80065016915223,-73.94610712476133,7.2,completed
NYC-04193,2026-09-10 00:34:07.329122,New York,Downtown Manhattan,40.78032741084826,-73.94711903241807,6.5,completed
NYC-04722,2026-09-10 00:36:43.329122,New York,Downtown Manhattan,40.72246663170053,-73.95573216795835,32.0,completed
NYC-03659,2026-09-10 00:42:18.329122,New York,Upper East Side,40.80016662889359,-73.94076202874137,28.9,completed
NYC-04463,2026-09-10 00:42:23.329122,New York,Central Park,40.714873904508416,-73.97616855635354,15.6,completed
NYC-02942,2026-09-10 00:54:38.329122,New York,Brooklyn Heights,40.73262159034265,-73.93888667129832,6.5,completed
NYC-00112,2026-09-10 00:59:32.329122,New York,JFK Airport,40.802266741757684,-73.96592870655944,7.9,completed
NYC-00532,2026-09-10 01:30:43.329122,New York,Harlem,40.809630052078134,-73.9577520938224,10.0,completed
NYC-04501,2026-09-10 01:35:52.329122,New York,Flushing,40.75650786407368,-73.95375843684712,10.0,completed
NYC-03203,2026-09-10 01:40:45.329122,New York,LaGuardia Airport,40.7944698448285,-73.98604732128558,7.2,completed
NYC-04944,2026-09-10 01:54:34.329122,New York,Queensbridge,40.787332864679705,-73.99395828307999,15.6,completed
NYC-02167,2026-09-10 02:01:25.329122,New York,Williamsburg,40.713889121572095,-73.97875720167114,21.9,completed
NYC-00705,2026-09-10 02:02:39.329122,New York,Queensbridge,40.8088956255629,-73.99608829916204,11.74,completed
NYC-03872,2026-09-10 02:25:25.329122,New York,Central Park,40.71724939758485,-73.95956393734471,44.3,completed
NYC-03620,2026-09-10 02:43:58.329122,New York,Upper West Side,40.77400410758538,-73.9303588494956,21.2,completed
NYC-04517,2026-09-10 02:51:01.329122,New York,JFK Airport,40.79862321243159,-73.95517093751694,14.2,completed
NYC-00815,2026-09-10 02:55:19.329122,New York,Midtown,40.75707218628387,-74.01490369983601,70.0,completed
NYC-00468,2026-09-10 02:58:42.329122,New York,Upper East Side,40.72459554223714,-73.94396223231305,10.0,completed
NYC-03435,2026-09-10 03:08:52.329122,New York,Astoria,40.7428153518861,-73.99779273213993,23.53,completed
NYC-00859,2026-09-10 03:16:39.329122,New York,Brooklyn Heights,40.70722795033712,-73.9672058436336,10.7,completed
NYC-01457,2026-09-10 03:24:09.329122,New York,Broadway,40.7744164724355,-73.98348570182371,20.5,completed
NYC-00667,2026-09-10 03:32:21.329122,New York,Upper East Side,40.717674951058555,-73.94489875724295,5.8,completed
NYC-00257,2026-09-10 03:42:28.329122,New York,Midtown,40.77656327763425,-73.9705254470353,7.2,completed
NYC-00569,2026-09-10 03:49:29.329122,New York,Queensbridge,40.73830810137257,-73.93230046204255,16.3,completed
NYC-03668,2026-09-10 03:56:44.329122,New York,JFK Airport,40.70274688283288,-73.99729991791925,16.3,completed
NYC-00406,2026-09-10 03:57:12.329122,New York,LaGuardia Airport,40.742812184660764,-73.93300400011935,12.19,completed
NYC-00817,2026-09-10 03:59:34.329122,New York,Central Park,40.743890297425715,-73.96773082747471,21.9,completed
NYC-01181,2026-09-10 04:03:18.329122,New York,Staten Island Ferry,40.73760593826426,-74.00108940016538,10.0,completed
NYC-03691,2026-09-10 04:19:15.329122,New York,Flushing,40.75772092014276,-73.96075445949165,8.6,completed
NYC-01056,2026-09-10 04:21:16.329122,New York,Astoria,40.78439071178243,-73.97752877404919,7.9,completed
NYC-00130,2026-09-10 04:27:07.329122,New York,LaGuardia Airport,40.74591521034637,-73.96967036814084,8.6,completed
NYC-00429,2026-09-10 04:46:14.329122,New York,Flushing,40.71287737180704,-73.95556137758125,7.9,completed
NYC-00072,2026-09-10 04:48:48.329122,New York,Wall Street,40.7006074328836,-73.97634838112283,9.3,completed
NYC-02364,2026-09-10 04:49:31.329122,New York,Upper East Side,40.7634919875408,-73.97678785543255,19.1,completed
NYC-03667,2026-09-10 04:50:49.329122,New York,Upper East Side,40.7176747543183,-74.0040266348508,10.7,completed
NYC-04198,2026-09-10 04:56:58.329122,New York,DUMBO,40.74873370769714,-73.95893073927238,55.5,completed
NYC-00749,2026-09-10 05:02:22.329122,New York,Upper West Side,40.76866617955054,-73.95819892494484,21.9,completed
NYC-02715,2026-09-10 05:31:02.329122,New York,DUMBO,40.73297805803218,-73.93412815225861,14.9,completed
NYC-03304,2026-09-10 05:38:23.329122,New York,Astoria,40.72421224584953,-74.01637028550536,12.8,completed
NYC-00554,2026-09-10 05:57:09.329122,New York,JFK Airport,40.79643189629242,-73.94485235928853,17.0,completed
NYC-00960,2026-09-10 06:17:49.329122,New York,Midtown,40.709107853471764,-73.98396790358441,22.6,completed
NYC-03709,2026-09-10 06:33:10.329122,New York,Downtown Manhattan,40.80596963524906,-73.95487773696041,7.9,completed
NYC-00425,2026-09-10 06:33:12.329122,New York,Central Park,40.760448177055615,-73.9681109509044,12.1,completed
NYC-03023,2026-09-10 06:37:46.329122,New York,Brooklyn Heights,40.73657017728636,-73.98305456607865,10.7,completed
NYC-04218,2026-09-10 06:38:18.329122,New York,Times Square,40.7758241453313,-73.94381011097812,17.7,completed
NYC-04025,2026-09-10 06:42:20.329122,New York,Astoria,40.79067854919743,-73.98562377828593,6.5,completed
NYC-02969,2026-09-10 07:02:26.329122,New York,Downtown Manhattan,40.75458846281706,-73.93944099738404,32.4,completed
NYC-01201,2026-09-10 07:13:42.329122,New York,Upper West Side,40.702704560810474,-73.9837726280059,24.7,completed
NYC-04613,2026-09-10 07:14:53.329122,New York,DUMBO,40.711991497720504,-74.01060656877254,11.4,completed
NYC-01756,2026-09-10 07:21:48.329122,New York,LaGuardia Airport,40.805553430875314,-73.94468229199961,25.4,completed
NYC-00496,2026-09-10 07:44:52.329122,New York,Coney Island,40.7642021723036,-73.96786179374904,14.9,completed
NYC-00345,2026-09-10 08:05:11.329122,New York,Coney Island,40.76774351078575,-73.97162138707237,5.8,completed
NYC-00453,2026-09-10 08:13:46.329122,New York,Williamsburg,40.799698982360425,-73.9829970097168,12.1,completed
NYC-03386,2026-09-10 08:40:18.329122,New York,Empire State Building,40.72677363515404,-73.93220254038812,28.9,completed
NYC-02421,2026-09-10 08:57:33.329122,New York,Harlem,40.702568730596106,-73.95789321812302,10.7,completed
NYC-03933,2026-09-10 09:31:17.329122,New York,Midtown,40.72449436870354,-73.95991584577752,14.2,completed
NYC-01271,2026-09-10 09:35:15.329122,New York,Upper West Side,40.794613463690816,-73.93644647032174,11.4,completed
NYC-03186,2026-09-10 09:39:44.329122,New York,Central Park,40.73925745726883,-73.99831033678036,10.0,completed
NYC-03707,2026-09-10 09:45:23.329122,New York,Wall Street,40.73052111476975,-73.97471027135353,40.19,completed
NYC-02003,2026-09-10 09:54:33.329122,New York,JFK Airport,40.72745008198345,-73.95099084792956,51.3,completed
NYC-04766,2026-09-10 09:55:09.329122,New York,Upper East Side,40.79432836685272,-73.96293504495901,70.0,completed
NYC-01859,2026-09-10 09:55:13.329122,New York,Harlem,40.78013397448778,-73.96294994843508,7.2,completed
NYC-04542,2026-09-10 09:59:00.329122,New York,Astoria,40.72353941465682,-73.98868282004604,39.4,completed
NYC-01199,2026-09-10 10:04:07.329122,New York,Staten Island Ferry,40.71430948641437,-74.01347299147409,18.4,completed
NYC-03449,2026-09-10 10:05:39.329122,New York,Williamsburg,40.705868279668785,-73.949290005825,14.9,completed
NYC-00835,2026-09-10 10:08:38.329122,New York,Williamsburg,40.746081799445506,-73.96641266785419,21.2,completed
NYC-01627,2026-09-10 10:11:25.329122,New York,Downtown Manhattan,40.75894104529204,-73.95764094150731,77.2,completed
NYC-04983,2026-09-10 10:20:32.329122,New York,Midtown,40.79230096686796,-73.93811587232513,6.5,completed
NYC-02305,2026-09-10 10:34:48.329122,New York,LaGuardia Airport,40.743671654536094,-73.93776452553942,17.7,completed
NYC-04841,2026-09-10 10:57:01.329122,New York,Broadway,40.80489958686127,-73.93075651879023,4.4,completed
NYC-03172,2026-09-10 10:59:07.329122,New York,LaGuardia Airport,40.717544148879554,-73.976224753472,19.8,completed
NYC-03840,2026-09-10 11:09:01.329122,New York,Broadway,40.75847293679554,-73.96838503735583,21.2,completed
NYC-04646,2026-09-10 11:09:10.329122,New York,Queensbridge,40.77454955653215,-73.94958437722201,5.8,completed
NYC-04878,2026-09-10 11:12:02.329122,New York,Broadway,40.73987521829847,-73.9551401990943,10.0,completed
NYC-03894,2026-09-10 11:32:41.329122,New York,Midtown,40.78046461104475,-74.01912696805692,14.9,completed
NYC-00131,2026-09-10 11:48:54.329122,New York,Upper West Side,40.724431859151785,-73.9736732025619,11.4,completed
NYC-01085,2026-09-10 12:04:12.329122,New York,Wall Street,40.75141416623749,-73.97880118485664,19.8,completed
NYC-01486,2026-09-10 12:51:29.329122,New York,Flushing,40.74357899607702,-73.93445467945699,21.9,completed
NYC-02337,2026-09-10 13:06:33.329122,New York,Wall Street,40.7405958323937,-73.99583499314222,6.5,completed
NYC-01470,2026-09-10 13:07:06.329122,New York,JFK Airport,40.762371788708535,-73.96078450799159,7.9,completed
NYC-02657,2026-09-10 13:26:21.329122,New York,Flushing,40.793538280123194,-73.95975531186971,12.1,completed
NYC-01559,2026-09-10 13:26:47.329122,New York,Upper East Side,40.799002543573785,-73.93403423555698,15.6,completed
NYC-02436,2026-09-10 13:27:36.329122,New York,Williamsburg,40.742406309521066,-74.00103640014326,9.3,completed
NYC-01968,2026-09-10 13:34:07.329122,New York,Empire State Building,40.73679624176162,-73.96055772507721,12.1,completed
NYC-01652,2026-09-10 13:45:22.329122,New York,Upper East Side,40.72894238269019,-73.99114420841047,12.1,completed
NYC-03847,2026-09-10 13:53:42.329122,New York,Coney Island,40.7618407692171,-73.9608522104524,12.8,completed
NYC-00010,2026-09-10 14:13:28.329122,New York,Downtown Manhattan,40.70226429437254,-74.00510502028027,7.9,completed
NYC-00206,2026-09-10 14:17:22.329122,New York,Brooklyn Heights,40.71116186971527,-73.94783438483925,26.52,completed
NYC-01651,2026-09-10 14:26:48.329122,New York,Wall Street,40.73334411915399,-73.9421504521413,24.7,completed
NYC-02700,2026-09-10 14:30:33.329122,New York,Broadway,40.757342565241956,-73.93029850498588,20.5,completed
NYC-01223,2026-09-10 14:33:58.329122,New York,Upper East Side,40.80379775121844,-73.98699502822656,70.0,completed
NYC-03978,2026-09-10 14:34:47.329122,New York,Upper West Side,40.70556304142067,-73.9620606452709,7.2,completed
NYC-00190,2026-09-10 14:40:20.329122,New York,Williamsburg,40.71024130445865,-73.99010447301444,74.4,completed
NYC-01444,2026-09-10 14:49:14.329122,New York,Staten Island Ferry,40.795495647981525,-73.96642508430064,24.7,completed
NYC-03193,2026-09-10 14:51:28.329122,New York,JFK Airport,40.73594167962331,-74.00134457297052,6.5,completed
NYC-02683,2026-09-10 15:08:31.329122,New York,Astoria,40.74170034535391,-73.97658187585648,9.3,completed
NYC-02159,2026-09-10 15:14:35.329122,New York,Coney Island,40.78237089706597,-73.96771282720316,10.7,completed
NYC-02779,2026-09-10 15:16:15.329122,New York,Harlem,40.72301040119488,-73.97336035159277,93.52,completed
NYC-00323,2026-09-10 15:21:09.329122,New York,JFK Airport,40.730792728664056,-73.93010863577659,10.0,completed
NYC-02008,2026-09-10 15:21:45.329122,New York,Harlem,40.70719027733209,-73.99828800975658,12.8,completed
NYC-00643,2026-09-10 15:33:28.329122,New York,Astoria,40.73602470873957,-73.98853470410731,15.6,completed
NYC-03873,2026-09-10 15:34:07.329122,New York,Staten Island Ferry,40.7910032364711,-74.0196076378039,7.2,completed
NYC-00016,2026-09-10 15:37:17.329122,New York,Midtown,40.73346664672555,-74.0162652407041,28.9,completed
NYC-03741,2026-09-10 15:38:43.329122,New York,Wall Street,40.78991486320368,-73.98231169085656,21.2,completed
NYC-02826,2026-09-10 15:44:27.329122,New York,LaGuardia Airport,40.7801747586497,-73.93503146926628,13.5,completed
NYC-03382,2026-09-10 16:02:24.329122,New York,Flushing,40.70342640020728,-73.960338437289,12.1,completed
NYC-01805,2026-09-10 16:08:56.329122,New York,Flushing,40.785211888429934,-73.94802773241976,24.7,completed
NYC-04891,2026-09-10 16:11:22.329122,New York,Upper East Side,40.706131493894624,-74.01241564967373,11.4,completed
NYC-03904,2026-09-10 16:20:27.329122,New York,Times Square,40.79286335578148,-73.9653952378196,23.3,completed
NYC-04827,2026-09-10 16:35:25.329122,New York,Upper East Side,40.7184323193235,-73.97170390482381,15.6,completed
NYC-03852,2026-09-10 16:45:09.329122,New York,Broadway,40.767407541909016,-74.01739029300975,9.3,completed
NYC-01765,2026-09-10 17:15:25.329122,New York,Downtown Manhattan,40.73571435195791,-73.93848188884273,26.8,completed
NYC-03367,2026-09-10 17:17:21.329122,New York,Wall Street,40.72964630485215,-73.9489121841068,57.6,completed
NYC-01206,2026-09-10 17:26:01.329122,New York,Harlem,40.77516249142672,-73.99672984627237,8.6,completed
NYC-04438,2026-09-10 17:27:39.329122,New York,Upper East Side,40.80917660821782,-74.01991847482785,10.7,completed
NYC-02238,2026-09-10 17:30:52.329122,New York,LaGuardia Airport,40.708686607840995,-73.96042885811752,11.4,completed
NYC-04713,2026-09-10 17:42:43.329122,New York,Upper East Side,40.78273257659667,-73.99962133554212,41.5,completed
NYC-02821,2026-09-10 17:43:43.329122,New York,Midtown,40.7251544457564,-73.98569678061688,15.6,completed
NYC-04747,2026-09-10 18:02:00.329122,New York,Astoria,40.704285363098336,-73.99238851452009,12.1,completed
NYC-02583,2026-09-10 18:06:16.329122,New York,Upper West Side,40.74942847162436,-74.00918566671379,26.8,completed
NYC-01011,2026-09-10 18:11:52.329122,New York,Brooklyn Heights,40.80864348087963,-73.94639601337904,10.41,completed
NYC-03540,2026-09-10 19:01:12.329122,New York,LaGuardia Airport,40.72315576336319,-73.96727330898102,7.2,completed
NYC-04607,2026-09-10 19:05:12.329122,New York,LaGuardia Airport,40.72010947273932,-73.97558417356055,17.7,completed
NYC-00539,2026-09-10 19:07:19.329122,New York,Wall Street,40.71420753566667,-73.97794651035933,24.7,completed
NYC-03433,2026-09-10 19:16:07.329122,New York,Wall Street,40.748652318599625,-73.9423809282873,20.5,completed
NYC-01513,2026-09-10 19:31:04.329122,New York,Midtown,40.7020055840944,-73.94808260688053,10.7,completed
NYC-03460,2026-09-10 19:38:58.329122,New York,Central Park,40.730281703479704,-73.93340326814574,14.2,completed
NYC-00800,2026-09-10 19:49:41.329122,New York,JFK Airport,40.777796249774475,-73.99305191876772,7.9,completed
NYC-03441,2026-09-10 20:06:57.329122,New York,Upper West Side,40.75804452128439,-74.00138466004451,16.3,completed
NYC-04777,2026-09-10 20:09:29.329122,New York,Times Square,40.733860106502874,-73.930435653082,44.3,completed
NYC-01631,2026-09-10 20:20:14.329122,New York,Times Square,40.73823286766629,-74.00754421726286,15.6,completed
NYC-01147,2026-09-10 20:22:48.329122,New York,Brooklyn Heights,40.77242970181243,-73.97613626728709,20.5,completed
NYC-00396,2026-09-10 20:23:45.329122,New York,LaGuardia Airport,40.794425402702736,-74.01167954346666,7.9,completed
NYC-01824,2026-09-10 20:28:06.329122,New York,Williamsburg,40.77082946788953,-74.00062578587928,7.9,completed
NYC-00011,2026-09-10 20:29:20.329122,New York,Williamsburg,40.80669008373782,-73.95640562839053,9.3,completed
NYC-00177,2026-09-10 20:37:25.329122,New York,Upper East Side,40.74254088809306,-74.0121964089164,12.8,completed
NYC-02718,2026-09-10 20:37:57.329122,New York,Broadway,40.79317669096823,-73.9816696160467,7.2,completed
NYC-04242,2026-09-10 20:45:22.329122,New York,Astoria,40.78318791705647,-73.95712279695113,11.4,completed
NYC-01093,2026-09-10 21:10:05.329122,New York,Central Park,40.75639573621182,-73.96926366086991,12.8,completed
NYC-03006,2026-09-10 21:11:12.329122,New York,Times Square,40.79966957665294,-73.95191152748542,11.4,completed
NYC-01874,2026-09-10 21:54:42.329122,New York,Brooklyn Heights,40.78060816992429,-73.94296673293678,6.5,completed
NYC-02996,2026-09-10 21:58:00.329122,New York,Coney Island,40.71730005289977,-74.00114326981188,7.2,completed
NYC-03643,2026-09-10 21:58:19.329122,New York,Wall Street,40.751292935423386,-73.99614685736735,8.6,completed
NYC-02429,2026-09-10 21:59:41.329122,New York,Times Square,40.79772440395396,-73.96007940386781,70.0,completed
NYC-03309,2026-09-10 22:02:22.329122,New York,Queensbridge,40.751066237171315,-73.97423149976521,8.6,completed
NYC-03522,2026-09-10 22:10:40.329122,New York,Central Park,40.729541838419905,-74.00589133471607,25.4,completed
NYC-02879,2026-09-10 22:21:27.329122,New York,Times Square,40.72047494875287,-74.01597084501803,4.4,completed
NYC-04022,2026-09-10 22:41:06.329122,New York,Upper East Side,40.77396222276209,-73.97635069438803,14.9,completed
NYC-01503,2026-09-10 22:55:09.329122,New York,Queensbridge,40.73753726103888,-74.01910276887389,28.36,completed
NYC-02867,2026-09-10 23:00:19.329122,New York,Wall Street,40.78346538791331,-73.98887542867213,6.5,completed
NYC-01772,2026-09-10 23:05:56.329122,New York,Downtown Manhattan,40.79812931578343,-73.96275049288208,29.6,completed
NYC-03744,2026-09-10 23:06:25.329122,New York,Harlem,40.70075657584417,-73.97351081406497,70.0,completed
NYC-04579,2026-09-10 23:34:32.329122,New York,Broadway,40.77101628347643,-74.00009890633999,7.9,completed
NYC-02168,2026-09-10 23:37:16.329122,New York,Upper East Side,40.7743795318283,-73.99638255264733,9.3,completed
NYC-01698,2026-09-10 23:54:56.329122,New York,Upper East Side,40.80594266227481,-73.94720273148698,70.0,completed
NYC-02484,2026-09-10 23:59:33.329122,New York,Central Park,40.75089431655719,-73.98367179749559,5.1,completed
NYC-02641,2026-09-11 00:04:29.329122,New York,DUMBO,40.711590141447594,-73.99005788382766,7.9,completed
NYC-00202,2026-09-11 00:04:53.329122,New York,Central Park,40.71777915855041,-73.96215003278681,8.6,completed
NYC-01942,2026-09-11 00:06:24.329122,New York,Central Park,40.78633866748226,-73.95942926503402,9.3,completed
NYC-01937,2026-09-11 00:07:23.329122,New York,Central Park,40.790755435119806,-73.9510326335993,70.0,completed
NYC-03496,2026-09-11 00:16:50.329122,New York,JFK Airport,40.79492965144948,-73.93051408128152,31.7,completed
NYC-03247,2026-09-11 00:21:02.329122,New York,Central Park,40.745315390453754,-73.96682152693232,7.9,completed
NYC-04031,2026-09-11 00:21:27.329122,New York,Brooklyn Heights,40.729770833618,-73.95608111365154,10.7,completed
NYC-01845,2026-09-11 00:34:11.329122,New York,Staten Island Ferry,40.726476198301576,-74.0025738571184,10.7,completed
NYC-02761,2026-09-11 00:37:49.329122,New York,Times Square,40.70086257498491,-74.0121054122452,36.6,completed
NYC-01005,2026-09-11 00:42:26.329122,New York,Queensbridge,40.772466170338184,-73.93338957482669,27.94,completed
NYC-02414,2026-09-11 00:58:36.329122,New York,JFK Airport,40.75560006297015,-73.97632699562675,17.7,completed
NYC-02467,2026-09-11 01:04:29.329122,New York,Flushing,40.704340548618,-73.96142905112379,31.0,completed
NYC-02205,2026-09-11 01:25:16.329122,New York,Queensbridge,40.80098842074191,-74.00347783353803,70.0,completed
NYC-01800,2026-09-11 01:30:15.329122,New York,Williamsburg,40.805215153812945,-74.01486108293993,8.6,completed
NYC-02822,2026-09-11 01:32:24.329122,New York,LaGuardia Airport,40.769780005775885,-73.982933294517,5.8,completed
NYC-01459,2026-09-11 01:37:48.329122,New York,Upper East Side,40.772477401725595,-73.98874403731249,15.6,completed
NYC-02334,2026-09-11 01:39:50.329122,New York,LaGuardia Airport,40.71259364018725,-73.98829220042117,6.5,completed
NYC-04467,2026-09-11 01:44:24.329122,New York,Broadway,40.71746104397118,-73.93816614608903,22.09,completed
NYC-04735,2026-09-11 01:47:21.329122,New York,Central Park,40.71310547391957,-73.96558485578453,14.9,completed
NYC-02633,2026-09-11 02:10:54.329122,New York,Queensbridge,40.718364839762195,-73.93147624302351,7.2,completed
NYC-03775,2026-09-11 02:32:56.329122,New York,Broadway,40.80247104057405,-74.00862668722476,11.4,completed
NYC-01404,2026-09-11 02:40:50.329122,New York,LaGuardia Airport,40.773018498038404,-74.01462139532394,15.6,completed
NYC-00585,2026-09-11 02:46:44.329122,New York,Downtown Manhattan,40.726416018065606,-74.0150408618357,44.3,completed
NYC-01327,2026-09-11 02:47:42.329122,New York,Broadway,40.78686683578567,-73.98321703939561,7.2,completed
NYC-02710,2026-09-11 03:08:44.329122,New York,JFK Airport,40.78504560613106,-74.01699161202161,17.65,completed
NYC-01763,2026-09-11 03:09:50.329122,New York,Broadway,40.753706525072396,-73.9943332063591,7.9,completed
NYC-00267,2026-09-11 03:14:19.329122,New York,Downtown Manhattan,40.77727324923858,-73.97775338422097,9.3,completed
NYC-00988,2026-09-11 03:20:42.329122,New York,Williamsburg,40.727104223656305,-73.96006475505276,17.7,completed
NYC-03554,2026-09-11 03:22:43.329122,New York,Staten Island Ferry,40.715848666461454,-73.98349425487702,12.0,completed
NYC-00697,2026-09-11 03:51:47.329122,New York,Brooklyn Heights,40.76393620435649,-73.98350754913027,10.7,completed
NYC-03502,2026-09-11 04:05:05.329122,New York,Staten Island Ferry,40.8096961689894,-73.99474279781111,14.9,completed
NYC-04842,2026-09-11 04:22:08.329122,New York,Harlem,40.738755975967784,-73.9935364260964,8.6,completed
NYC-01577,2026-09-11 04:22:23.329122,New York,Empire State Building,40.77061686504876,-73.99563847561285,70.0,completed
NYC-00719,2026-09-11 04:42:40.329122,New York,LaGuardia Airport,40.780395422272406,-74.00705188302909,12.8,completed
NYC-04440,2026-09-11 04:47:27.329122,New York,Wall Street,40.79617380675508,-74.00459337305483,10.0,completed
NYC-01551,2026-09-11 04:58:03.329122,New York,Central Park,40.7661773002161,-73.97303522122253,11.4,completed
NYC-04132,2026-09-11 04:59:53.329122,New York,Broadway,40.772801804362544,-73.97312659724703,14.2,completed
NYC-03723,2026-09-11 05:13:09.329122,New York,LaGuardia Airport,40.72043063792057,-73.98503219667946,61.8,completed
NYC-00292,2026-09-11 05:18:28.329122,New York,Harlem,40.79048606167257,-74.01645743081622,34.5,completed
NYC-00775,2026-09-11 05:26:16.329122,New York,LaGuardia Airport,40.716490917008365,-73.98622107888043,14.2,completed
NYC-03473,2026-09-11 05:33:35.329122,New York,Times Square,40.776960352658435,-74.0046007769428,9.3,completed
NYC-04866,2026-09-11 05:42:39.329122,New York,Empire State Building,40.73915535508177,-73.98149588890256,32.4,completed
NYC-01428,2026-09-11 05:47:51.329122,New York,Williamsburg,40.770303193159705,-73.9958541519615,26.8,completed
NYC-02986,2026-09-11 05:49:20.329122,New York,LaGuardia Airport,40.70568355938238,-73.9494442733712,5.1,completed
NYC-00914,2026-09-11 06:00:06.329122,New York,Williamsburg,40.76072518989372,-73.97344550472211,41.5,completed
NYC-02483,2026-09-11 06:12:23.329122,New York,Staten Island Ferry,40.716367556634566,-73.97533095058441,40.5,completed
NYC-04953,2026-09-11 06:12:36.329122,New York,Staten Island Ferry,40.77411318527625,-73.9973823081572,6.5,completed
NYC-02306,2026-09-11 06:24:23.329122,New York,Downtown Manhattan,40.70958020434754,-73.94503052753024,11.4,completed
NYC-03871,2026-09-11 06:25:29.329122,New York,LaGuardia Airport,40.71999567539391,-74.00794226199251,11.4,completed
NYC-01653,2026-09-11 06:25:48.329122,New York,Upper West Side,40.73961500482187,-74.00395016388146,27.5,completed
NYC-01249,2026-09-11 06:28:17.329122,New York,Downtown Manhattan,40.767831534597285,-74.01224778056059,14.2,completed
NYC-02010,2026-09-11 06:31:09.329122,New York,Brooklyn Heights,40.70369749602016,-73.99745653479252,14.2,completed
NYC-03661,2026-09-11 06:34:18.329122,New York,DUMBO,40.755140320908836,-73.98291157513307,53.4,completed
NYC-04913,2026-09-11 06:46:07.329122,New York,DUMBO,40.721500380040524,-73.96542312009306,15.6,completed
NYC-04097,2026-09-11 06:51:10.329122,New York,Flushing,40.708975859200535,-74.01223757458264,6.5,completed
NYC-04629,2026-09-11 06:57:23.329122,New York,Upper West Side,40.756162744960136,-73.98530766087703,12.1,completed
NYC-01214,2026-09-11 07:02:43.329122,New York,Brooklyn Heights,40.776305044835965,-73.95044439249162,3.0,completed
NYC-00457,2026-09-11 07:10:53.329122,New York,Empire State Building,40.751552670619354,-73.98481743158429,17.7,completed
NYC-00337,2026-09-11 07:12:08.329122,New York,Upper West Side,40.7774023645318,-73.96862314573491,12.1,completed
NYC-04447,2026-09-11 07:20:16.329122,New York,Broadway,40.78790737682153,-73.95555432519224,20.5,completed
NYC-03204,2026-09-11 07:25:37.329122,New York,JFK Airport,40.774463486129655,-73.96023332909202,14.2,completed
NYC-03654,2026-09-11 07:26:35.329122,New York,Astoria,40.703351005493985,-73.9865682994599,9.3,completed
NYC-01302,2026-09-11 07:45:29.329122,New York,Flushing,40.705716841201664,-73.97632599318916,17.7,completed
NYC-03972,2026-09-11 07:45:40.329122,New York,Times Square,40.730276309914075,-73.99525187272238,10.0,completed
NYC-02052,2026-09-11 07:49:18.329122,New York,JFK Airport,40.71823519941796,-73.93631165659356,13.5,completed
NYC-02096,2026-09-11 07:54:39.329122,New York,DUMBO,40.76353527024693,-73.94479854654185,13.5,completed
NYC-02574,2026-09-11 07:56:30.329122,New York,Brooklyn Heights,40.724863189759766,-74.0192480766245,67.4,completed
NYC-02624,2026-09-11 08:01:27.329122,New York,Williamsburg,40.741504985935954,-73.97379089525867,31.7,completed
NYC-02422,2026-09-11 08:02:36.329122,New York,Broadway,40.78318349753452,-73.98486611985578,5.1,completed
NYC-03372,2026-09-11 08:04:32.329122,New York,Coney Island,40.72910985296179,-73.98427995462198,5.1,completed
NYC-01165,2026-09-11 08:05:34.329122,New York,Flushing,40.7899763726531,-73.97599441662054,9.3,completed
NYC-00788,2026-09-11 08:07:56.329122,New York,Brooklyn Heights,40.75082063840086,-73.93005847295751,13.5,completed
NYC-03925,2026-09-11 08:20:13.329122,New York,Central Park,40.70283465586408,-73.9665101439466,16.3,completed
NYC-03211,2026-09-11 08:31:50.329122,New York,Central Park,40.77410099592224,-73.95153166224517,45.0,completed
NYC-03275,2026-09-11 08:46:12.329122,New York,Queensbridge,40.79035271991908,-73.9532019091791,4.4,completed
NYC-02523,2026-09-11 08:49:14.329122,New York,Queensbridge,40.739458707795876,-73.95442463588866,12.8,completed
NYC-03653,2026-09-11 08:57:57.329122,New York,JFK Airport,40.718777919964374,-73.96745275594228,6.5,completed
NYC-04744,2026-09-11 09:04:22.329122,New York,Times Square,40.72560011838071,-73.99611672401917,11.4,completed
NYC-01743,2026-09-11 09:05:34.329122,New York,Flushing,40.701213439087155,-73.94243405590348,15.6,completed
NYC-01432,2026-09-11 09:11:07.329122,New York,Coney Island,40.75377312382826,-73.94065281857422,9.3,completed
NYC-04875,2026-09-11 09:14:01.329122,New York,Flushing,40.7707074577557,-74.01199634295205,12.8,completed
NYC-03272,2026-09-11 09:50:32.329122,New York,Midtown,40.77957880285904,-74.01373187190265,13.5,completed
NYC-00796,2026-09-11 09:54:36.329122,New York,Queensbridge,40.8025330110732,-74.007782873221,10.7,completed
NYC-03507,2026-09-11 10:16:23.329122,New York,Central Park,40.75115104692791,-73.9663435597538,9.3,completed
NYC-00215,2026-09-11 10:28:31.329122,New York,Queensbridge,40.72609739962465,-73.96526097609102,4.4,completed
NYC-03881,2026-09-11 10:30:49.329122,New York,JFK Airport,40.78046349956735,-73.98013773117623,24.0,completed
NYC-04533,2026-09-11 10:45:47.329122,New York,Midtown,40.73370569942862,-73.94397617496318,15.6,completed
NYC-01376,2026-09-11 10:59:43.329122,New York,Flushing,40.74898357805029,-73.95328221624844,11.66,completed
NYC-04322,2026-09-11 11:10:42.329122,New York,Midtown,40.773947575602364,-73.96453981735537,12.1,completed
NYC-03982,2026-09-11 11:40:30.329122,New York,Times Square,40.724675041473894,-73.96262991591539,5.8,completed
NYC-03927,2026-09-11 11:44:31.329122,New York,Midtown,40.772545657981645,-74.00522335323492,11.4,completed
NYC-04044,2026-09-11 11:47:02.329122,New York,LaGuardia Airport,40.74523095234564,-73.9789485511948,15.6,completed
NYC-01004,2026-09-11 11:51:41.329122,New York,Upper East Side,40.78872172626476,-74.00585165047987,12.8,completed
NYC-00957,2026-09-11 11:55:49.329122,New York,Times Square,40.70516625634526,-73.98681473600763,7.2,completed
NYC-00764,2026-09-11 12:07:39.329122,New York,Broadway,40.70368856782094,-73.94127307153092,23.3,completed
NYC-01179,2026-09-11 12:24:32.329122,New York,Empire State Building,40.75953932365437,-73.99130644094143,8.6,completed
NYC-01494,2026-09-11 12:25:05.329122,New York,Upper East Side,40.76637934527196,-73.93305806867829,10.7,completed
NYC-01544,2026-09-11 12:27:19.329122,New York,Williamsburg,40.80592195627614,-73.97546566435595,20.5,completed
NYC-03417,2026-09-11 12:31:11.329122,New York,Upper East Side,40.771977620604204,-73.96863851424352,27.5,completed
NYC-01624,2026-09-11 12:37:36.329122,New York,Astoria,40.71928332365935,-73.94634754227444,8.6,completed
NYC-00304,2026-09-11 12:42:46.329122,New York,Broadway,40.7798700467095,-73.98104440710486,14.9,completed
NYC-00618,2026-09-11 13:00:57.329122,New York,JFK Airport,40.78868214077724,-73.97044864289128,14.2,completed
NYC-01496,2026-09-11 13:16:39.329122,New York,Staten Island Ferry,40.76814393806106,-73.98653468938902,13.5,completed
NYC-04482,2026-09-11 13:27:06.329122,New York,Upper West Side,40.760881895383086,-73.9647234648414,8.6,completed
NYC-00776,2026-09-11 13:32:48.329122,New York,Coney Island,40.725217653475596,-73.96359219863119,21.2,completed
NYC-00552,2026-09-11 13:36:55.329122,New York,Times Square,40.76070975226519,-73.9351315494336,8.6,completed
NYC-00250,2026-09-11 13:37:11.329122,New York,Broadway,40.73238937812766,-73.98525541579133,15.6,completed
NYC-02622,2026-09-11 13:45:08.329122,New York,Brooklyn Heights,40.74771991615342,-74.00584879014151,13.5,completed
NYC-00645,2026-09-11 13:52:09.329122,New York,LaGuardia Airport,40.797958000881394,-73.99532083997883,40.1,completed
NYC-04308,2026-09-11 14:10:08.329122,New York,Central Park,40.79115181967301,-74.0051739392001,3.7,completed
NYC-02524,2026-09-11 14:11:51.329122,New York,Times Square,40.788488092844744,-73.98806388489125,12.8,completed
NYC-03970,2026-09-11 14:13:03.329122,New York,Astoria,40.80711804546929,-74.00951990283237,28.9,completed
NYC-04380,2026-09-11 14:13:32.329122,New York,Staten Island Ferry,40.706824555865225,-74.01893157879975,8.6,completed
NYC-04800,2026-09-11 14:27:24.329122,New York,Brooklyn Heights,40.71362306293764,-73.9493605314951,28.2,completed
NYC-03984,2026-09-11 14:30:14.329122,New York,Staten Island Ferry,40.789903584343456,-74.01897492987203,15.6,completed
NYC-03390,2026-09-11 14:39:53.329122,New York,Flushing,40.73553300803295,-73.96545864977685,6.5,completed
NYC-01159,2026-09-11 14:40:30.329122,New York,DUMBO,40.7032172011338,-73.94475289892843,19.1,completed
NYC-00012,2026-09-11 14:41:25.329122,New York,Midtown,40.79156869048805,-73.97181870087445,21.2,completed
NYC-01474,2026-09-11 14:42:30.329122,New York,Astoria,40.73597364777196,-73.95574378469217,60.4,completed
NYC-02629,2026-09-11 14:48:30.329122,New York,Empire State Building,40.742641368600125,-73.95243978871466,19.1,completed
NYC-01453,2026-09-11 14:57:23.329122,New York,Coney Island,40.76276707213027,-73.9911731131753,90.0,completed
NYC-01038,2026-09-11 14:58:13.329122,New York,Queensbridge,40.707189197487885,-74.00858783807858,10.7,completed
NYC-00792,2026-09-11 15:01:02.329122,New York,LaGuardia Airport,40.75564775467729,-73.93310962288595,24.0,completed
NYC-03254,2026-09-11 15:01:31.329122,New York,Midtown,40.73709272331224,-73.9828444542017,11.4,completed
NYC-02070,2026-09-11 15:02:14.329122,New York,Wall Street,40.78324266562575,-73.98714571899767,10.7,completed
NYC-04394,2026-09-11 15:13:59.329122,New York,Brooklyn Heights,40.80405679788302,-73.985977204399,14.93,completed
NYC-01332,2026-09-11 15:16:29.329122,New York,LaGuardia Airport,40.72513002154645,-73.9715714802291,7.2,completed
NYC-02097,2026-09-11 15:17:01.329122,New York,Midtown,40.769804065930536,-74.01607051641582,26.1,completed
NYC-03070,2026-09-11 15:19:37.329122,New York,Upper West Side,40.77772928568666,-73.98079697577886,12.1,completed
NYC-04427,2026-09-11 15:21:49.329122,New York,Times Square,40.7106662238062,-73.94402113728015,47.1,completed
NYC-01262,2026-09-11 15:29:35.329122,New York,Downtown Manhattan,40.7341398154816,-74.00590484665966,15.6,completed
NYC-01218,2026-09-11 15:32:02.329122,New York,Williamsburg,40.771996233570924,-73.98639821550714,50.6,completed
NYC-04519,2026-09-11 15:50:37.329122,New York,Coney Island,40.70248209628759,-73.98440598314347,8.6,completed
NYC-03880,2026-09-11 15:52:45.329122,New York,Upper East Side,40.7552670015883,-73.96733905051656,6.5,completed
NYC-00937,2026-09-11 15:53:08.329122,New York,Astoria,40.80057286872166,-74.00091268862704,8.6,completed
NYC-03940,2026-09-11 16:21:13.329122,New York,Coney Island,40.78330112761031,-73.9783874697477,8.6,completed
NYC-01960,2026-09-11 16:31:40.329122,New York,Wall Street,40.71301698100157,-73.9721794042087,26.8,completed
NYC-02201,2026-09-11 17:40:51.329122,New York,Midtown,40.712179265265895,-74.00780348137953,11.4,completed
NYC-02437,2026-09-11 17:42:58.329122,New York,Staten Island Ferry,40.737442581467995,-73.99952195107572,5.8,completed
NYC-04419,2026-09-11 17:43:53.329122,New York,Flushing,40.7194790480937,-73.97342850915541,23.3,completed
NYC-02090,2026-09-11 17:48:08.329122,New York,Brooklyn Heights,40.785317303601786,-74.01181580950782,21.2,completed
NYC-02843,2026-09-11 17:52:36.329122,New York,Upper West Side,40.804602145395286,-73.97817794783994,70.0,completed
NYC-03737,2026-09-11 17:57:10.329122,New York,Broadway,40.782629485064945,-74.01280157654828,17.0,completed
NYC-03535,2026-09-11 18:06:37.329122,New York,Midtown,40.71426468760467,-73.99084940026776,17.7,completed
NYC-04301,2026-09-11 18:58:10.329122,New York,Staten Island Ferry,40.80335254479277,-73.97544496489108,42.9,completed
NYC-02192,2026-09-11 18:58:16.329122,New York,Empire State Building,40.773780554309646,-73.97455604763195,48.5,completed
NYC-00036,2026-09-11 19:34:00.329122,New York,Flushing,40.73350751460907,-73.96445251955947,8.6,completed
NYC-04102,2026-09-11 19:34:26.329122,New York,JFK Airport,40.760295972300085,-73.9908117702512,9.3,completed
NYC-01768,2026-09-11 19:37:03.329122,New York,Staten Island Ferry,40.74134771136604,-73.94068322089474,12.8,completed
NYC-04970,2026-09-11 20:06:12.329122,New York,JFK Airport,40.75226103747609,-74.01400348014306,27.5,completed
NYC-01361,2026-09-11 20:09:46.329122,New York,Wall Street,40.723172840790625,-73.97808469800992,26.1,completed
NYC-04398,2026-09-11 20:10:27.329122,New York,Staten Island Ferry,40.7186875780541,-73.97604985782961,38.34,completed
NYC-04729,2026-09-11 20:14:14.329122,New York,Empire State Building,40.71845960552107,-74.00869049689784,10.0,completed
NYC-02089,2026-09-11 20:28:25.329122,New York,Upper West Side,40.74184620082583,-74.01227851435904,5.8,completed
NYC-00526,2026-09-11 20:45:51.329122,New York,JFK Airport,40.745630145257145,-73.9624933280224,12.8,completed
NYC-00746,2026-09-11 21:09:14.329122,New York,Central Park,40.74222803435106,-73.959313578367,25.4,completed
NYC-04128,2026-09-11 21:14:27.329122,New York,Coney Island,40.73254065072462,-73.9561175758055,9.3,completed
NYC-01391,2026-09-11 21:15:32.329122,New York,JFK Airport,40.7080846422063,-73.98277010287751,6.5,completed
NYC-00018,2026-09-11 21:25:59.329122,New York,Queensbridge,40.74751395205064,-73.96962298047997,14.9,completed
NYC-02199,2026-09-11 21:27:28.329122,New York,JFK Airport,40.74184406038675,-73.93474237906868,21.2,completed
NYC-01157,2026-09-11 21:34:35.329122,New York,JFK Airport,40.796895783511886,-73.95490027264054,7.2,completed
NYC-03527,2026-09-11 21:39:04.329122,New York,Empire State Building,40.783522175761036,-73.94967794034444,14.2,completed
NYC-03235,2026-09-11 21:47:22.329122,New York,Broadway,40.7257623708019,-73.97067806524937,10.7,completed
NYC-02424,2026-09-11 21:57:28.329122,New York,Times Square,40.73181692491699,-73.97777402535165,11.4,completed
NYC-02111,2026-09-11 22:01:03.329122,New York,Brooklyn Heights,40.72222172352428,-73.93735434681581,56.2,completed
NYC-04166,2026-09-11 22:07:01.329122,New York,Flushing,40.72643290357954,-73.94314463832869,15.6,completed
NYC-04546,2026-09-11 22:07:09.329122,New York,Queensbridge,40.70152483495042,-74.00689341353271,33.1,completed
NYC-04235,2026-09-11 22:07:34.329122,New York,DUMBO,40.73473504663745,-73.98695435670119,5.8,completed
NYC-01641,2026-09-11 22:18:01.329122,New York,Wall Street,40.79262366238141,-73.9485278894441,13.5,completed
NYC-04495,2026-09-11 22:43:54.329122,New York,Coney Island,40.767111871423985,-73.97821548676082,14.2,completed
NYC-03134,2026-09-11 23:00:14.329122,New York,Staten Island Ferry,40.72203102196544,-73.95866854487346,17.7,completed
NYC-03480,2026-09-11 23:00:33.329122,New York,Times Square,40.71690601471286,-74.01972812157794,13.5,completed
NYC-00861,2026-09-11 23:01:23.329122,New York,Williamsburg,40.74986177182229,-73.97337861859823,35.2,completed
NYC-01853,2026-09-11 23:05:46.329122,New York,Broadway,40.79311657725593,-73.94968384173349,70.0,completed
NYC-04692,2026-09-11 23:08:39.329122,New York,Empire State Building,40.737850077963444,-73.9845982445127,21.2,completed
NYC-03753,2026-09-11 23:35:48.329122,New York,Times Square,40.77601613940132,-74.00437850702637,6.5,completed
NYC-01602,2026-09-11 23:53:41.329122,New York,DUMBO,40.72493220424497,-73.98705745608281,7.2,completed
NYC-02778,2026-09-12 00:01:44.329122,New York,Brooklyn Heights,40.749009580261614,-73.93924313538253,8.6,completed
NYC-02975,2026-09-12 00:02:43.329122,New York,Staten Island Ferry,40.70277127553552,-74.00616256191074,7.9,completed
NYC-03955,2026-09-12 00:09:27.329122,New York,Wall Street,40.795525047634165,-73.990958466363,14.2,completed
NYC-02858,2026-09-12 00:13:04.329122,New York,Upper West Side,40.70396207001206,-74.00772660054734,9.3,completed
NYC-02787,2026-09-12 00:17:15.329122,New York,Harlem,40.72166182748988,-73.93682034086417,7.2,completed
NYC-00147,2026-09-12 00:21:51.329122,New York,Astoria,40.755294692555175,-73.93906759735398,15.29,completed
NYC-01625,2026-09-12 00:26:31.329122,New York,Staten Island Ferry,40.775900537990275,-74.00454896244611,7.2,completed
NYC-00142,2026-09-12 00:37:31.329122,New York,Queensbridge,40.75469733564817,-73.9676450625274,17.7,completed
NYC-00962,2026-09-12 00:47:41.329122,New York,Upper West Side,40.72698840206495,-73.98341835538432,14.9,completed
NYC-01050,2026-09-12 00:52:58.329122,New York,Midtown,40.79621718399527,-73.97378339199324,117.1,completed
NYC-00787,2026-09-12 00:54:46.329122,New York,Harlem,40.744093655844004,-73.94622906974976,10.0,completed
NYC-02951,2026-09-12 01:04:03.329122,New York,Flushing,40.776693032010066,-74.01430635953614,5.1,completed
NYC-01310,2026-09-12 01:35:14.329122,New York,Midtown,40.70881263310232,-73.98744085192696,11.4,completed
NYC-01216,2026-09-12 01:43:02.329122,New York,LaGuardia Airport,40.70906191501775,-74.00619284058497,7.9,completed
NYC-00346,2026-09-12 01:44:54.329122,New York,Empire State Building,40.76986030159544,-74.01872230289754,12.1,completed
NYC-04518,2026-09-12 01:50:21.329122,New York,LaGuardia Airport,40.72159237325422,-73.97235078335129,5.1,completed
NYC-01684,2026-09-12 02:02:18.329122,New York,DUMBO,40.71457771400161,-73.95752815114214,9.3,completed
NYC-00920,2026-09-12 02:05:15.329122,New York,Williamsburg,40.795531477348774,-74.01014658705378,10.0,completed
NYC-02665,2026-09-12 02:13:53.329122,New York,Queensbridge,40.7324831625329,-73.9950315938679,13.5,completed
NYC-00349,2026-09-12 02:19:35.329122,New York,Upper East Side,40.76884459072857,-73.95763819800777,10.0,completed
NYC-01414,2026-09-12 02:43:08.329122,New York,Upper East Side,40.75842864808011,-74.00207587921626,5.1,completed
NYC-03802,2026-09-12 02:44:03.329122,New York,Broadway,40.790061425243245,-73.97672924486382,34.5,completed
NYC-00123,2026-09-12 02:44:32.329122,New York,Brooklyn Heights,40.712105711698044,-73.9762929131428,11.4,completed
NYC-03397,2026-09-12 02:45:39.329122,New York,Williamsburg,40.79293584825308,-73.9795078497023,5.1,completed
NYC-01000,2026-09-12 02:51:06.329122,New York,Flushing,40.72036462217225,-73.961656874133,6.5,completed
NYC-02076,2026-09-12 03:03:11.329122,New York,Wall Street,40.726267583251975,-73.96834223424715,7.9,completed
NYC-03060,2026-09-12 03:04:44.329122,New York,Brooklyn Heights,40.73270198693381,-73.96314026407126,24.0,completed
NYC-02387,2026-09-12 03:08:57.329122,New York,Astoria,40.76611815834803,-73.93217162234949,37.3,completed
NYC-02708,2026-09-12 03:09:18.329122,New York,Williamsburg,40.70193075997033,-73.97163587286005,17.0,completed
NYC-02573,2026-09-12 03:11:59.329122,New York,Staten Island Ferry,40.75240806849782,-73.95283175686879,12.1,completed
NYC-01485,2026-09-12 03:15:12.329122,New York,JFK Airport,40.740310768835855,-73.97578026112791,12.1,completed
NYC-02909,2026-09-12 04:09:48.329122,New York,Coney Island,40.73343367634806,-73.97570054350413,17.0,completed
NYC-00370,2026-09-12 04:15:15.329122,New York,Midtown,40.71108558015152,-73.98539357676644,7.2,completed
NYC-00026,2026-09-12 04:17:58.329122,New York,Upper East Side,40.72196411603742,-73.99669861526861,10.0,completed
NYC-02340,2026-09-12 04:26:23.329122,New York,Broadway,40.78262958525893,-73.93503628495472,5.8,completed
NYC-03923,2026-09-12 04:30:48.329122,New York,JFK Airport,40.72925212956954,-73.94547610428032,31.0,completed
NYC-01315,2026-09-12 04:34:04.329122,New York,Midtown,40.77079354647162,-73.9359928185679,7.2,completed
NYC-00502,2026-09-12 04:39:49.329122,New York,Upper East Side,40.734048037791496,-73.99904272988115,19.1,completed
NYC-02347,2026-09-12 04:47:54.329122,New York,Upper West Side,40.739811198992165,-73.97762935026886,9.3,completed
NYC-00203,2026-09-12 04:55:27.329122,New York,JFK Airport,40.798840960737984,-73.95540914579858,10.0,completed
NYC-03618,2026-09-12 04:55:32.329122,New York,Times Square,40.78755190258579,-74.01865013496605,5.8,completed
NYC-03616,2026-09-12 04:59:23.329122,New York,Midtown,40.761246340202106,-73.93375050821668,24.7,completed
NYC-01493,2026-09-12 05:09:30.329122,New York,Williamsburg,40.70805155161453,-74.00040701810285,9.3,completed
NYC-01922,2026-09-12 05:14:11.329122,New York,Upper West Side,40.76815482712058,-74.00107514398883,24.7,completed
NYC-00751,2026-09-12 06:02:40.329122,New York,Empire State Building,40.80338153359749,-73.94812997456825,19.1,completed
NYC-00416,2026-09-12 06:21:29.329122,New York,Coney Island,40.73225318488679,-73.98818741271454,8.6,completed
NYC-04222,2026-09-12 06:34:28.329122,New York,JFK Airport,40.79877288227881,-73.9721093824787,14.9,completed
NYC-02928,2026-09-12 06:34:47.329122,New York,JFK Airport,40.782967308565034,-73.95047296674137,7.9,completed
NYC-03346,2026-09-12 06:37:12.329122,New York,Downtown Manhattan,40.729803696814805,-73.94699536565088,63.2,completed
NYC-00058,2026-09-12 06:37:19.329122,New York,Times Square,40.70497500178016,-73.96976459344987,25.5,completed
NYC-04604,2026-09-12 06:46:59.329122,New York,Astoria,40.782640681681116,-73.96116711763855,40.1,completed
NYC-00392,2026-09-12 06:52:04.329122,New York,Brooklyn Heights,40.74092198943721,-73.94188183359422,5.1,completed
NYC-02366,2026-09-12 06:58:50.329122,New York,Williamsburg,40.713530362463615,-73.97560772562767,23.5,completed
NYC-04076,2026-09-12 07:06:17.329122,New York,Astoria,40.7471968606233,-73.94942315386912,10.0,completed
NYC-04750,2026-09-12 07:12:56.329122,New York,Downtown Manhattan,40.737536889473354,-73.98893381455339,16.3,completed
NYC-01377,2026-09-12 07:17:59.329122,New York,Brooklyn Heights,40.75662990893227,-73.94551507647859,55.5,completed
NYC-03854,2026-09-12 07:18:42.329122,New York,Upper East Side,40.772795550571885,-73.97663464717814,17.7,completed
NYC-01636,2026-09-12 07:23:54.329122,New York,Astoria,40.743924750739026,-73.93838200803943,10.7,completed
NYC-00157,2026-09-12 07:26:26.329122,New York,Astoria,40.783778157686164,-73.951919402081,16.3,completed
NYC-04006,2026-09-12 07:39:58.329122,New York,Flushing,40.73971821989752,-73.9928956882193,10.0,completed
NYC-00341,2026-09-12 07:43:50.329122,New York,Staten Island Ferry,40.75208189478587,-73.93464674024901,4.4,completed
NYC-04247,2026-09-12 07:49:32.329122,New York,Queensbridge,40.71324920739963,-73.9794761325853,70.0,completed
NYC-01988,2026-09-12 08:17:26.329122,New York,Upper West Side,40.74805357728767,-74.00583655749851,50.53,completed
NYC-02244,2026-09-12 08:23:05.329122,New York,Staten Island Ferry,40.794126570322135,-73.99439392362318,88.5,completed
NYC-02025,2026-09-12 08:36:30.329122,New York,Wall Street,40.72861735700583,-73.97559925707529,15.6,completed
NYC-04005,2026-09-12 08:51:10.329122,New York,Empire State Building,40.729499180451946,-73.9893481656321,14.2,completed
NYC-00249,2026-09-12 09:14:23.329122,New York,Upper West Side,40.79383104010141,-73.97724024715613,7.9,completed
NYC-03518,2026-09-12 09:19:36.329122,New York,Times Square,40.707813837794845,-73.97884150510964,70.0,completed
NYC-02450,2026-09-12 09:31:11.329122,New York,Upper West Side,40.72972724613439,-73.9717230655228,17.7,completed
NYC-04401,2026-09-12 09:37:36.329122,New York,Central Park,40.75704178575323,-73.99353969502646,12.8,completed
NYC-04126,2026-09-12 09:42:54.329122,New York,Downtown Manhattan,40.774759650063466,-73.98257925441378,18.4,completed
NYC-02405,2026-09-12 09:57:32.329122,New York,Harlem,40.7666357174398,-74.00048671516637,12.8,completed
NYC-02896,2026-09-12 10:04:20.329122,New York,Downtown Manhattan,40.75930040080096,-73.95645476968258,85.6,completed
NYC-02141,2026-09-12 10:08:16.329122,New York,Upper East Side,40.75948731304841,-74.0080683330264,10.0,completed
NYC-03818,2026-09-12 10:30:50.329122,New York,Harlem,40.790276577684345,-73.96806519924579,34.5,completed
NYC-04879,2026-09-12 10:34:57.329122,New York,Queensbridge,40.7906397417068,-73.97006739175535,7.9,completed
NYC-03884,2026-09-12 10:36:34.329122,New York,Central Park,40.79747999493423,-73.94706103777843,12.1,completed
NYC-01431,2026-09-12 10:43:08.329122,New York,Queensbridge,40.75671556314372,-73.9352848963984,10.7,completed
NYC-00243,2026-09-12 10:56:14.329122,New York,Broadway,40.740717457028104,-73.93810628576563,17.0,completed
NYC-01555,2026-09-12 10:56:21.329122,New York,Midtown,40.72332493238991,-73.95582871373244,5.8,completed
NYC-00681,2026-09-12 10:56:31.329122,New York,Midtown,40.72836931097495,-73.97550662700588,26.1,completed
NYC-03036,2026-09-12 11:04:35.329122,New York,Upper East Side,40.747522082035395,-73.99557567444283,70.0,completed
NYC-02788,2026-09-12 11:06:06.329122,New York,Coney Island,40.8046572791398,-74.01780481062009,29.6,completed
NYC-02748,2026-09-12 11:16:41.329122,New York,Downtown Manhattan,40.78922361469269,-73.99276236934269,8.6,completed
NYC-01268,2026-09-12 11:20:46.329122,New York,DUMBO,40.76600226029313,-73.99272408149425,26.1,completed
NYC-00475,2026-09-12 11:21:02.329122,New York,Times Square,40.809226127573126,-73.98317356712873,7.9,completed
NYC-03757,2026-09-12 11:25:12.329122,New York,Coney Island,40.737631838294995,-73.990519033547,18.4,completed
NYC-01571,2026-09-12 11:25:23.329122,New York,LaGuardia Airport,40.718481562851935,-74.01947217449015,10.0,completed
NYC-01018,2026-09-12 11:29:03.329122,New York,Broadway,40.80070371273469,-73.97083771598822,6.5,completed
NYC-04655,2026-09-12 11:46:20.329122,New York,Upper West Side,40.71851064473585,-73.96935801197884,12.1,completed
NYC-02518,2026-09-12 11:48:20.329122,New York,Downtown Manhattan,40.775649424667364,-73.94917217805569,7.9,completed
NYC-04503,2026-09-12 11:50:02.329122,New York,Times Square,40.70071107935687,-73.9363881202855,19.1,completed
NYC-02907,2026-09-12 11:50:23.329122,New York,Harlem,40.72487378643746,-73.94835383271428,10.0,completed
NYC-03493,2026-09-12 12:06:15.329122,New York,Staten Island Ferry,40.79712062981706,-73.93552795843726,14.9,completed
NYC-03169,2026-09-12 12:24:25.329122,New York,Astoria,40.74506381587136,-74.00246855776204,6.5,completed
NYC-02615,2026-09-12 12:27:43.329122,New York,Astoria,40.711208162687264,-73.97964329430857,15.6,completed
NYC-04373,2026-09-12 12:37:44.329122,New York,Astoria,40.7437572785022,-73.94137295596288,18.4,completed
NYC-00325,2026-09-12 12:38:43.329122,New York,Staten Island Ferry,40.781168660836535,-73.96793123636168,26.1,completed
NYC-04997,2026-09-12 12:41:05.329122,New York,Harlem,40.736062712167445,-73.93479628764696,17.0,completed
NYC-01723,2026-09-12 13:12:02.329122,New York,Times Square,40.71111503921117,-73.98150978227582,8.6,completed
NYC-04948,2026-09-12 13:17:36.329122,New York,Upper West Side,40.788560704324524,-73.97397072343286,6.5,completed
NYC-01106,2026-09-12 13:51:42.329122,New York,JFK Airport,40.74358662207929,-73.97562728873571,12.8,completed
NYC-01599,2026-09-12 13:53:41.329122,New York,JFK Airport,40.798360996213056,-73.96765700459352,12.1,completed
NYC-01244,2026-09-12 14:01:41.329122,New York,Coney Island,40.78371263900373,-73.95187658393857,8.6,completed
NYC-03119,2026-09-12 14:02:17.329122,New York,LaGuardia Airport,40.72358471312925,-73.97231494999342,5.8,completed
NYC-02855,2026-09-12 14:07:13.329122,New York,Queensbridge,40.75565536985084,-73.98209929860093,13.5,completed
NYC-00440,2026-09-12 14:09:34.329122,New York,Queensbridge,40.70933214854937,-73.97857038544215,9.3,completed
NYC-02751,2026-09-12 14:09:42.329122,New York,Brooklyn Heights,40.77415433250897,-73.95806941067143,8.6,completed
NYC-00993,2026-09-12 14:45:13.329122,New York,Harlem,40.7649253733556,-73.97509288502013,7.2,completed
NYC-02893,2026-09-12 14:51:04.329122,New York,Astoria,40.772011575555254,-73.9802619390659,13.5,completed
NYC-03807,2026-09-12 14:56:43.329122,New York,DUMBO,40.738227067484516,-73.95089251691867,17.0,completed
NYC-04745,2026-09-12 15:29:11.329122,New York,Brooklyn Heights,40.70592135773993,-73.95808334438932,8.6,completed
NYC-02507,2026-09-12 15:31:29.329122,New York,Empire State Building,40.748306479829715,-73.99057521097707,15.6,completed
NYC-02271,2026-09-12 15:34:03.329122,New York,Williamsburg,40.74229624604093,-73.93324755891342,10.0,completed
NYC-00891,2026-09-12 15:46:07.329122,New York,Astoria,40.79412661149169,-73.96723880510973,9.3,completed
NYC-02449,2026-09-12 15:58:26.329122,New York,Upper East Side,40.73766927767182,-74.00953536877364,14.9,completed
NYC-00522,2026-09-12 16:02:51.329122,New York,Harlem,40.80669058375961,-73.96182333622947,14.2,completed
NYC-00745,2026-09-12 16:08:09.329122,New York,DUMBO,40.79895320306021,-73.95774001247723,40.8,completed
NYC-01007,2026-09-12 16:10:36.329122,New York,Wall Street,40.79341152167219,-74.01343913933155,27.5,completed
NYC-04477,2026-09-12 16:15:55.329122,New York,Williamsburg,40.73935923742692,-73.94077734040465,14.2,completed
NYC-03221,2026-09-12 16:18:04.329122,New York,Brooklyn Heights,40.7177499081161,-74.00266765307873,9.3,completed
NYC-00276,2026-09-12 16:56:16.329122,New York,Wall Street,40.78781246968635,-74.00504335003512,9.3,completed
NYC-02630,2026-09-12 16:57:09.329122,New York,Wall Street,40.769598306662346,-73.97602555667098,33.1,completed
NYC-04986,2026-09-12 17:15:32.329122,New York,Brooklyn Heights,40.78009280810698,-73.99076809761577,5.1,completed
NYC-04023,2026-09-12 17:43:14.329122,New York,Midtown,40.790867115300316,-73.99249811866049,19.1,completed
NYC-04251,2026-09-12 17:44:40.329122,New York,Astoria,40.70682404399917,-73.96298182357455,33.8,completed
NYC-04314,2026-09-12 17:51:49.329122,New York,Midtown,40.80680342745651,-73.97002630096529,6.5,completed
NYC-01830,2026-09-12 17:59:22.329122,New York,DUMBO,40.80779673622948,-73.93616100336043,11.4,completed
NYC-04277,2026-09-12 18:22:49.329122,New York,Central Park,40.73718928503029,-73.97129307497286,22.6,completed
NYC-03238,2026-09-12 18:23:10.329122,New York,Downtown Manhattan,40.76779305345183,-73.96337941792292,4.4,completed
NYC-03932,2026-09-12 18:23:26.329122,New York,JFK Airport,40.768502874356386,-74.0045807909991,3.0,completed
NYC-03641,2026-09-12 18:26:21.329122,New York,LaGuardia Airport,40.79992780070673,-73.98174978272891,12.8,completed
NYC-02065,2026-09-12 18:38:13.329122,New York,JFK Airport,40.78649060193224,-73.96591385245023,17.0,completed
NYC-02509,2026-09-12 18:57:11.329122,New York,Broadway,40.7982399225715,-73.93625962595095,6.5,completed
NYC-01379,2026-09-12 19:12:38.329122,New York,Central Park,40.76522459365784,-73.93991472453206,33.1,completed
NYC-02465,2026-09-12 19:14:39.329122,New York,Times Square,40.72214433186047,-73.98548189388094,38.0,completed
NYC-03971,2026-09-12 19:20:47.329122,New York,Staten Island Ferry,40.75986185287541,-73.96631728802105,16.3,completed
NYC-02088,2026-09-12 19:25:50.329122,New York,Astoria,40.79043134766603,-73.9921137594922,15.6,completed
NYC-01143,2026-09-12 19:31:37.329122,New York,Williamsburg,40.76223051603954,-73.94116602800325,18.4,completed
NYC-01699,2026-09-12 19:51:10.329122,New York,Staten Island Ferry,40.76044824894846,-73.9934768767103,11.4,completed
NYC-00469,2026-09-12 20:01:09.329122,New York,Central Park,40.80595447933847,-73.98762919948993,17.7,completed
NYC-01328,2026-09-12 20:09:25.329122,New York,Midtown,40.7724578553051,-73.97799851597523,17.7,completed
NYC-03293,2026-09-12 20:19:14.329122,New York,Coney Island,40.75959370606943,-74.00295752117873,14.9,completed
NYC-03360,2026-09-12 20:40:03.329122,New York,Harlem,40.78758655955955,-73.94685762609619,9.83,completed
NYC-03530,2026-09-12 20:45:47.329122,New York,DUMBO,40.7306205329829,-73.93814001144065,17.7,completed
NYC-04086,2026-09-12 21:10:57.329122,New York,Broadway,40.714407111729365,-73.98408635931565,12.8,completed
NYC-02773,2026-09-12 21:26:42.329122,New York,Times Square,40.750563135744294,-73.99080055942284,14.46,completed
NYC-01482,2026-09-12 21:55:41.329122,New York,Broadway,40.75989380077569,-73.96396821419505,70.0,completed
NYC-01086,2026-09-12 21:58:44.329122,New York,Upper West Side,40.76747525281318,-73.95164318661548,10.0,completed
NYC-01270,2026-09-12 22:00:17.329122,New York,LaGuardia Airport,40.776448007473924,-73.98849938183741,16.3,completed
NYC-01862,2026-09-12 22:02:49.329122,New York,DUMBO,40.71951716464167,-73.93380100076415,6.5,completed
NYC-01265,2026-09-12 22:16:39.329122,New York,Queensbridge,40.7079691576574,-73.97492110546993,8.6,completed
NYC-02232,2026-09-12 22:27:48.329122,New York,Flushing,40.79931844947112,-74.01585377472921,70.0,completed
NYC-02894,2026-09-12 22:38:40.329122,New York,Coney Island,40.71667545822801,-73.97584477816916,17.7,completed
NYC-03579,2026-09-12 22:41:15.329122,New York,Times Square,40.754182597782865,-74.01446112692786,70.0,completed
NYC-02553,2026-09-12 23:01:01.329122,New York,Astoria,40.80424568285609,-73.9781630697268,70.0,completed
NYC-04074,2026-09-12 23:10:29.329122,New York,Brooklyn Heights,40.775078570549155,-73.9867001002636,19.8,completed
NYC-03567,2026-09-12 23:23:46.329122,New York,DUMBO,40.773393357091365,-73.93900814109809,31.7,completed
NYC-03660,2026-09-12 23:52:50.329122,New York,Flushing,40.756083941050555,-73.98096486674517,47.1,completed
NYC-03627,2026-09-13 00:04:26.329122,New York,Harlem,40.79577359375381,-73.94238985752042,10.0,completed
NYC-01469,2026-09-13 00:04:28.329122,New York,Midtown,40.78606240324641,-73.95102838474983,15.6,completed
NYC-03050,2026-09-13 00:12:37.329122,New York,Astoria,40.72258662325775,-74.0085419309128,12.1,completed
NYC-04296,2026-09-13 00:15:24.329122,New York,Broadway,40.715781640271985,-73.9411854667097,29.6,completed
NYC-04963,2026-09-13 00:30:39.329122,New York,Upper East Side,40.78234695794401,-73.97050189122545,18.4,completed
NYC-02852,2026-09-13 00:33:32.329122,New York,Midtown,40.721075224030834,-73.94887660864525,14.9,completed
NYC-04395,2026-09-13 00:36:47.329122,New York,Staten Island Ferry,40.79263819143154,-74.01927026228023,24.0,completed
NYC-02115,2026-09-13 00:42:57.329122,New York,Astoria,40.71673147115445,-73.93827246816461,35.9,completed
NYC-04392,2026-09-13 00:44:53.329122,New York,Central Park,40.77101293995702,-73.99881334760425,13.5,completed
NYC-01380,2026-09-13 00:46:06.329122,New York,Midtown,40.71798762598436,-73.96595187086143,7.2,completed
NYC-03748,2026-09-13 00:54:52.329122,New York,LaGuardia Airport,40.744264688522925,-74.00887847584605,33.1,completed
NYC-00459,2026-09-13 00:58:18.329122,New York,Wall Street,40.71306997078949,-73.9340800278809,12.8,completed
NYC-01552,2026-09-13 00:59:38.329122,New York,Midtown,40.79011077453695,-73.96729110981141,12.8,completed
NYC-03115,2026-09-13 01:01:53.329122,New York,LaGuardia Airport,40.796521705131994,-73.99475830982158,12.8,completed
NYC-02917,2026-09-13 01:18:26.329122,New York,Harlem,40.79332679169996,-74.00908615959767,10.0,completed
NYC-03339,2026-09-13 01:36:52.329122,New York,Williamsburg,40.77195460107307,-73.9493435324593,9.08,completed
NYC-01938,2026-09-13 01:52:14.329122,New York,Coney Island,40.75480812504898,-73.9751846266676,10.7,completed
NYC-02901,2026-09-13 02:13:29.329122,New York,Broadway,40.784210142556745,-74.00009671509004,12.8,completed
NYC-02190,2026-09-13 02:22:20.329122,New York,Brooklyn Heights,40.72863155433226,-73.96960985213389,12.8,completed
NYC-01044,2026-09-13 02:46:03.329122,New York,Queensbridge,40.797457552305985,-73.95696869000201,8.6,completed
NYC-03784,2026-09-13 02:56:30.329122,New York,Queensbridge,40.788107877044375,-73.9690200683422,6.5,completed
NYC-04817,2026-09-13 02:57:50.329122,New York,Broadway,40.790158735650245,-73.97856524418924,38.7,completed
NYC-02605,2026-09-13 03:17:11.329122,New York,DUMBO,40.756224205316094,-73.95967714215601,18.4,completed
NYC-01366,2026-09-13 03:31:45.329122,New York,DUMBO,40.778740746115034,-73.98789065586857,19.8,completed
NYC-01878,2026-09-13 03:38:46.329122,New York,Empire State Building,40.73273032964507,-73.9508112237351,13.5,completed
NYC-04150,2026-09-13 04:02:32.329122,New York,Williamsburg,40.71300404845202,-73.97108771170168,11.4,completed
NYC-02775,2026-09-13 04:08:19.329122,New York,LaGuardia Airport,40.747609760243044,-74.01768318312274,6.5,completed
NYC-01593,2026-09-13 04:19:29.329122,New York,Williamsburg,40.71145206143226,-73.94310404380069,7.2,completed
NYC-02732,2026-09-13 04:22:05.329122,New York,Midtown,40.70636288943919,-74.0199289440016,7.9,completed
NYC-03210,2026-09-13 04:38:42.329122,New York,JFK Airport,40.71764019467317,-74.00433905967854,24.0,completed
NYC-03859,2026-09-13 04:51:25.329122,New York,Downtown Manhattan,40.79170084115227,-73.96401734686732,10.0,completed
NYC-00452,2026-09-13 05:08:51.329122,New York,Astoria,40.74666442101717,-74.00078114309586,70.0,completed
NYC-03950,2026-09-13 05:17:21.329122,New York,Central Park,40.7026078529009,-73.99529098737337,5.1,completed
NYC-01092,2026-09-13 05:21:31.329122,New York,Downtown Manhattan,40.766851047436674,-73.9895140339803,7.9,completed
NYC-03144,2026-09-13 05:24:58.329122,New York,DUMBO,40.729573886582045,-73.93441527833208,7.9,completed
NYC-03280,2026-09-13 05:26:49.329122,New York,Times Square,40.74964235243322,-73.9897998518473,50.6,completed
NYC-03183,2026-09-13 05:27:56.329122,New York,Coney Island,40.727495264103744,-73.93037778689981,10.0,completed
NYC-00470,2026-09-13 05:44:59.329122,New York,Brooklyn Heights,40.701336992215886,-73.95814890908854,35.2,completed
NYC-00365,2026-09-13 05:51:35.329122,New York,Coney Island,40.742471290158086,-73.93087433464736,11.4,completed
NYC-03074,2026-09-13 05:58:18.329122,New York,Wall Street,40.7657435110973,-73.94500558461678,11.4,completed
NYC-03969,2026-09-13 06:06:02.329122,New York,Flushing,40.743745285587636,-74.01399247706343,5.1,completed
NYC-00991,2026-09-13 06:21:37.329122,New York,Harlem,40.77641661179399,-73.97121862313682,28.9,completed
NYC-01113,2026-09-13 06:23:16.329122,New York,Queensbridge,40.75906718651828,-73.9709657791894,17.0,completed
NYC-01318,2026-09-13 06:29:32.329122,New York,DUMBO,40.708979298023365,-73.96170519510214,17.7,completed
NYC-02452,2026-09-13 06:38:27.329122,New York,Astoria,40.761347970887506,-73.99589137754643,20.5,completed
NYC-01861,2026-09-13 06:42:08.329122,New York,JFK Airport,40.77217780214492,-73.9381894970048,6.5,completed
NYC-03611,2026-09-13 06:49:49.329122,New York,Brooklyn Heights,40.71573012349323,-73.93800858700187,5.8,completed
NYC-03843,2026-09-13 06:52:16.329122,New York,Astoria,40.7448522915503,-73.94113368863285,10.0,completed
NYC-02611,2026-09-13 06:53:35.329122,New York,DUMBO,40.70042019149245,-74.00390430383429,28.9,completed
NYC-04473,2026-09-13 06:55:16.329122,New York,Times Square,40.73909832711005,-74.00137123273,28.2,completed
NYC-01422,2026-09-13 06:56:42.329122,New York,Wall Street,40.704573014495544,-74.01475859522617,21.9,completed
NYC-00959,2026-09-13 07:11:05.329122,New York,Midtown,40.7811836978069,-73.94701583265947,10.7,completed
NYC-04445,2026-09-13 07:11:48.329122,New York,Downtown Manhattan,40.807604273537926,-74.01598869633585,9.3,completed
NYC-01161,2026-09-13 07:12:59.329122,New York,DUMBO,40.714175685422084,-73.99289419717023,8.6,completed
NYC-04226,2026-09-13 07:23:20.329122,New York,Empire State Building,40.74013047172286,-73.98376497054939,22.6,completed
NYC-02298,2026-09-13 07:23:24.329122,New York,Brooklyn Heights,40.71188283295438,-73.98722910488426,9.3,completed
NYC-00116,2026-09-13 07:27:30.329122,New York,Staten Island Ferry,40.788403928458905,-73.97899154055041,5.1,completed
NYC-00845,2026-09-13 07:30:53.329122,New York,Wall Street,40.74560865360998,-73.99871725789852,5.1,completed
NYC-00410,2026-09-13 07:36:28.329122,New York,Downtown Manhattan,40.73512450013495,-73.95810077142708,9.3,completed
NYC-02043,2026-09-13 07:46:20.329122,New York,Coney Island,40.712624575905615,-74.00644501422383,9.3,completed
NYC-03675,2026-09-13 07:54:02.329122,New York,Coney Island,40.73091547251836,-73.99070469956865,70.0,completed
NYC-03498,2026-09-13 07:57:03.329122,New York,Williamsburg,40.72163189434483,-74.00468715338405,14.9,completed
NYC-03312,2026-09-13 08:21:34.329122,New York,Upper East Side,40.77796422207521,-74.01737463982833,14.9,completed
NYC-00210,2026-09-13 08:22:03.329122,New York,Empire State Building,40.76036071683033,-73.93470824406423,7.9,completed
NYC-02209,2026-09-13 08:33:34.329122,New York,Central Park,40.80018471778083,-73.9484803396842,17.7,completed
NYC-04142,2026-09-13 08:34:37.329122,New York,Astoria,40.71038607874266,-73.93345235569163,22.6,completed
NYC-02898,2026-09-13 08:38:03.329122,New York,Midtown,40.746775100398146,-73.99680739166297,9.3,completed
NYC-04446,2026-09-13 08:41:04.329122,New York,Downtown Manhattan,40.71989810915168,-73.93264840006354,17.7,completed
NYC-01833,2026-09-13 08:44:30.329122,New York,Wall Street,40.782288049737254,-73.93733306226012,19.8,completed
NYC-00762,2026-09-13 08:52:41.329122,New York,Staten Island Ferry,40.727333805379594,-73.9353324226689,70.2,completed
NYC-01468,2026-09-13 08:58:23.329122,New York,Empire State Building,40.7957828795371,-73.93593703079824,7.9,completed
NYC-00616,2026-09-13 08:59:08.329122,New York,Queensbridge,40.70671857558404,-73.9410591579104,14.2,completed
NYC-04103,2026-09-13 09:14:52.329122,New York,Downtown Manhattan,40.7192111904486,-73.95554519156401,6.5,completed
NYC-00847,2026-09-13 09:21:11.329122,New York,Williamsburg,40.809656167703054,-73.95375681396166,10.0,completed
NYC-02677,2026-09-13 09:44:04.329122,New York,DUMBO,40.70639011472884,-73.93317785690544,18.82,completed
NYC-04410,2026-09-13 09:50:01.329122,New York,Times Square,40.708443386807765,-74.0058359336618,26.8,completed
NYC-02666,2026-09-13 09:50:08.329122,New York,Empire State Building,40.71502609940163,-73.96214781548541,10.7,completed
NYC-03913,2026-09-13 10:03:49.329122,New York,Upper East Side,40.807619026576255,-74.00059242135467,9.3,completed
NYC-04163,2026-09-13 10:07:19.329122,New York,Central Park,40.7417976986862,-73.9868293777875,8.6,completed
NYC-00983,2026-09-13 10:10:01.329122,New York,Staten Island Ferry,40.708265155990944,-74.01598707165392,7.9,completed
NYC-03306,2026-09-13 10:11:56.329122,New York,Midtown,40.740978660113555,-74.00392340109211,77.2,completed
NYC-04960,2026-09-13 10:12:30.329122,New York,Central Park,40.760026556569436,-73.96707223787308,14.2,completed
NYC-03080,2026-09-13 10:17:53.329122,New York,Downtown Manhattan,40.78101887511683,-73.99175960710248,21.9,completed
NYC-04087,2026-09-13 10:30:59.329122,New York,DUMBO,40.76665966639982,-73.93180770104959,20.5,completed
NYC-00390,2026-09-13 10:32:17.329122,New York,Williamsburg,40.808955565620074,-74.00744947874153,11.4,completed
NYC-02897,2026-09-13 10:32:56.329122,New York,Coney Island,40.7310719669007,-73.97585910323322,19.1,completed
NYC-00083,2026-09-13 10:35:25.329122,New York,Empire State Building,40.706991418531466,-73.9984162043014,24.0,completed
NYC-00403,2026-09-13 10:35:57.329122,New York,Flushing,40.79091032127185,-73.99771315212357,61.8,completed
NYC-00598,2026-09-13 10:38:25.329122,New York,Midtown,40.72115179206896,-73.96039910575034,14.2,completed
NYC-04159,2026-09-13 10:41:38.329122,New York,LaGuardia Airport,40.76223194456747,-73.98383856967,23.3,completed
NYC-01031,2026-09-13 10:46:08.329122,New York,Williamsburg,40.76558968663303,-73.98795394307928,5.8,completed
NYC-03876,2026-09-13 10:49:14.329122,New York,Broadway,40.71850240213432,-74.01146041928672,7.2,completed
NYC-03912,2026-09-13 10:55:49.329122,New York,JFK Airport,40.70070169477473,-73.94147834664247,14.2,completed
NYC-04645,2026-09-13 11:00:53.329122,New York,Flushing,40.781617550246544,-73.95949633540607,5.8,completed
NYC-00109,2026-09-13 11:18:13.329122,New York,Harlem,40.70846779008117,-73.93303531320267,19.8,completed
NYC-00483,2026-09-13 11:26:04.329122,New York,Williamsburg,40.769031388809246,-73.95456833256873,9.3,completed
NYC-02982,2026-09-13 11:26:26.329122,New York,DUMBO,40.77753581110478,-73.95805363014155,68.1,completed
NYC-02289,2026-09-13 11:31:00.329122,New York,Astoria,40.72157074840123,-73.94417823038481,26.8,completed
NYC-01836,2026-09-13 11:33:48.329122,New York,Williamsburg,40.714090532100286,-73.98700260699133,18.4,completed
NYC-03548,2026-09-13 11:37:15.329122,New York,Upper East Side,40.733266146240645,-73.98506906889084,9.3,completed
NYC-01622,2026-09-13 11:39:26.329122,New York,Queensbridge,40.76185264974657,-73.97634343817715,7.2,completed
NYC-01865,2026-09-13 11:46:03.329122,New York,Astoria,40.80311268731469,-73.99269721460072,11.4,completed
NYC-03822,2026-09-13 11:49:17.329122,New York,Times Square,40.788628597823504,-74.00855357917307,10.0,completed
NYC-03364,2026-09-13 11:51:25.329122,New York,DUMBO,40.803297532739535,-73.9734591200698,11.4,completed
NYC-04832,2026-09-13 11:57:45.329122,New York,Williamsburg,40.77100877920516,-74.00536896382029,5.1,completed
NYC-03628,2026-09-13 12:02:33.329122,New York,LaGuardia Airport,40.787185429453004,-73.99448849656623,9.3,completed
NYC-02001,2026-09-13 12:02:37.329122,New York,LaGuardia Airport,40.72716766789792,-74.0031904724592,4.4,completed
NYC-03804,2026-09-13 12:33:39.329122,New York,Downtown Manhattan,40.72856379228455,-73.95820146189814,14.9,completed
NYC-03031,2026-09-13 12:47:39.329122,New York,LaGuardia Airport,40.746016725051255,-73.96220113266976,5.8,completed
NYC-02742,2026-09-13 12:51:29.329122,New York,Upper West Side,40.721541639254774,-73.95376417955364,8.6,completed
NYC-00075,2026-09-13 12:58:24.329122,New York,Williamsburg,40.78019078848451,-73.97337906117615,9.3,completed
NYC-02671,2026-09-13 13:01:42.329122,New York,Williamsburg,40.743464399837265,-73.96947797582297,70.0,completed
NYC-03728,2026-09-13 13:15:23.329122,New York,Staten Island Ferry,40.71790700881269,-73.9879628448251,14.9,completed
NYC-00008,2026-09-13 13:25:01.329122,New York,Flushing,40.76612265129175,-74.00363641124464,13.5,completed
NYC-01919,2026-09-13 13:45:47.329122,New York,Harlem,40.745388402493354,-73.9829248106249,4.4,completed
NYC-01148,2026-09-13 14:01:08.329122,New York,Downtown Manhattan,40.79356399020037,-73.96374176025822,10.0,completed
NYC-04853,2026-09-13 14:08:23.329122,New York,DUMBO,40.73768501910923,-73.96834346342486,9.3,completed
NYC-03213,2026-09-13 14:39:16.329122,New York,Williamsburg,40.77633445495612,-73.96979708868382,16.3,completed
NYC-00067,2026-09-13 15:05:28.329122,New York,JFK Airport,40.78824166788295,-73.98973089451567,14.9,completed
NYC-00633,2026-09-13 15:06:29.329122,New York,Central Park,40.758532483379184,-74.00305910202079,70.0,completed
NYC-00379,2026-09-13 15:23:32.329122,New York,Brooklyn Heights,40.731004025225076,-73.99855392965021,8.6,completed
NYC-01668,2026-09-13 15:45:59.329122,New York,Times Square,40.7128003037674,-74.00632178357733,6.5,completed
NYC-01728,2026-09-13 15:49:57.329122,New York,Williamsburg,40.78953672964566,-73.9334610649407,17.0,completed
NYC-02234,2026-09-13 15:56:25.329122,New York,DUMBO,40.77345851515491,-73.98953013753066,24.0,completed
NYC-04886,2026-09-13 15:58:20.329122,New York,Staten Island Ferry,40.73772226290352,-73.9397845601655,7.9,completed
NYC-02087,2026-09-13 16:07:02.329122,New York,Staten Island Ferry,40.772245811519674,-73.96432733658351,8.6,completed
NYC-00401,2026-09-13 16:19:25.329122,New York,Queensbridge,40.799280819734754,-73.93299391952185,30.3,completed
NYC-01374,2026-09-13 16:26:39.329122,New York,Times Square,40.72719541818435,-74.00115864405542,7.2,completed
NYC-03294,2026-09-13 16:31:20.329122,New York,Broadway,40.806487239325584,-73.95058091711049,1.0,completed
NYC-04274,2026-09-13 16:58:08.329122,New York,Williamsburg,40.766198740734005,-73.9552476791818,12.8,completed
NYC-03630,2026-09-13 17:20:11.329122,New York,Astoria,40.78252923403328,-73.95932023307974,28.9,completed
NYC-02281,2026-09-13 17:33:08.329122,New York,Upper West Side,40.73980384025257,-74.01517810963533,23.3,completed
NYC-01072,2026-09-13 17:38:36.329122,New York,LaGuardia Airport,40.70463025086,-74.00480266395697,12.1,completed
NYC-03642,2026-09-13 17:40:10.329122,New York,Upper West Side,40.75148759596578,-73.99520979881885,10.0,completed
NYC-01015,2026-09-13 17:40:47.329122,New York,Brooklyn Heights,40.801777314915725,-73.95218719550982,18.4,completed
NYC-02456,2026-09-13 17:46:01.329122,New York,Coney Island,40.748844812412244,-73.96530135081309,6.5,completed
NYC-03824,2026-09-13 17:51:30.329122,New York,Wall Street,40.72299653110775,-73.94093223257136,11.4,completed
NYC-03750,2026-09-13 18:08:54.329122,New York,Coney Island,40.798511913294504,-73.9651262624017,23.3,completed
NYC-03355,2026-09-13 18:15:38.329122,New York,Williamsburg,40.7084668836319,-73.99144703051952,7.9,completed
NYC-01568,2026-09-13 18:18:17.329122,New York,Downtown Manhattan,40.76862452571442,-73.98521836921049,5.8,completed
NYC-01757,2026-09-13 18:24:48.329122,New York,Staten Island Ferry,40.7536639448319,-73.9684916332933,6.5,completed
NYC-01670,2026-09-13 18:35:04.329122,New York,DUMBO,40.74186856228243,-73.98889356666675,7.9,completed
NYC-03941,2026-09-13 18:47:28.329122,New York,Brooklyn Heights,40.79877611115326,-73.98489405408272,10.0,completed
NYC-03208,2026-09-13 18:59:36.329122,New York,Upper West Side,40.74831316613747,-73.99251278513115,7.9,completed
NYC-01901,2026-09-13 19:19:40.329122,New York,Staten Island Ferry,40.700575257489724,-74.00203855456937,18.7,completed
NYC-01806,2026-09-13 19:22:46.329122,New York,Brooklyn Heights,40.77275076721775,-73.95344728115043,70.0,completed
NYC-04716,2026-09-13 19:40:45.329122,New York,Queensbridge,40.76556551273371,-74.00064232940935,84.0,completed
NYC-04111,2026-09-13 19:43:01.329122,New York,Downtown Manhattan,40.75503063887285,-73.9725005011838,9.3,completed
NYC-03956,2026-09-13 19:43:12.329122,New York,Wall Street,40.80191101777518,-73.96195843085216,10.0,completed
NYC-01523,2026-09-13 19:46:21.329122,New York,Coney Island,40.71115629112942,-74.00317834331949,5.8,completed
NYC-01079,2026-09-13 19:54:38.329122,New York,Coney Island,40.80449573023453,-73.98790969709408,19.1,completed
NYC-03721,2026-09-13 19:57:27.329122,New York,Upper East Side,40.79180289692812,-73.95217004758814,10.0,completed
NYC-02295,2026-09-13 19:58:41.329122,New York,DUMBO,40.70084304359142,-73.93195610828235,9.3,completed
NYC-03646,2026-09-13 20:04:39.329122,New York,Staten Island Ferry,40.75359918895101,-73.98038913061136,15.6,completed
NYC-03624,2026-09-13 20:10:34.329122,New York,Coney Island,40.72746358480143,-74.01816385503805,10.0,completed
NYC-04078,2026-09-13 20:14:52.329122,New York,Wall Street,40.784543946400454,-73.95496494476491,8.6,completed
NYC-03040,2026-09-13 20:22:24.329122,New York,JFK Airport,40.71973011502135,-73.93182390987036,13.5,completed
NYC-02530,2026-09-13 20:24:31.329122,New York,Williamsburg,40.77445034287432,-74.01238161217738,22.48,completed
NYC-00979,2026-09-13 20:24:38.329122,New York,Flushing,40.76565271338086,-73.968178677599,100.0,completed
NYC-00790,2026-09-13 20:27:08.329122,New York,Upper West Side,40.71686865434277,-73.9961346332935,19.8,completed
NYC-02793,2026-09-13 20:32:49.329122,New York,Staten Island Ferry,40.72854959614937,-73.96129623946507,24.0,completed
NYC-04130,2026-09-13 21:11:25.329122,New York,DUMBO,40.729915001533804,-73.99798453533529,12.8,completed
NYC-00301,2026-09-13 21:13:25.329122,New York,Broadway,40.7584490094725,-74.01905380979125,5.8,completed
NYC-01296,2026-09-13 21:16:32.329122,New York,Harlem,40.7184230840485,-73.98848321281012,3.0,completed
NYC-03051,2026-09-13 22:05:36.329122,New York,Upper West Side,40.75313436673148,-74.00418949318282,24.0,completed
NYC-01720,2026-09-13 22:09:08.329122,New York,Central Park,40.71564743055559,-73.95049591988463,17.7,completed
NYC-03126,2026-09-13 22:11:37.329122,New York,Wall Street,40.77401588354579,-74.00857575480933,19.1,completed
NYC-02765,2026-09-13 22:31:43.329122,New York,Brooklyn Heights,40.80537275331625,-73.9637769397534,12.8,completed
NYC-00849,2026-09-13 22:46:59.329122,New York,Central Park,40.76549235190521,-73.97445597768294,17.85,completed
NYC-03633,2026-09-13 22:48:37.329122,New York,DUMBO,40.73863413260837,-73.98316753835931,19.8,completed
NYC-00505,2026-09-13 22:49:34.329122,New York,Wall Street,40.71788786332794,-74.00364127620149,10.0,completed
NYC-00575,2026-09-13 22:53:55.329122,New York,Coney Island,40.804447268602345,-74.00844850660468,4.4,completed
NYC-02533,2026-09-13 23:00:53.329122,New York,Midtown,40.70157468054338,-73.97498218580296,33.1,completed
NYC-00566,2026-09-13 23:21:54.329122,New York,Broadway,40.743146844960975,-73.95729799109142,17.7,completed
NYC-04399,2026-09-13 23:22:15.329122,New York,Williamsburg,40.71396388551305,-74.01796872730839,7.2,completed
NYC-02735,2026-09-13 23:33:33.329122,New York,Times Square,40.786370849746326,-73.96295351631382,8.6,completed
NYC-00153,2026-09-13 23:56:35.329122,New York,Astoria,40.753839803630534,-73.95156399394413,31.0,completed
NYC-00525,2026-09-14 00:05:23.329122,New York,Central Park,40.75155624757745,-74.01690608274833,19.8,completed
NYC-01989,2026-09-14 00:14:59.329122,New York,Queensbridge,40.780245905151766,-74.01720386827799,6.5,completed
NYC-02784,2026-09-14 01:15:20.329122,New York,JFK Airport,40.793916341387515,-73.93497249278109,11.4,completed
NYC-01055,2026-09-14 01:30:44.329122,New York,Broadway,40.73857829969969,-73.97563155605877,11.4,completed
NYC-03465,2026-09-14 01:44:24.329122,New York,Wall Street,40.77756530601276,-73.99726032980459,15.6,completed
NYC-01169,2026-09-14 02:00:29.329122,New York,Astoria,40.73157419464924,-74.00720367612513,70.0,completed
NYC-04520,2026-09-14 02:21:14.329122,New York,Central Park,40.794783137316905,-73.99098953877271,6.5,completed
NYC-00555,2026-09-14 02:26:28.329122,New York,Williamsburg,40.74438311528337,-73.95606836493589,10.7,completed
NYC-01997,2026-09-14 02:35:16.329122,New York,Wall Street,40.70758538179921,-73.93795808014633,19.1,completed
NYC-02156,2026-09-14 02:44:53.329122,New York,JFK Airport,40.715616918873714,-73.97335084692642,58.3,completed
NYC-02769,2026-09-14 02:46:21.329122,New York,Empire State Building,40.77475823660087,-73.95528794616098,70.0,completed
NYC-03347,2026-09-14 02:48:31.329122,New York,Central Park,40.722247959857704,-74.01704570510627,18.4,completed
NYC-03763,2026-09-14 02:53:19.329122,New York,Empire State Building,40.731673987694364,-73.93912249645291,10.0,completed
NYC-03197,2026-09-14 02:58:44.329122,New York,DUMBO,40.79639513764565,-73.99393755657964,46.4,completed
NYC-01316,2026-09-14 02:59:09.329122,New York,Harlem,40.757904292702975,-73.95488188840021,5.1,completed
NYC-03903,2026-09-14 03:00:29.329122,New York,LaGuardia Airport,40.72762861943033,-73.9520106454736,5.8,completed
NYC-01693,2026-09-14 03:00:58.329122,New York,Downtown Manhattan,40.71610113913785,-73.94771090890804,14.2,completed
NYC-01656,2026-09-14 03:01:35.329122,New York,Williamsburg,40.76091824647836,-73.99739271958559,13.5,completed
NYC-00286,2026-09-14 03:07:10.329122,New York,Coney Island,40.751215781994574,-73.93146595751118,7.9,completed
NYC-03674,2026-09-14 03:11:18.329122,New York,Empire State Building,40.76691514500086,-74.01459341484805,17.0,completed
NYC-03233,2026-09-14 03:39:16.329122,New York,DUMBO,40.706350537514766,-73.96686165072029,17.7,completed
NYC-04189,2026-09-14 03:39:30.329122,New York,Astoria,40.77706726460339,-73.94672121096508,70.0,completed
NYC-02746,2026-09-14 03:55:22.329122,New York,Wall Street,40.76361282393624,-74.00458539304003,12.1,completed
NYC-03229,2026-09-14 04:01:09.329122,New York,Queensbridge,40.7244597435223,-73.97273732334074,7.2,completed
NYC-00073,2026-09-14 04:18:23.329122,New York,JFK Airport,40.789700757130035,-74.01231372728535,70.0,completed
NYC-04826,2026-09-14 04:21:36.329122,New York,Midtown,40.77603713301646,-73.97718663296298,12.1,completed
NYC-02183,2026-09-14 04:27:30.329122,New York,Central Park,40.733434104136485,-73.95058976662386,26.75,completed
NYC-01006,2026-09-14 04:33:38.329122,New York,Central Park,40.77615042209697,-73.97334710829982,11.4,completed
NYC-02184,2026-09-14 04:38:32.329122,New York,Upper East Side,40.77184790695844,-73.99947096598878,12.1,completed
NYC-02968,2026-09-14 04:54:47.329122,New York,Upper East Side,40.80417997338194,-73.98216981497241,12.1,completed
NYC-00687,2026-09-14 04:55:11.329122,New York,Queensbridge,40.73079770030263,-73.93793933988565,7.9,completed
NYC-04550,2026-09-14 05:04:00.329122,New York,LaGuardia Airport,40.80260282329664,-74.00958922987166,7.9,completed
NYC-00671,2026-09-14 05:04:19.329122,New York,Williamsburg,40.798644196708906,-73.99424784617875,11.4,completed
NYC-03296,2026-09-14 05:32:21.329122,New York,Wall Street,40.77131498081973,-73.96440748724304,6.5,completed
NYC-00752,2026-09-14 05:37:40.329122,New York,Midtown,40.76904788583786,-74.010367377921,29.6,completed
NYC-01067,2026-09-14 06:04:14.329122,New York,Broadway,40.71215215244445,-73.98993590064221,7.9,completed
NYC-02120,2026-09-14 06:05:43.329122,New York,Harlem,40.78839638889857,-73.93832831412882,63.2,completed
NYC-00113,2026-09-14 06:16:27.329122,New York,Empire State Building,40.788893241752085,-73.95692208724806,16.3,completed
NYC-04658,2026-09-14 06:24:47.329122,New York,JFK Airport,40.720811537162945,-73.96224918608547,6.5,completed
NYC-02400,2026-09-14 06:30:32.329122,New York,Staten Island Ferry,40.737466458323944,-74.01409593115494,14.9,completed
NYC-02786,2026-09-14 06:37:17.329122,New York,Midtown,40.80566896730645,-73.98922589557827,36.5,completed
NYC-01299,2026-09-14 06:41:20.329122,New York,LaGuardia Airport,40.77771232991356,-73.99196389308874,11.4,completed
NYC-04239,2026-09-14 06:51:36.329122,New York,JFK Airport,40.736448744061,-73.95790320785864,18.4,completed
NYC-01850,2026-09-14 06:51:46.329122,New York,Queensbridge,40.73144974681631,-73.99959172443396,44.3,completed
NYC-02346,2026-09-14 07:12:20.329122,New York,LaGuardia Airport,40.77465369523399,-73.97905443008422,16.3,completed
NYC-00358,2026-09-14 07:28:36.329122,New York,Central Park,40.80342532655675,-73.94320145320002,20.75,completed
NYC-01226,2026-09-14 07:45:20.329122,New York,Upper East Side,40.74373538377591,-74.00907652679062,8.6,completed
NYC-01097,2026-09-14 07:49:53.329122,New York,Downtown Manhattan,40.720508208835874,-73.9432711619612,14.9,completed
NYC-02385,2026-09-14 08:15:50.329122,New York,JFK Airport,40.76404186212535,-73.99071235473856,17.7,completed
NYC-02546,2026-09-14 08:18:48.329122,New York,JFK Airport,40.70854142681388,-73.94984214863585,14.2,completed
NYC-04836,2026-09-14 08:27:27.329122,New York,Queensbridge,40.74150994944763,-73.93989829889662,11.4,completed
NYC-02108,2026-09-14 09:13:58.329122,New York,Upper East Side,40.73045949361156,-73.94066627623701,8.6,completed
NYC-01520,2026-09-14 09:21:00.329122,New York,Midtown,40.70662941293185,-73.99969018752532,31.0,completed
NYC-00580,2026-09-14 09:31:27.329122,New York,Central Park,40.750504933186214,-74.01640468240424,10.7,completed
NYC-03816,2026-09-14 09:33:39.329122,New York,Flushing,40.7395129621681,-73.96724358813205,7.9,completed
NYC-04634,2026-09-14 09:39:28.329122,New York,Brooklyn Heights,40.71510300359871,-73.9942437216282,18.4,completed
NYC-01012,2026-09-14 09:50:00.329122,New York,Times Square,40.80384652736553,-73.93189473797308,15.6,completed
NYC-00698,2026-09-14 09:57:11.329122,New York,Williamsburg,40.716979898680165,-73.93143194824302,7.2,completed
NYC-04205,2026-09-14 09:57:16.329122,New York,Midtown,40.75263401771179,-74.0131523745911,29.6,completed
NYC-01145,2026-09-14 10:04:03.329122,New York,Harlem,40.79664929849907,-74.0048693712162,13.5,completed
NYC-02681,2026-09-14 10:10:30.329122,New York,Coney Island,40.791902824831645,-73.97231119370336,6.83,completed
NYC-03062,2026-09-14 10:18:06.329122,New York,LaGuardia Airport,40.765894904586546,-73.93462113271873,120.0,completed
NYC-02840,2026-09-14 10:21:31.329122,New York,Upper West Side,40.74317040048525,-73.96885127640299,25.4,completed
NYC-04213,2026-09-14 10:24:48.329122,New York,Upper West Side,40.725711487124045,-73.98378665144128,10.7,completed
NYC-03331,2026-09-14 10:36:53.329122,New York,Astoria,40.7816478505919,-73.96424994335636,9.3,completed
NYC-00895,2026-09-14 10:38:03.329122,New York,Broadway,40.72254827249574,-73.99787632716797,12.8,completed
NYC-01957,2026-09-14 11:03:10.329122,New York,JFK Airport,40.74633728586235,-73.9590429382298,14.2,completed
NYC-03786,2026-09-14 11:03:21.329122,New York,DUMBO,40.7634543119246,-73.97537624746164,8.6,completed
NYC-04644,2026-09-14 11:07:06.329122,New York,Coney Island,40.777554499698894,-73.98612512160389,38.0,completed
NYC-04804,2026-09-14 11:15:50.329122,New York,Williamsburg,40.79033751700157,-73.96961051509807,10.7,completed
NYC-02680,2026-09-14 11:29:21.329122,New York,DUMBO,40.72943519444008,-73.93562046963335,47.1,completed
NYC-00013,2026-09-14 11:31:51.329122,New York,Astoria,40.72335730217461,-73.96282089879625,6.5,completed
NYC-04677,2026-09-14 11:39:00.329122,New York,LaGuardia Airport,40.80575582816063,-74.01381241431201,10.0,completed
NYC-04695,2026-09-14 11:49:08.329122,New York,Upper West Side,40.79679060893997,-73.9703183644934,6.5,completed
NYC-00948,2026-09-14 11:52:22.329122,New York,Empire State Building,40.79612790853188,-73.95877743805028,12.1,completed
NYC-02648,2026-09-14 12:09:07.329122,New York,Coney Island,40.74760020496217,-73.9912369516366,17.0,completed
NYC-04185,2026-09-14 12:09:45.329122,New York,Downtown Manhattan,40.769563588211206,-73.95511961028531,11.4,completed
NYC-00126,2026-09-14 12:12:21.329122,New York,LaGuardia Airport,40.789981624251475,-73.9708233633209,69.5,completed
NYC-01257,2026-09-14 12:23:55.329122,New York,Downtown Manhattan,40.75407540014156,-73.96028586893841,4.4,completed
NYC-03855,2026-09-14 12:24:52.329122,New York,Upper East Side,40.708448335314586,-74.00880892143019,7.9,completed
NYC-02932,2026-09-14 12:25:07.329122,New York,Downtown Manhattan,40.708630139794884,-73.96629493089044,7.2,completed
NYC-04570,2026-09-14 12:54:12.329122,New York,Broadway,40.75500640851102,-73.98380592563404,17.7,completed
NYC-00594,2026-09-14 13:00:05.329122,New York,LaGuardia Airport,40.79864672508966,-73.98759460882623,7.9,completed
NYC-03829,2026-09-14 13:01:24.329122,New York,DUMBO,40.72433625660907,-73.99640983251848,7.2,completed
NYC-04972,2026-09-14 13:10:29.329122,New York,Harlem,40.75775542742699,-73.93387074080167,9.3,completed
NYC-02944,2026-09-14 13:46:19.329122,New York,Wall Street,40.783490581077416,-73.98567320710872,5.8,completed
NYC-03565,2026-09-14 13:47:18.329122,New York,Midtown,40.77975066839291,-73.97121699894126,19.1,completed
NYC-04060,2026-09-14 14:20:20.329122,New York,LaGuardia Airport,40.732347420839446,-73.93697509933278,7.2,completed
NYC-03362,2026-09-14 15:07:33.329122,New York,Flushing,40.77615948147072,-73.99899433574876,7.2,completed
NYC-04264,2026-09-14 15:10:29.329122,New York,Astoria,40.77256593002235,-73.94703513943494,21.2,completed
NYC-00214,2026-09-14 15:11:26.329122,New York,Upper East Side,40.778339714348235,-73.98456203725911,9.3,completed
NYC-02854,2026-09-14 15:33:46.329122,New York,Upper West Side,40.71119840512445,-73.9753911471205,5.1,completed
NYC-01758,2026-09-14 15:35:46.329122,New York,Wall Street,40.71207098185453,-73.9300713430951,7.2,completed
NYC-02565,2026-09-14 15:38:49.329122,New York,Coney Island,40.732481954345275,-73.93953104175046,6.5,completed
NYC-04859,2026-09-14 15:41:58.329122,New York,Staten Island Ferry,40.79762158342342,-74.00605523931958,7.2,completed
NYC-02870,2026-09-14 15:52:01.329122,New York,Wall Street,40.79835037327866,-73.94447128422645,11.4,completed
NYC-00384,2026-09-14 16:02:16.329122,New York,Central Park,40.78085781481843,-73.9616532225431,10.7,completed
NYC-02811,2026-09-14 16:07:46.329122,New York,Queensbridge,40.77046767019038,-74.01491358782829,11.4,completed
NYC-00596,2026-09-14 16:19:27.329122,New York,Central Park,40.77343135123731,-73.98802444231868,7.9,completed
NYC-03413,2026-09-14 16:36:49.329122,New York,Empire State Building,40.739646950985566,-73.97930353545759,36.5,completed
NYC-04245,2026-09-14 16:39:00.329122,New York,DUMBO,40.802820290703714,-73.93766024648907,28.9,completed
NYC-04098,2026-09-14 16:39:56.329122,New York,Coney Island,40.72844507502483,-73.93570909495078,42.2,completed
NYC-00473,2026-09-14 16:55:39.329122,New York,Astoria,40.79802574250679,-73.95685912609574,10.0,completed
NYC-02116,2026-09-14 17:36:27.329122,New York,Brooklyn Heights,40.74843557602052,-73.9476063027276,31.5,completed
NYC-02058,2026-09-14 17:36:57.329122,New York,Williamsburg,40.771607081386605,-73.9390348759565,17.0,completed
NYC-02561,2026-09-14 17:40:13.329122,New York,JFK Airport,40.777779512499336,-73.96025875384527,21.9,completed
NYC-04362,2026-09-14 17:49:23.329122,New York,Harlem,40.78400614962854,-73.9822675675613,14.2,completed
NYC-01429,2026-09-14 17:50:39.329122,New York,Empire State Building,40.79547101239721,-73.96682759198339,8.6,completed
NYC-00327,2026-09-14 18:06:31.329122,New York,Central Park,40.767289282085784,-74.00609312530085,12.1,completed
NYC-03549,2026-09-14 18:06:34.329122,New York,Empire State Building,40.76197492009322,-74.01138788955478,7.9,completed
NYC-03608,2026-09-14 18:09:12.329122,New York,DUMBO,40.80198361600509,-73.9623774176543,19.83,completed
NYC-02376,2026-09-14 18:11:32.329122,New York,Central Park,40.73369448486561,-73.9725420193922,71.6,completed
NYC-02293,2026-09-14 18:16:19.329122,New York,Queensbridge,40.75682298912906,-73.97564967887216,6.5,completed
NYC-00173,2026-09-14 18:21:23.329122,New York,Broadway,40.72491453527178,-74.0169011822284,13.5,completed
NYC-02241,2026-09-14 18:30:36.329122,New York,Staten Island Ferry,40.70381372933991,-73.93849760761843,6.5,completed
NYC-01722,2026-09-14 18:54:38.329122,New York,Times Square,40.73336026623244,-73.94551769042674,24.0,completed
NYC-03010,2026-09-14 18:55:53.329122,New York,Broadway,40.76037445315851,-73.94445327661516,27.5,completed
NYC-04806,2026-09-14 18:56:08.329122,New York,Central Park,40.70856421715697,-73.95350754549293,29.43,completed
NYC-00394,2026-09-14 18:58:06.329122,New York,Broadway,40.73748838942783,-73.95537872396858,7.9,completed
NYC-02959,2026-09-14 19:02:36.329122,New York,Williamsburg,40.78877779942534,-74.01652675942556,19.1,completed
NYC-02344,2026-09-14 19:14:58.329122,New York,JFK Airport,40.803589828278085,-73.97386814056682,14.2,completed
NYC-00244,2026-09-14 19:16:28.329122,New York,Astoria,40.70170022781818,-73.95544643117209,70.0,completed
NYC-00860,2026-09-14 19:18:01.329122,New York,Empire State Building,40.78530803783645,-73.97901445852769,45.7,completed
NYC-04092,2026-09-14 19:21:50.329122,New York,Flushing,40.75263812069115,-73.97609110546017,9.3,completed
NYC-02754,2026-09-14 19:37:16.329122,New York,Times Square,40.80092344274452,-73.9977514533635,19.1,completed
NYC-00514,2026-09-14 19:50:56.329122,New York,Broadway,40.70497405371168,-74.01044075551704,12.8,completed
NYC-03992,2026-09-14 19:53:53.329122,New York,Coney Island,40.78277151713451,-73.98936536460901,8.6,completed
NYC-00354,2026-09-14 19:53:58.329122,New York,Empire State Building,40.70776256221405,-73.97200088069263,5.8,completed
NYC-01272,2026-09-14 19:58:18.329122,New York,Midtown,40.785783608778274,-74.01409365206399,20.5,completed
NYC-04876,2026-09-14 19:58:23.329122,New York,Broadway,40.766104003299155,-74.01476490171511,44.3,completed
NYC-02018,2026-09-14 20:00:23.329122,New York,Upper West Side,40.702400573645306,-73.98792357377353,14.2,completed
NYC-03745,2026-09-14 20:09:41.329122,New York,Staten Island Ferry,40.723369200491504,-73.97457344721577,16.3,completed
NYC-01579,2026-09-14 20:10:39.329122,New York,Times Square,40.76013671539855,-73.96879707347398,16.3,completed
NYC-03911,2026-09-14 20:21:10.329122,New York,Midtown,40.72991984658788,-73.95007482504468,7.2,completed
NYC-00784,2026-09-14 20:23:12.329122,New York,Queensbridge,40.71997574884816,-74.01847784800705,5.8,completed
NYC-02905,2026-09-14 20:32:49.329122,New York,Empire State Building,40.70600978620011,-73.93071170316742,19.8,completed
NYC-01456,2026-09-14 20:33:10.329122,New York,Brooklyn Heights,40.775847942613474,-73.96461139764703,13.16,completed
NYC-02845,2026-09-14 20:34:57.329122,New York,Brooklyn Heights,40.73928332752306,-73.96469130836009,70.0,completed
NYC-00693,2026-09-14 20:38:11.329122,New York,Queensbridge,40.72666507056566,-73.96656838420822,45.7,completed
NYC-02537,2026-09-14 20:41:12.329122,New York,Staten Island Ferry,40.71571353160309,-73.98841219384666,10.7,completed
NYC-01858,2026-09-14 20:42:59.329122,New York,Upper West Side,40.792619840817906,-73.93813719744517,12.1,completed
NYC-01053,2026-09-14 20:59:16.329122,New York,Upper West Side,40.787866155935106,-73.984522855486,61.8,completed
NYC-01714,2026-09-14 21:02:43.329122,New York,Midtown,40.706398017505606,-73.94286738745025,5.8,completed
NYC-02021,2026-09-14 21:23:22.329122,New York,Flushing,40.7616185001808,-73.94648859673832,10.83,completed
NYC-01983,2026-09-14 21:35:56.329122,New York,Upper West Side,40.75312657592939,-73.94485389024531,7.2,completed
NYC-02910,2026-09-14 21:44:22.329122,New York,Williamsburg,40.725345832832915,-73.94074144802819,25.4,completed
NYC-00738,2026-09-14 22:07:59.329122,New York,Downtown Manhattan,40.748304839942726,-74.01648942213134,6.5,completed
NYC-02808,2026-09-14 22:13:58.329122,New York,Midtown,40.75245901171148,-73.99687429304424,19.1,completed
NYC-03632,2026-09-14 22:14:53.329122,New York,Queensbridge,40.75041559540463,-74.01686807201185,17.7,completed
NYC-00857,2026-09-14 22:15:17.329122,New York,Staten Island Ferry,40.7519273639621,-74.01922428976674,56.2,completed
NYC-03513,2026-09-14 22:15:36.329122,New York,Flushing,40.7898671297999,-73.95807725329432,45.0,completed
NYC-00753,2026-09-14 22:26:17.329122,New York,Wall Street,40.73683961761228,-73.94973706262456,11.4,completed
NYC-00896,2026-09-14 22:27:15.329122,New York,Upper West Side,40.732246250328714,-73.93766420651336,19.1,completed
NYC-02570,2026-09-14 22:27:29.329122,New York,Central Park,40.74456129639803,-73.98695473368745,12.1,completed
NYC-03025,2026-09-14 22:40:57.329122,New York,Staten Island Ferry,40.741131315171415,-73.98345260806963,9.3,completed
NYC-01888,2026-09-14 22:44:56.329122,New York,Queensbridge,40.779910788662434,-74.00655405503916,17.0,completed
NYC-01250,2026-09-14 22:46:07.329122,New York,Downtown Manhattan,40.78761910200738,-73.9782571157793,11.4,completed
NYC-01961,2026-09-14 23:03:39.329122,New York,Times Square,40.7450895378666,-73.98402524041231,6.5,completed
NYC-01026,2026-09-14 23:05:00.329122,New York,Staten Island Ferry,40.794824691608824,-73.94127105437015,10.7,completed
NYC-03662,2026-09-14 23:06:05.329122,New York,Midtown,40.70552673108053,-74.01679490647544,12.8,completed
NYC-00536,2026-09-14 23:07:24.329122,New York,Central Park,40.79346121297452,-74.00690360654913,8.6,completed
NYC-00363,2026-09-14 23:25:47.329122,New York,Upper East Side,40.76001784682475,-73.95745268801907,12.8,completed
NYC-01172,2026-09-14 23:26:17.329122,New York,Downtown Manhattan,40.769499487971835,-74.01509416503276,28.9,completed
NYC-04818,2026-09-14 23:28:23.329122,New York,Wall Street,40.79770104846275,-73.98720311206041,7.2,completed
NYC-02618,2026-09-14 23:30:25.329122,New York,Midtown,40.792698309237664,-73.93259020793032,10.0,completed
NYC-01918,2026-09-14 23:44:08.329122,New York,Downtown Manhattan,40.74306782679956,-73.96461869434343,13.01,completed
NYC-02179,2026-09-14 23:46:46.329122,New York,LaGuardia Airport,40.75639202284596,-73.9748702673672,15.6,completed
NYC-02557,2026-09-15 00:01:56.329122,New York,Central Park,40.73295222457493,-73.9742892325597,7.9,completed
NYC-02165,2026-09-15 00:12:55.329122,New York,Staten Island Ferry,40.80770154318167,-74.0153230511682,6.5,completed
NYC-01821,2026-09-15 00:13:46.329122,New York,Coney Island,40.713352505997534,-73.97317087364277,41.5,completed
NYC-03124,2026-09-15 00:29:03.329122,New York,DUMBO,40.78060068222648,-73.9945033124802,11.4,completed
NYC-01595,2026-09-15 00:38:11.329122,New York,Central Park,40.76362256087071,-73.9954916142537,6.5,completed
NYC-00070,2026-09-15 00:41:16.329122,New York,JFK Airport,40.78494692462264,-73.97024666118536,21.9,completed
NYC-03083,2026-09-15 00:45:37.329122,New York,Staten Island Ferry,40.76463444582204,-74.01050377182389,7.9,completed
NYC-00561,2026-09-15 00:45:39.329122,New York,Downtown Manhattan,40.723426057765984,-73.93020949630619,7.2,completed
NYC-04925,2026-09-15 00:59:01.329122,New York,Downtown Manhattan,40.72827689614081,-74.01173346964937,7.2,completed
NYC-03011,2026-09-15 01:18:03.329122,New York,Upper East Side,40.73163960019481,-73.97966462376809,46.4,completed
NYC-04478,2026-09-15 01:35:03.329122,New York,Harlem,40.765315869513785,-73.99480564032773,9.3,completed
NYC-00264,2026-09-15 01:42:40.329122,New York,Upper East Side,40.796511037912076,-73.93253392288071,23.3,completed
NYC-00031,2026-09-15 01:50:11.329122,New York,Coney Island,40.71875765360561,-73.97207761829046,5.8,completed
NYC-01871,2026-09-15 02:00:52.329122,New York,Williamsburg,40.72348625029418,-74.0125376876745,17.7,completed
NYC-03369,2026-09-15 02:13:20.329122,New York,Midtown,40.77641050547831,-74.00982102345185,11.4,completed
NYC-04928,2026-09-15 02:40:26.329122,New York,Upper West Side,40.781829570603236,-73.94482936382386,6.5,completed
NYC-00888,2026-09-15 02:44:49.329122,New York,Williamsburg,40.71093855320353,-73.94792637101263,7.9,completed
NYC-04300,2026-09-15 02:51:18.329122,New York,JFK Airport,40.70886769456866,-73.99613890646988,47.1,completed
NYC-04344,2026-09-15 02:54:42.329122,New York,Coney Island,40.76468005097726,-74.01475325165238,3.0,completed
NYC-03899,2026-09-15 03:04:30.329122,New York,Staten Island Ferry,40.79291324999993,-73.93509784311611,9.3,completed
NYC-00199,2026-09-15 03:15:56.329122,New York,Upper West Side,40.785786310044344,-73.99455110886458,21.9,completed
NYC-04408,2026-09-15 03:24:45.329122,New York,Times Square,40.74203534223159,-74.00210543227422,26.8,completed
NYC-04669,2026-09-15 03:38:49.329122,New York,Brooklyn Heights,40.77667265826047,-73.94956135934595,8.6,completed
NYC-01687,2026-09-15 03:44:14.329122,New York,LaGuardia Airport,40.75357681107008,-73.98834611638371,13.5,completed
NYC-01948,2026-09-15 03:58:01.329122,New York,Central Park,40.736101202897025,-73.94057544054387,10.0,completed
NYC-00084,2026-09-15 04:06:13.329122,New York,Empire State Building,40.73420805538873,-74.00245375556513,18.4,completed
NYC-04428,2026-09-15 04:11:03.329122,New York,Central Park,40.71969348011858,-73.98108432758335,12.1,completed
NYC-04568,2026-09-15 04:20:48.329122,New York,Wall Street,40.71519378224543,-73.9753441666509,10.0,completed
NYC-04663,2026-09-15 04:40:50.329122,New York,Coney Island,40.791157988219986,-74.01646722522361,11.4,completed
NYC-03379,2026-09-15 04:56:25.329122,New York,Queensbridge,40.77688437113361,-73.98189050755902,28.2,completed
NYC-02219,2026-09-15 05:01:45.329122,New York,Central Park,40.712383842945314,-73.93789708950091,8.6,completed
NYC-02214,2026-09-15 05:06:02.329122,New York,Wall Street,40.77993380912774,-74.00672914743164,12.8,completed
NYC-01438,2026-09-15 05:31:31.329122,New York,DUMBO,40.72220387973353,-74.00864761077854,21.2,completed
NYC-02200,2026-09-15 05:38:55.329122,New York,Coney Island,40.80744803613617,-73.986788404083,14.2,completed
NYC-00870,2026-09-15 05:47:10.329122,New York,Flushing,40.741064024790774,-74.0010313210513,11.4,completed
NYC-03129,2026-09-15 05:57:59.329122,New York,LaGuardia Airport,40.792234101722734,-73.99897518711674,10.0,completed
NYC-01501,2026-09-15 06:14:06.329122,New York,DUMBO,40.752710006539274,-74.01279429377239,11.4,completed
NYC-00140,2026-09-15 06:20:10.329122,New York,Coney Island,40.80586920244363,-73.96819012723023,70.0,completed
NYC-03770,2026-09-15 06:27:37.329122,New York,Wall Street,40.76013652502794,-73.99707515495882,5.8,completed
NYC-04310,2026-09-15 06:34:23.329122,New York,Coney Island,40.73047761746847,-73.99616203679678,10.7,completed
NYC-04831,2026-09-15 07:01:47.329122,New York,LaGuardia Airport,40.78134161565626,-73.93941285599253,19.1,completed
NYC-04340,2026-09-15 07:17:40.329122,New York,Staten Island Ferry,40.748683508052615,-73.95933987660372,18.5,completed
NYC-00274,2026-09-15 07:35:53.329122,New York,Upper East Side,40.7562476638747,-73.97755362713242,13.5,completed
NYC-04994,2026-09-15 07:40:29.329122,New York,Brooklyn Heights,40.70752847801669,-74.00878472130633,4.4,completed
NYC-00393,2026-09-15 07:47:00.329122,New York,Empire State Building,40.785405425681624,-73.96752048184482,4.4,completed
NYC-02946,2026-09-15 07:49:03.329122,New York,JFK Airport,40.75652399106275,-73.9637550606633,7.2,completed
NYC-03148,2026-09-15 07:50:52.329122,New York,Astoria,40.78661257294276,-73.99111581055125,42.2,completed
NYC-04783,2026-09-15 08:07:11.329122,New York,Brooklyn Heights,40.732049718012156,-73.93559017215146,70.0,completed
NYC-04139,2026-09-15 08:08:24.329122,New York,Downtown Manhattan,40.76122362713524,-73.96443811741108,10.0,completed
NYC-03363,2026-09-15 08:18:19.329122,New York,Flushing,40.72904681831631,-73.97919664549563,39.4,completed
NYC-04686,2026-09-15 08:20:03.329122,New York,Flushing,40.71531794778632,-73.99430274354562,5.8,completed
NYC-02028,2026-09-15 08:28:53.329122,New York,Broadway,40.72821830686887,-73.98548669896824,26.1,completed
NYC-04127,2026-09-15 08:38:22.329122,New York,Brooklyn Heights,40.80405171084353,-73.96590256011461,10.0,completed
NYC-00661,2026-09-15 08:39:13.329122,New York,Staten Island Ferry,40.80851667736723,-74.01049146890959,42.2,completed
NYC-04068,2026-09-15 08:55:33.329122,New York,Broadway,40.774122278809706,-74.01725531069324,13.5,completed
NYC-03277,2026-09-15 09:05:53.329122,New York,Times Square,40.75336041259775,-73.98197987889722,66.7,completed
NYC-02766,2026-09-15 09:20:04.329122,New York,Brooklyn Heights,40.75826256963402,-73.99457132227037,8.6,completed
NYC-01740,2026-09-15 09:41:58.329122,New York,Queensbridge,40.79102916851236,-74.00460226298286,18.4,completed
NYC-00542,2026-09-15 09:42:14.329122,New York,Brooklyn Heights,40.72515070860538,-73.94188003672944,7.9,completed
NYC-04746,2026-09-15 09:43:56.329122,New York,Central Park,40.72088628620055,-73.94867889977748,10.7,completed
NYC-01610,2026-09-15 09:44:16.329122,New York,Empire State Building,40.79680869963176,-73.94174129480268,52.7,completed
NYC-04993,2026-09-15 10:00:00.329122,New York,Downtown Manhattan,40.77133110125903,-73.94631358085908,10.0,completed
NYC-03145,2026-09-15 10:01:14.329122,New York,Staten Island Ferry,40.740529381190825,-74.01800174683109,7.9,completed
NYC-03472,2026-09-15 10:03:23.329122,New York,Williamsburg,40.76706671676679,-73.98007602688136,9.3,completed
NYC-03410,2026-09-15 10:16:02.329122,New York,DUMBO,40.74523106697941,-73.97963632947976,10.7,completed
NYC-02278,2026-09-15 10:23:52.329122,New York,Central Park,40.7697514434514,-73.9517453705569,8.6,completed
NYC-04588,2026-09-15 10:50:46.329122,New York,Coney Island,40.773887974516846,-73.98799402006682,54.1,completed
NYC-02547,2026-09-15 11:00:32.329122,New York,Coney Island,40.74482973341357,-73.99726725939837,10.7,completed
NYC-00878,2026-09-15 11:10:48.329122,New York,Flushing,40.70298055917539,-73.97967230614452,7.2,completed
NYC-03638,2026-09-15 11:10:52.329122,New York,Astoria,40.73206070048432,-73.96541389972091,12.1,completed
NYC-03538,2026-09-15 11:32:30.329122,New York,LaGuardia Airport,40.77413936289603,-73.97763138468511,14.2,completed
NYC-02392,2026-09-15 11:40:45.329122,New York,Downtown Manhattan,40.74735822723085,-73.94707667825345,21.2,completed
NYC-03365,2026-09-15 11:44:16.329122,New York,Staten Island Ferry,40.770001170968676,-73.95127505683473,19.8,completed
NYC-01894,2026-09-15 11:54:10.329122,New York,Astoria,40.76105934442325,-73.9757435851283,12.1,completed
NYC-04497,2026-09-15 11:58:06.329122,New York,Upper East Side,40.71465003382343,-73.98150773907699,32.4,completed
NYC-00163,2026-09-15 12:04:13.329122,New York,Williamsburg,40.75893521524823,-73.9778298704868,15.6,completed
NYC-02667,2026-09-15 12:37:22.329122,New York,Broadway,40.7716803736525,-73.9576478921233,7.9,completed
NYC-01198,2026-09-15 12:38:16.329122,New York,Downtown Manhattan,40.78246170149173,-74.00116245317491,13.5,completed
NYC-03430,2026-09-15 12:39:46.329122,New York,Times Square,40.7639045417877,-74.00208259184548,7.9,completed
NYC-01810,2026-09-15 12:43:36.329122,New York,Times Square,40.77263329916715,-73.95034044214354,51.3,completed
NYC-00899,2026-09-15 12:43:58.329122,New York,Upper East Side,40.70940593839399,-73.97202502389148,7.9,completed
NYC-00588,2026-09-15 12:49:30.329122,New York,Flushing,40.714085042285355,-73.93643000203953,17.5,completed
NYC-03120,2026-09-15 12:57:24.329122,New York,Queensbridge,40.72978869608407,-73.99390113466202,7.9,completed
NYC-03434,2026-09-15 13:00:01.329122,New York,Astoria,40.777813670003624,-73.93346502886867,18.4,completed
NYC-03276,2026-09-15 13:03:32.329122,New York,Coney Island,40.79276587845667,-73.97412380409965,19.1,completed
NYC-00117,2026-09-15 13:31:22.329122,New York,Central Park,40.72052270647747,-73.97661843942008,4.4,completed
NYC-00009,2026-09-15 13:33:35.329122,New York,Brooklyn Heights,40.77788798355757,-73.9812688120865,43.6,completed
NYC-04593,2026-09-15 13:38:52.329122,New York,Wall Street,40.73434087102261,-73.98428008195975,7.9,completed
NYC-02071,2026-09-15 13:41:04.329122,New York,Williamsburg,40.757132444545434,-73.98108065499551,10.0,completed
NYC-00744,2026-09-15 13:47:14.329122,New York,DUMBO,40.72554339646615,-74.00527454162756,8.6,completed
NYC-00503,2026-09-15 13:48:07.329122,New York,Midtown,40.789517452167765,-73.97571984435112,70.0,completed
NYC-01420,2026-09-15 13:49:46.329122,New York,Brooklyn Heights,40.73477717154744,-73.93104664899506,19.1,completed
NYC-02902,2026-09-15 13:54:35.329122,New York,Downtown Manhattan,40.70000127982309,-73.99577922226258,7.2,completed
NYC-02380,2026-09-15 13:59:54.329122,New York,Wall Street,40.79046646110351,-73.98121152434375,8.6,completed
NYC-02988,2026-09-15 14:02:17.329122,New York,DUMBO,40.77902993420548,-73.94870290555524,14.2,completed
NYC-03196,2026-09-15 14:08:31.329122,New York,Central Park,40.80352328937871,-73.95904264366317,28.9,completed
NYC-04141,2026-09-15 14:11:12.329122,New York,DUMBO,40.71480338938145,-74.00214647141371,3.0,completed
NYC-03361,2026-09-15 14:11:55.329122,New York,Broadway,40.72991406433603,-74.00806564083278,12.8,completed
NYC-04034,2026-09-15 14:26:57.329122,New York,Downtown Manhattan,40.717182165872366,-73.97911563480756,41.5,completed
NYC-03593,2026-09-15 14:43:33.329122,New York,Upper West Side,40.76372459133282,-73.93834811494507,11.4,completed
NYC-02673,2026-09-15 14:44:06.329122,New York,Harlem,40.72191368023835,-73.9724969102534,7.2,completed
NYC-01881,2026-09-15 14:48:16.329122,New York,DUMBO,40.79606552074469,-74.00147014203101,12.8,completed
NYC-03902,2026-09-15 15:02:25.329122,New York,Astoria,40.8006566805769,-73.94975303775188,12.8,completed
NYC-03758,2026-09-15 15:18:24.329122,New York,Williamsburg,40.74729533817578,-74.00110964419255,12.1,completed
NYC-00192,2026-09-15 15:19:44.329122,New York,DUMBO,40.79904598628797,-73.95112153304272,45.0,completed
NYC-03850,2026-09-15 15:29:38.329122,New York,Williamsburg,40.74594336953987,-73.93718975680098,5.1,completed
NYC-00761,2026-09-15 16:06:31.329122,New York,Flushing,40.73428942745751,-73.93574410922503,13.5,completed
NYC-00347,2026-09-15 16:16:55.329122,New York,Brooklyn Heights,40.70498344107493,-73.99681312011128,30.3,completed
NYC-01337,2026-09-15 16:18:06.329122,New York,Astoria,40.77482510666744,-74.0029058730705,10.0,completed
NYC-04425,2026-09-15 16:30:10.329122,New York,Empire State Building,40.74324618424434,-73.95005326815044,24.5,completed
NYC-02489,2026-09-15 16:30:19.329122,New York,Times Square,40.74128628987116,-73.94732698579134,10.0,completed
NYC-00471,2026-09-15 16:33:12.329122,New York,LaGuardia Airport,40.80668667093784,-73.99184492222282,12.1,completed
NYC-01813,2026-09-15 16:40:11.329122,New York,Upper East Side,40.7023039457134,-73.9484010047266,31.0,completed
NYC-02112,2026-09-15 16:49:52.329122,New York,Upper West Side,40.72026473231619,-73.98327635845575,90.5,completed
NYC-03793,2026-09-15 16:53:49.329122,New York,Broadway,40.78127533448463,-73.95550312569682,9.3,completed
NYC-03461,2026-09-15 16:54:33.329122,New York,Downtown Manhattan,40.717182722555535,-73.93886627340093,12.8,completed
NYC-02963,2026-09-15 17:32:05.329122,New York,Broadway,40.80763780152281,-73.97783848866216,7.2,completed
NYC-04011,2026-09-15 17:43:18.329122,New York,DUMBO,40.74311016192383,-73.98697379513646,43.6,completed
NYC-00110,2026-09-15 17:44:56.329122,New York,Queensbridge,40.73187265982052,-73.9326932989,70.0,completed
NYC-04893,2026-09-15 17:49:39.329122,New York,Williamsburg,40.72648841976805,-73.95529837498557,11.4,completed
NYC-01167,2026-09-15 17:57:07.329122,New York,Upper West Side,40.7558214507137,-73.93120874582986,8.6,completed
NYC-04675,2026-09-15 17:57:48.329122,New York,Astoria,40.79750183981562,-73.96780289618172,8.6,completed
NYC-01760,2026-09-15 18:00:23.329122,New York,Brooklyn Heights,40.749981506801596,-73.99475904417159,9.3,completed
NYC-00905,2026-09-15 18:03:12.329122,New York,Upper East Side,40.79819388821847,-73.9639341360235,24.0,completed
NYC-01907,2026-09-15 18:15:45.329122,New York,Midtown,40.74047348264323,-73.94782774424475,7.2,completed
NYC-01615,2026-09-15 18:31:00.329122,New York,JFK Airport,40.7736435650718,-73.95443554595373,12.8,completed
NYC-02956,2026-09-15 18:36:24.329122,New York,Downtown Manhattan,40.78018791678214,-73.95975864843135,13.5,completed
NYC-02038,2026-09-15 18:59:53.329122,New York,Times Square,40.72478486229464,-73.97160770842682,5.8,completed
NYC-04814,2026-09-15 19:00:23.329122,New York,Astoria,40.784638683736375,-73.93386036136,7.2,completed
NYC-02122,2026-09-15 19:00:50.329122,New York,Wall Street,40.80638392767851,-73.97193674981158,7.2,completed
NYC-00080,2026-09-15 19:06:49.329122,New York,Coney Island,40.79494137684632,-74.01325937421981,15.6,completed
NYC-00460,2026-09-15 19:14:10.329122,New York,Coney Island,40.71292788714548,-73.94798761755231,29.6,completed
NYC-02462,2026-09-15 19:22:26.329122,New York,Astoria,40.76857465539754,-73.93775669296376,7.2,completed
NYC-04360,2026-09-15 19:27:35.329122,New York,Astoria,40.70655458070885,-73.9731925585105,10.7,completed
NYC-04678,2026-09-15 19:38:06.329122,New York,Times Square,40.77470788251515,-73.97433453155395,62.5,completed
NYC-03303,2026-09-15 19:40:06.329122,New York,Staten Island Ferry,40.735327836789956,-74.00066308542175,18.4,completed
NYC-03976,2026-09-15 19:40:50.329122,New York,Upper East Side,40.74121941675581,-73.99041286104854,12.8,completed
NYC-02904,2026-09-15 19:51:19.329122,New York,Brooklyn Heights,40.75747611991942,-74.01602689941213,21.9,completed
NYC-03100,2026-09-15 19:58:50.329122,New York,Queensbridge,40.71018880313565,-73.94653949333235,17.7,completed
NYC-00039,2026-09-15 20:11:30.329122,New York,JFK Airport,40.74841677431136,-73.93696566186155,10.7,completed
NYC-01589,2026-09-15 20:14:09.329122,New York,Williamsburg,40.7789357542224,-73.94885377532198,20.5,completed
NYC-01981,2026-09-15 20:40:50.329122,New York,JFK Airport,40.78829076407753,-73.97170532416627,6.5,completed
NYC-01410,2026-09-15 20:43:10.329122,New York,LaGuardia Airport,40.72264253310405,-74.01569967717867,38.7,completed
NYC-01904,2026-09-15 20:47:39.329122,New York,Upper East Side,40.78203071610044,-73.99637407385651,32.4,completed
NYC-01136,2026-09-15 21:04:02.329122,New York,JFK Airport,40.793632760545364,-73.98305511576724,5.1,completed
NYC-04077,2026-09-15 21:18:54.329122,New York,DUMBO,40.730351496381864,-73.95130433288172,12.8,completed
NYC-02661,2026-09-15 21:26:34.329122,New York,Central Park,40.79681724117137,-73.9640682019609,8.6,completed
NYC-01403,2026-09-15 21:39:41.329122,New York,Empire State Building,40.78100422165722,-73.94139749939427,16.94,completed
NYC-00176,2026-09-15 21:44:32.329122,New York,Times Square,40.776003151191276,-73.94032850091632,10.0,completed
NYC-01713,2026-09-15 21:55:21.329122,New York,Queensbridge,40.75057804661463,-73.9458629984279,9.3,completed
NYC-03652,2026-09-15 22:07:26.329122,New York,LaGuardia Airport,40.79103083575015,-73.9994999492544,13.5,completed
NYC-01114,2026-09-15 22:18:08.329122,New York,Staten Island Ferry,40.76522339283259,-73.99572317807136,23.7,completed
NYC-01082,2026-09-15 22:46:51.329122,New York,Midtown,40.74593388533634,-73.98603863704928,6.5,completed
NYC-00318,2026-09-15 22:51:32.329122,New York,JFK Airport,40.71720807469382,-74.00714671259745,7.9,completed
NYC-03759,2026-09-15 23:03:53.329122,New York,Harlem,40.79140440881606,-73.97573116364853,14.9,completed
NYC-00933,2026-09-15 23:24:10.329122,New York,Harlem,40.7578259200533,-73.93107874341412,45.7,completed
NYC-00300,2026-09-15 23:30:37.329122,New York,Upper West Side,40.70568498932855,-73.94948486476709,7.9,completed
NYC-02608,2026-09-15 23:44:18.329122,New York,Flushing,40.77776741362013,-73.98971946833642,13.5,completed
NYC-03494,2026-09-16 00:00:45.329122,New York,Upper West Side,40.77249499511455,-74.00327511499911,19.8,completed
NYC-00925,2026-09-16 00:01:02.329122,New York,Empire State Building,40.702471623915216,-73.95541947556164,10.0,completed
NYC-02955,2026-09-16 00:04:43.329122,New York,JFK Airport,40.77640549699787,-73.9723171848637,7.9,completed
NYC-02659,2026-09-16 00:05:51.329122,New York,JFK Airport,40.77230888303872,-73.96219496528437,33.1,completed
NYC-03845,2026-09-16 00:38:05.329122,New York,DUMBO,40.772205056385076,-73.95407908337796,14.2,completed
NYC-03188,2026-09-16 00:38:30.329122,New York,Upper West Side,40.79114111576967,-73.9731855799278,10.7,completed
NYC-03217,2026-09-16 00:56:05.329122,New York,Empire State Building,40.700219134874104,-73.99179690749884,14.2,completed
NYC-03286,2026-09-16 01:08:02.329122,New York,Midtown,40.74266086989086,-73.98028530969249,10.0,completed
NYC-03448,2026-09-16 01:43:46.329122,New York,Wall Street,40.765247404094346,-74.00942716910112,19.8,completed
NYC-03943,2026-09-16 01:58:19.329122,New York,Times Square,40.743241429831535,-73.9363665122322,15.6,completed
NYC-04616,2026-09-16 02:33:35.329122,New York,Brooklyn Heights,40.788970895584086,-73.95808912190688,12.1,completed
NYC-04764,2026-09-16 02:36:28.329122,New York,Williamsburg,40.75922344772157,-73.94038852116476,26.8,completed
NYC-04138,2026-09-16 02:36:43.329122,New York,Harlem,40.773156158790734,-73.97668534433552,11.4,completed
NYC-02585,2026-09-16 02:39:32.329122,New York,Upper East Side,40.768726224906835,-73.959238310274,11.4,completed
NYC-04366,2026-09-16 03:14:10.329122,New York,Wall Street,40.70881162992706,-73.97218022865941,8.6,completed
NYC-03149,2026-09-16 03:21:08.329122,New York,Wall Street,40.749977996537446,-73.99729724495303,42.9,completed
NYC-01565,2026-09-16 03:21:14.329122,New York,Times Square,40.74661120790137,-73.98794254508847,5.8,completed
NYC-00961,2026-09-16 03:22:23.329122,New York,LaGuardia Airport,40.766346732041306,-73.93475623575944,12.1,completed
NYC-00825,2026-09-16 03:23:34.329122,New York,Central Park,40.801184117805406,-73.98749055469217,8.6,completed
NYC-01570,2026-09-16 03:30:52.329122,New York,Coney Island,40.7645269309493,-73.96941002056391,20.5,completed
NYC-00774,2026-09-16 03:40:36.329122,New York,Astoria,40.78770249023575,-74.01746906443498,7.9,completed
NYC-02470,2026-09-16 03:48:47.329122,New York,LaGuardia Airport,40.725052470971356,-73.94638862408509,20.5,completed
NYC-03066,2026-09-16 04:02:19.329122,New York,JFK Airport,40.70166217526359,-73.97669868773649,15.6,completed
NYC-02408,2026-09-16 04:04:26.329122,New York,Midtown,40.808683956277115,-74.00418562787469,5.1,completed
NYC-01282,2026-09-16 04:25:21.329122,New York,Wall Street,40.76156135518357,-73.95140312399253,51.84,completed
NYC-04802,2026-09-16 04:30:05.329122,New York,Queensbridge,40.80003724540545,-74.0082241874786,4.4,completed
NYC-01672,2026-09-16 04:31:47.329122,New York,Staten Island Ferry,40.795486235911824,-73.99782865774819,19.1,completed
NYC-03896,2026-09-16 04:49:57.329122,New York,LaGuardia Airport,40.71610798822631,-73.99101274822154,18.4,completed
NYC-03344,2026-09-16 04:53:07.329122,New York,JFK Airport,40.75213133421278,-73.93287347473813,9.3,completed
NYC-01612,2026-09-16 04:53:12.329122,New York,Staten Island Ferry,40.758625356520646,-73.99769688013838,16.3,completed
NYC-03607,2026-09-16 05:12:40.329122,New York,Times Square,40.7314278324427,-73.99751192812678,8.6,completed
NYC-02066,2026-09-16 05:20:01.329122,New York,DUMBO,40.72215001603496,-74.0169131888827,7.2,completed
NYC-02568,2026-09-16 05:23:46.329122,New York,Broadway,40.78838310176266,-73.9461422595681,35.9,completed
NYC-04133,2026-09-16 05:37:44.329122,New York,Central Park,40.76970827597421,-73.99582985734415,7.9,completed
NYC-04625,2026-09-16 05:48:43.329122,New York,Staten Island Ferry,40.77507945266439,-73.99027352420786,22.6,completed
NYC-03690,2026-09-16 05:49:35.329122,New York,Times Square,40.79095444170701,-73.98147825828043,70.0,completed
NYC-01524,2026-09-16 05:52:29.329122,New York,Downtown Manhattan,40.753445893510495,-74.0140006153159,8.6,completed
NYC-00531,2026-09-16 05:53:20.329122,New York,Harlem,40.809968944061474,-74.0079925298029,10.0,completed
NYC-00298,2026-09-16 05:57:45.329122,New York,Broadway,40.76851795234009,-73.9814483379488,23.3,completed
NYC-01661,2026-09-16 06:02:34.329122,New York,JFK Airport,40.75672473704662,-73.9802331662718,46.4,completed
NYC-04615,2026-09-16 06:06:37.329122,New York,LaGuardia Airport,40.734863688394405,-73.94257769701203,12.8,completed
NYC-02204,2026-09-16 06:33:33.329122,New York,Central Park,40.78138945328436,-73.93594113233387,6.5,completed
NYC-01035,2026-09-16 06:45:09.329122,New York,Downtown Manhattan,40.776591765346595,-73.99878857188817,35.2,completed
NYC-01419,2026-09-16 07:03:41.329122,New York,Upper West Side,40.80272625192807,-73.97453959998305,12.8,completed
NYC-01168,2026-09-16 07:12:06.329122,New York,Coney Island,40.70070244588886,-74.01496662848845,10.0,completed
NYC-01822,2026-09-16 07:13:13.329122,New York,Williamsburg,40.76765142648428,-73.93222799182445,6.5,completed
NYC-00288,2026-09-16 07:14:31.329122,New York,DUMBO,40.731519537734115,-74.01129748961911,7.2,completed
NYC-04479,2026-09-16 07:18:59.329122,New York,LaGuardia Airport,40.76331527715041,-74.01046396797904,70.0,completed
NYC-02235,2026-09-16 07:34:28.329122,New York,Broadway,40.765254372711816,-73.97739085597654,16.3,completed
NYC-04954,2026-09-16 07:38:11.329122,New York,Times Square,40.74953854243589,-74.0050419516872,10.7,completed
NYC-03408,2026-09-16 07:50:33.329122,New York,Flushing,40.72656461337826,-73.97412491455567,12.8,completed
NYC-01142,2026-09-16 08:07:29.329122,New York,Queensbridge,40.7745817767815,-74.0102439664555,9.3,completed
NYC-01991,2026-09-16 08:12:22.329122,New York,Empire State Building,40.717479898443635,-73.99833586729028,21.75,completed
NYC-04926,2026-09-16 08:15:43.329122,New York,Midtown,40.7511539967643,-73.97994831846472,17.7,completed
NYC-04472,2026-09-16 08:16:00.329122,New York,Flushing,40.72291469290094,-73.9404402000816,7.9,completed
NYC-02950,2026-09-16 08:20:23.329122,New York,Coney Island,40.79102569518606,-73.93448099147211,60.4,completed
NYC-04575,2026-09-16 08:23:05.329122,New York,DUMBO,40.73438578273991,-73.98964860242478,13.5,completed
NYC-01663,2026-09-16 08:23:46.329122,New York,Queensbridge,40.754665983119644,-73.95281930840287,10.7,completed
NYC-03374,2026-09-16 08:40:25.329122,New York,Staten Island Ferry,40.78964337013946,-73.96773365741824,18.62,completed
NYC-01688,2026-09-16 08:40:38.329122,New York,Staten Island Ferry,40.76668782315261,-73.97108640142753,13.5,completed
NYC-02937,2026-09-16 08:42:03.329122,New York,Broadway,40.764215005856556,-73.96732652120411,11.4,completed
NYC-01626,2026-09-16 08:49:34.329122,New York,Upper West Side,40.7221027057525,-73.9472951693356,25.4,completed
NYC-03714,2026-09-16 08:50:03.329122,New York,DUMBO,40.808911973069556,-73.93997925798453,44.3,completed
NYC-03326,2026-09-16 08:50:36.329122,New York,Queensbridge,40.78833022791537,-74.00866534230572,12.8,completed
NYC-00658,2026-09-16 08:53:14.329122,New York,DUMBO,40.77105089654648,-73.9333540674525,10.0,completed
NYC-00138,2026-09-16 08:54:22.329122,New York,Coney Island,40.739999256261726,-73.95851971428493,33.94,completed
NYC-04748,2026-09-16 09:02:00.329122,New York,DUMBO,40.74309919840789,-74.01675663602506,9.3,completed
NYC-04119,2026-09-16 09:15:18.329122,New York,Harlem,40.77861907168523,-73.94240623375363,82.8,completed
NYC-02635,2026-09-16 09:20:49.329122,New York,Staten Island Ferry,40.77330239549361,-74.0160537832753,15.6,completed
NYC-00316,2026-09-16 09:24:44.329122,New York,Staten Island Ferry,40.744984823885574,-73.99491751156643,12.8,completed
NYC-03110,2026-09-16 09:29:05.329122,New York,DUMBO,40.770145707158555,-73.97503434292011,70.0,completed
NYC-03376,2026-09-16 10:13:18.329122,New York,Wall Street,40.78369364640239,-74.00463157448947,10.0,completed
NYC-00086,2026-09-16 10:21:07.329122,New York,Upper West Side,40.78025667961719,-73.95081275817738,8.6,completed
NYC-03720,2026-09-16 10:22:24.329122,New York,Astoria,40.73777253723954,-73.991807433356,41.5,completed
NYC-01718,2026-09-16 10:24:25.329122,New York,Upper West Side,40.808204681778975,-73.99923388688137,53.4,completed
NYC-01564,2026-09-16 10:37:43.329122,New York,Upper West Side,40.79048757503651,-74.00606427448173,21.04,completed
NYC-01509,2026-09-16 10:41:26.329122,New York,Broadway,40.78413715876964,-73.95851419930842,24.0,completed
NYC-03113,2026-09-16 10:48:02.329122,New York,DUMBO,40.710053063496495,-73.96029736501391,7.9,completed
NYC-03979,2026-09-16 10:48:25.329122,New York,Upper East Side,40.74687333617475,-73.99004634750175,10.7,completed
NYC-00771,2026-09-16 10:52:49.329122,New York,Coney Island,40.7931097520908,-73.95510508051919,17.0,completed
NYC-04587,2026-09-16 10:56:14.329122,New York,Downtown Manhattan,40.71437890559488,-73.98340889728851,82.69,completed
NYC-01034,2026-09-16 11:06:42.329122,New York,Queensbridge,40.70846485217922,-73.9624718353549,18.4,completed
NYC-02389,2026-09-16 11:23:20.329122,New York,Flushing,40.775724552034134,-73.98185726333438,11.4,completed
NYC-03336,2026-09-16 11:25:12.329122,New York,Midtown,40.799905133757036,-73.93531307909416,13.5,completed
NYC-03464,2026-09-16 11:27:27.329122,New York,Brooklyn Heights,40.719729161131816,-73.93039562183769,13.5,completed
NYC-02929,2026-09-16 11:58:45.329122,New York,Staten Island Ferry,40.74325147211307,-74.00480497540127,7.2,completed
NYC-03252,2026-09-16 12:12:43.329122,New York,Flushing,40.76662016782558,-74.01903968856944,10.7,completed
NYC-00003,2026-09-16 12:18:09.329122,New York,Queensbridge,40.76585243326168,-73.9893996052546,23.3,completed
NYC-02492,2026-09-16 12:36:50.329122,New York,Upper West Side,40.78379780105155,-73.98968370686976,7.9,completed
NYC-01104,2026-09-16 12:42:49.329122,New York,Upper West Side,40.80943986049111,-74.00860265870334,5.8,completed
NYC-03403,2026-09-16 12:46:24.329122,New York,Times Square,40.73593031743685,-73.97154542317932,21.9,completed
NYC-04412,2026-09-16 13:13:21.329122,New York,Harlem,40.77374777671766,-73.95214560840027,18.4,completed
NYC-03399,2026-09-16 13:20:54.329122,New York,JFK Airport,40.76343726387436,-73.93388478992114,3.0,completed
NYC-00124,2026-09-16 13:47:40.329122,New York,JFK Airport,40.72507286787962,-73.9378479279633,65.3,completed
NYC-00476,2026-09-16 14:02:33.329122,New York,Downtown Manhattan,40.708117622120895,-73.99035586576281,71.76,completed
NYC-00939,2026-09-16 14:29:13.329122,New York,Empire State Building,40.76341681230657,-73.99468438928022,35.9,completed
NYC-01548,2026-09-16 14:29:40.329122,New York,Broadway,40.70477537861403,-74.00700071642603,19.1,completed
NYC-01709,2026-09-16 14:38:51.329122,New York,Wall Street,40.7715221201638,-73.9387053739985,7.9,completed
NYC-03091,2026-09-16 14:45:28.329122,New York,Brooklyn Heights,40.805333911659226,-73.98010117113046,14.2,completed
NYC-04805,2026-09-16 15:07:40.329122,New York,Times Square,40.759909395821786,-73.94892937475866,4.4,completed
NYC-01385,2026-09-16 15:13:01.329122,New York,Empire State Building,40.73577090706472,-73.96343464899248,12.8,completed
NYC-01640,2026-09-16 15:27:08.329122,New York,Upper East Side,40.759395284330864,-73.95192795507307,11.4,completed
NYC-02310,2026-09-16 15:28:22.329122,New York,Flushing,40.755815313258964,-73.9329821004736,10.7,completed
NYC-03539,2026-09-16 15:30:27.329122,New York,Empire State Building,40.70688213264414,-73.94096963227129,33.1,completed
NYC-03825,2026-09-16 15:42:01.329122,New York,Brooklyn Heights,40.70931571760629,-73.99283488051964,12.1,completed
NYC-04484,2026-09-16 15:45:27.329122,New York,Harlem,40.72311179122036,-73.93906747237166,5.1,completed
NYC-00587,2026-09-16 15:47:59.329122,New York,Williamsburg,40.71417676941017,-73.9777877554254,10.7,completed
NYC-01479,2026-09-16 16:01:36.329122,New York,Times Square,40.74791416462943,-74.00858144547432,24.0,completed
NYC-03327,2026-09-16 16:02:48.329122,New York,DUMBO,40.756980887304515,-73.93872122436557,5.1,completed
NYC-00754,2026-09-16 16:07:42.329122,New York,DUMBO,40.71531992799297,-73.93808234882698,26.8,completed
NYC-04512,2026-09-16 16:10:09.329122,New York,Flushing,40.710056419099885,-74.01317155228983,16.3,completed
NYC-04565,2026-09-16 16:16:10.329122,New York,Upper East Side,40.798712428921014,-73.98937525159894,20.5,completed
NYC-04506,2026-09-16 16:18:38.329122,New York,JFK Airport,40.78080691307816,-74.01203299163068,70.0,completed
NYC-04942,2026-09-16 16:22:47.329122,New York,LaGuardia Airport,40.79333189518469,-74.0189038148125,5.8,completed
NYC-00160,2026-09-16 16:23:32.329122,New York,Wall Street,40.74045614459912,-73.96450402196513,28.5,completed
NYC-01239,2026-09-16 16:29:21.329122,New York,Upper East Side,40.720407806727344,-73.93954242482837,9.3,completed
NYC-04889,2026-09-16 16:31:18.329122,New York,Times Square,40.77590515772504,-73.99336662859177,6.5,completed
NYC-01080,2026-09-16 16:38:44.329122,New York,Astoria,40.786497951585716,-73.97974275193727,15.5,completed
NYC-01952,2026-09-16 16:48:13.329122,New York,Brooklyn Heights,40.76580478234701,-73.97979050570444,10.0,completed
NYC-04738,2026-09-16 16:51:14.329122,New York,DUMBO,40.7412307416785,-73.99194001178755,7.9,completed
NYC-02972,2026-09-16 17:18:18.329122,New York,Queensbridge,40.78648262174872,-74.00545260755939,13.5,completed
NYC-00621,2026-09-16 17:21:36.329122,New York,Williamsburg,40.723028425567044,-73.93799915487473,7.2,completed
NYC-01212,2026-09-16 17:34:31.329122,New York,Downtown Manhattan,40.71799862033109,-73.98391267059804,13.5,completed
NYC-04224,2026-09-16 17:57:02.329122,New York,Wall Street,40.764144324100954,-73.93904922239017,16.3,completed
NYC-00785,2026-09-16 18:03:23.329122,New York,Upper East Side,40.7999295617467,-73.93813920153578,12.1,completed
NYC-04690,2026-09-16 18:05:39.329122,New York,DUMBO,40.74060498131902,-73.93295081138726,14.29,completed
NYC-02212,2026-09-16 18:15:09.329122,New York,Times Square,40.70198072111605,-73.99595110940625,18.63,completed
NYC-02621,2026-09-16 18:19:01.329122,New York,Staten Island Ferry,40.798105935929186,-73.96907232337963,70.0,completed
NYC-02149,2026-09-16 18:21:01.329122,New York,Empire State Building,40.791107417768096,-73.96439681248697,8.6,completed
NYC-04908,2026-09-16 18:35:42.329122,New York,Staten Island Ferry,40.78157227193135,-74.00483368208867,10.0,completed
NYC-04192,2026-09-16 19:01:29.329122,New York,Midtown,40.754995489116126,-73.93595270837929,15.6,completed
NYC-02335,2026-09-16 19:02:25.329122,New York,Downtown Manhattan,40.74222227713495,-73.99893480024842,52.0,completed
NYC-03625,2026-09-16 19:10:19.329122,New York,Midtown,40.72895720811698,-73.96559599159674,15.6,completed
NYC-00694,2026-09-16 19:10:47.329122,New York,Empire State Building,40.71263205072132,-73.9520655287474,12.1,completed
NYC-01982,2026-09-16 19:22:34.329122,New York,Flushing,40.75040055754117,-73.93586601636007,22.6,completed
NYC-02603,2026-09-16 19:43:16.329122,New York,Flushing,40.73493454747872,-73.9386368512191,15.6,completed
NYC-03609,2026-09-16 19:45:17.329122,New York,Wall Street,40.80669191778797,-73.94102596824418,12.8,completed
NYC-01562,2026-09-16 20:20:35.329122,New York,DUMBO,40.78585780667683,-74.00345683994664,5.1,completed
NYC-00289,2026-09-16 20:32:09.329122,New York,Downtown Manhattan,40.764991658662595,-73.95515889326836,11.4,completed
NYC-04984,2026-09-16 20:43:26.329122,New York,Broadway,40.760572650516025,-73.94166395832048,16.3,completed
NYC-00338,2026-09-16 20:44:11.329122,New York,Staten Island Ferry,40.75215912119961,-73.93813641480003,13.5,completed
NYC-00399,2026-09-16 20:49:55.329122,New York,Flushing,40.78299971614932,-73.9419645835859,70.0,completed
NYC-02094,2026-09-16 20:51:10.329122,New York,Broadway,40.731585175389306,-73.9878949147622,5.1,completed
NYC-02266,2026-09-16 21:51:17.329122,New York,Harlem,40.765086687853696,-74.00276593465827,21.2,completed
NYC-01877,2026-09-16 21:53:00.329122,New York,Downtown Manhattan,40.75591966016079,-74.00280049395779,20.4,completed
NYC-04430,2026-09-16 21:56:44.329122,New York,Harlem,40.77453003857022,-73.94594007385359,11.4,completed
NYC-00597,2026-09-16 22:06:27.329122,New York,JFK Airport,40.71895518583218,-73.95857394428954,10.7,completed
NYC-04203,2026-09-16 22:10:14.329122,New York,Broadway,40.80598279422218,-73.97712955358551,18.4,completed
NYC-00221,2026-09-16 22:22:09.329122,New York,JFK Airport,40.7625139463669,-73.97731222016185,8.6,completed
NYC-04529,2026-09-16 22:24:07.329122,New York,Central Park,40.719886366561866,-73.93458375457192,13.5,completed
NYC-02532,2026-09-16 22:31:27.329122,New York,Upper East Side,40.732408133598085,-73.99978758556115,5.8,completed
NYC-04559,2026-09-16 22:50:28.329122,New York,JFK Airport,40.80966443591529,-73.96718615994338,48.9,completed
NYC-02872,2026-09-16 23:09:35.329122,New York,Broadway,40.79818140502351,-73.93538381487437,68.8,completed
NYC-00545,2026-09-16 23:21:16.329122,New York,LaGuardia Airport,40.73939789898362,-74.01322491550134,12.1,completed
NYC-01633,2026-09-16 23:35:59.329122,New York,Staten Island Ferry,40.78749949568687,-73.9727794923983,21.9,completed
NYC-04045,2026-09-16 23:38:06.329122,New York,Times Square,40.74702350994993,-74.01729817968544,13.5,completed
NYC-00004,2026-09-16 23:39:56.329122,New York,Astoria,40.71716205044867,-73.94173152836692,3.7,completed
NYC-04240,2026-09-16 23:51:28.329122,New York,Empire State Building,40.77432291924278,-73.98987382060787,56.2,completed
NYC-01499,2026-09-17 00:04:08.329122,New York,Broadway,40.7949667014529,-73.94975759754578,29.6,completed
NYC-04371,2026-09-17 00:07:03.329122,New York,Times Square,40.74253777627484,-74.00274038875357,14.2,completed
NYC-03106,2026-09-17 00:07:12.329122,New York,Upper West Side,40.779579259963505,-74.00213114270186,5.8,completed
NYC-02222,2026-09-17 00:27:27.329122,New York,JFK Airport,40.7106187917215,-74.00815912240246,6.5,completed
NYC-00014,2026-09-17 00:48:50.329122,New York,Flushing,40.720000746392785,-74.00231617297393,9.3,completed
NYC-00909,2026-09-17 01:06:54.329122,New York,Flushing,40.7417661648984,-74.00518905474135,26.1,completed
NYC-03613,2026-09-17 01:12:19.329122,New York,Broadway,40.787750548968305,-74.01045171550469,10.7,completed
NYC-02134,2026-09-17 01:14:29.329122,New York,Upper East Side,40.77912889846061,-73.97622018515723,7.9,completed
NYC-04115,2026-09-17 01:29:37.329122,New York,Empire State Building,40.737505442857916,-73.97719104721676,18.4,completed
NYC-04420,2026-09-17 01:44:29.329122,New York,DUMBO,40.71082666080115,-73.93680810884257,19.8,completed
NYC-00364,2026-09-17 01:50:26.329122,New York,Harlem,40.80356112896542,-73.97363496744521,11.4,completed
NYC-03313,2026-09-17 01:52:04.329122,New York,Brooklyn Heights,40.70092000500646,-73.96554085399866,10.7,completed
NYC-01550,2026-09-17 01:53:39.329122,New York,Upper West Side,40.80465436764273,-73.98993058131221,29.6,completed
NYC-00608,2026-09-17 02:01:42.329122,New York,Downtown Manhattan,40.75537589979404,-73.97958660156671,14.2,completed
NYC-01914,2026-09-17 02:02:58.329122,New York,Wall Street,40.749347169405006,-73.99373195406672,7.2,completed
NYC-04055,2026-09-17 02:35:03.329122,New York,Midtown,40.70178204370735,-73.9344465430662,4.4,completed
NYC-02261,2026-09-17 02:37:29.329122,New York,LaGuardia Airport,40.76621157741167,-74.00286278535776,10.7,completed
NYC-00146,2026-09-17 02:42:07.329122,New York,Downtown Manhattan,40.76705207673779,-73.96161853419784,10.0,completed
NYC-01826,2026-09-17 02:42:29.329122,New York,Coney Island,40.70461463457748,-74.00224816004497,13.5,completed
NYC-01645,2026-09-17 02:46:22.329122,New York,Staten Island Ferry,40.78307974625465,-73.98304611724856,7.2,completed
NYC-02132,2026-09-17 02:55:42.329122,New York,Williamsburg,40.76157312520022,-73.95958260187922,10.0,completed
NYC-02072,2026-09-17 02:58:45.329122,New York,Empire State Building,40.72253694015658,-73.9639144817921,18.4,completed
NYC-01240,2026-09-17 03:02:15.329122,New York,Upper West Side,40.79554854847512,-73.93721866853986,8.6,completed
NYC-04699,2026-09-17 03:08:47.329122,New York,Harlem,40.80810134950014,-73.94718689047838,16.3,completed
NYC-04122,2026-09-17 03:24:25.329122,New York,Astoria,40.77676160640557,-73.96083001055403,12.1,completed
NYC-01164,2026-09-17 03:33:04.329122,New York,Central Park,40.717683588565315,-73.9970802610699,7.9,completed
NYC-00986,2026-09-17 04:04:02.329122,New York,Empire State Building,40.77572426360705,-73.96898274100353,12.1,completed
NYC-00492,2026-09-17 04:05:58.329122,New York,Central Park,40.730511930127925,-73.96885582453581,5.1,completed
NYC-03670,2026-09-17 04:15:12.329122,New York,Flushing,40.72612264124275,-73.9347546444841,17.0,completed
NYC-03453,2026-09-17 04:16:08.329122,New York,Downtown Manhattan,40.74104348802646,-73.98026074400082,10.0,completed
NYC-00195,2026-09-17 04:31:12.329122,New York,Brooklyn Heights,40.738413053207395,-73.94818017683028,12.1,completed
NYC-03685,2026-09-17 04:34:49.329122,New York,JFK Airport,40.76223597103251,-73.96730626555166,30.3,completed
NYC-03170,2026-09-17 04:41:51.329122,New York,Central Park,40.77206910859768,-73.94655698479282,21.2,completed
NYC-00559,2026-09-17 04:49:50.329122,New York,Upper West Side,40.768234050648886,-73.96248029377048,12.8,completed
NYC-03998,2026-09-17 04:53:29.329122,New York,Flushing,40.75829346456233,-74.01028679005314,3.7,completed
NYC-03773,2026-09-17 04:56:46.329122,New York,Astoria,40.78063001179449,-73.98297301614156,5.8,completed
NYC-00680,2026-09-17 05:09:42.329122,New York,Coney Island,40.789877927804426,-73.99881550642915,31.7,completed
NYC-02614,2026-09-17 05:12:14.329122,New York,Downtown Manhattan,40.734789716470225,-73.99792486255231,25.4,completed
NYC-02716,2026-09-17 05:13:03.329122,New York,Upper West Side,40.77111046158017,-73.99990701390375,3.0,completed
NYC-02446,2026-09-17 05:14:01.329122,New York,Upper East Side,40.72852683870488,-73.96983177297969,23.3,completed
NYC-03198,2026-09-17 05:27:17.329122,New York,Times Square,40.7112824758842,-73.96805202282196,15.6,completed
NYC-01685,2026-09-17 05:42:37.329122,New York,LaGuardia Airport,40.79482159304999,-74.0185487818265,5.8,completed
NYC-00839,2026-09-17 05:48:34.329122,New York,Astoria,40.76954907167115,-73.96329831874431,12.1,completed
NYC-01984,2026-09-17 05:48:35.329122,New York,Harlem,40.714682796965754,-73.94417189424834,8.6,completed
NYC-02226,2026-09-17 06:00:19.329122,New York,Upper West Side,40.7331391786836,-73.94266075440366,36.6,completed
NYC-04459,2026-09-17 06:09:02.329122,New York,Brooklyn Heights,40.76034472565602,-73.98924593085924,19.1,completed
NYC-03936,2026-09-17 06:17:34.329122,New York,Broadway,40.74589127604211,-74.01207945752397,9.3,completed
NYC-02869,2026-09-17 06:47:16.329122,New York,LaGuardia Airport,40.738835543076036,-74.01923936535438,16.3,completed
NYC-02372,2026-09-17 06:47:27.329122,New York,Midtown,40.77617421093362,-74.01104533964374,25.4,completed
NYC-03432,2026-09-17 06:48:55.329122,New York,Coney Island,40.783240318377544,-74.01423608285216,17.7,completed
NYC-02846,2026-09-17 06:51:30.329122,New York,Midtown,40.78663039944447,-73.94510537916439,5.1,completed
NYC-01642,2026-09-17 06:58:22.329122,New York,Brooklyn Heights,40.757305377499925,-73.97548626525126,9.3,completed
NYC-00151,2026-09-17 07:02:33.329122,New York,Times Square,40.72635180797337,-74.00183845465727,14.9,completed
NYC-04711,2026-09-17 07:05:57.329122,New York,Downtown Manhattan,40.75038314782423,-73.94263010071002,12.8,completed
NYC-04990,2026-09-17 07:14:14.329122,New York,Queensbridge,40.807295140445326,-73.97946551082649,9.3,completed
NYC-03700,2026-09-17 07:18:27.329122,New York,Central Park,40.76726099723483,-73.93648894331243,25.05,completed
NYC-01819,2026-09-17 07:20:31.329122,New York,Queensbridge,40.742013360361824,-73.95611934547985,12.8,completed
NYC-03250,2026-09-17 07:22:29.329122,New York,Times Square,40.75857544730576,-73.93706880374052,8.6,completed
NYC-04212,2026-09-17 07:24:52.329122,New York,Midtown,40.75987793763978,-74.01421126991258,14.2,completed
NYC-04885,2026-09-17 07:42:32.329122,New York,Coney Island,40.797205236445684,-73.95939476688731,10.7,completed
NYC-02652,2026-09-17 07:46:44.329122,New York,Flushing,40.740679458158596,-74.01340789563034,18.4,completed
NYC-03600,2026-09-17 07:55:59.329122,New York,Coney Island,40.715534589771046,-73.98234732654142,28.2,completed
NYC-01517,2026-09-17 08:01:51.329122,New York,Upper West Side,40.7987833603845,-73.95455534712339,12.8,completed
NYC-03545,2026-09-17 08:10:56.329122,New York,Staten Island Ferry,40.717041784225785,-73.97377299544642,70.0,completed
NYC-00178,2026-09-17 08:20:16.329122,New York,Astoria,40.80304029876104,-73.97154732081091,17.7,completed
NYC-00932,2026-09-17 08:29:29.329122,New York,LaGuardia Airport,40.808284239877395,-73.99765412683323,20.5,completed
NYC-00901,2026-09-17 08:38:44.329122,New York,Harlem,40.702918542426126,-73.97113535999597,12.8,completed
NYC-02307,2026-09-17 08:44:13.329122,New York,Broadway,40.76787731677296,-73.99321863552032,17.7,completed
NYC-02391,2026-09-17 08:56:23.329122,New York,Queensbridge,40.718354622186865,-74.01777724320824,58.3,completed
NYC-01211,2026-09-17 09:14:03.329122,New York,LaGuardia Airport,40.74965257267627,-74.00890133580322,8.6,completed
NYC-04772,2026-09-17 09:18:38.329122,New York,Upper East Side,40.72582298638975,-74.00419361809888,41.5,completed
NYC-01279,2026-09-17 09:22:21.329122,New York,Broadway,40.75487769687965,-74.00245515079268,7.9,completed
NYC-04174,2026-09-17 09:41:58.329122,New York,DUMBO,40.7960980381611,-73.99534766164331,16.3,completed
NYC-01008,2026-09-17 09:58:36.329122,New York,Times Square,40.727463480974514,-73.96358503860264,7.2,completed
NYC-00547,2026-09-17 10:29:43.329122,New York,Empire State Building,40.77387305151521,-74.01556219116011,10.7,completed
NYC-04038,2026-09-17 10:32:17.329122,New York,DUMBO,40.772536525829025,-73.95378538118997,10.0,completed
NYC-01090,2026-09-17 10:37:34.329122,New York,Empire State Building,40.803700495154864,-73.98229603198145,7.2,completed
NYC-02664,2026-09-17 10:41:22.329122,New York,Williamsburg,40.7668527334478,-73.98782380044155,15.6,completed
NYC-01222,2026-09-17 11:19:16.329122,New York,Coney Island,40.74755682811469,-74.00286563923326,10.0,completed
NYC-04001,2026-09-17 11:21:15.329122,New York,Staten Island Ferry,40.788597556223,-73.97271755663624,10.7,completed
NYC-02084,2026-09-17 11:21:49.329122,New York,Harlem,40.7592571977748,-73.9616708085465,19.8,completed
NYC-00064,2026-09-17 11:24:58.329122,New York,Flushing,40.730902796065614,-73.9536580827439,26.8,completed
NYC-02948,2026-09-17 11:29:10.329122,New York,Flushing,40.74062088472371,-73.93612785406623,13.5,completed
NYC-03511,2026-09-17 11:31:09.329122,New York,Astoria,40.707371819152634,-73.96134881846095,7.9,completed
NYC-02381,2026-09-17 12:01:59.329122,New York,JFK Airport,40.794331857142744,-74.00426919564593,32.4,completed
NYC-04767,2026-09-17 12:02:39.329122,New York,Flushing,40.71071035831704,-73.9515197674335,19.8,completed
NYC-04432,2026-09-17 12:04:51.329122,New York,Empire State Building,40.752259886015345,-73.95689729817548,7.9,completed
NYC-00432,2026-09-17 12:37:41.329122,New York,DUMBO,40.76800398696479,-73.95908149517552,11.4,completed
NYC-02804,2026-09-17 12:44:40.329122,New York,Upper West Side,40.757360560259364,-74.00962290186948,87.69,completed
NYC-03322,2026-09-17 12:46:37.329122,New York,Downtown Manhattan,40.784316655448585,-74.00145335980565,40.5,completed
NYC-00634,2026-09-17 12:54:14.329122,New York,Upper West Side,40.711788921247376,-74.00341762135845,10.0,completed
NYC-01230,2026-09-17 12:56:05.329122,New York,Downtown Manhattan,40.79835091240471,-73.96792924609485,12.8,completed
NYC-00501,2026-09-17 13:03:04.329122,New York,JFK Airport,40.75897060029786,-74.01539510441991,10.7,completed
NYC-01476,2026-09-17 13:09:46.329122,New York,Harlem,40.78886305361354,-73.97345812971905,10.0,completed
NYC-04470,2026-09-17 13:34:01.329122,New York,LaGuardia Airport,40.79977461564565,-73.97814682077424,12.8,completed
NYC-01789,2026-09-17 13:51:12.329122,New York,Wall Street,40.75702488241397,-73.9704509229442,12.8,completed
NYC-02401,2026-09-17 14:03:48.329122,New York,Midtown,40.707888307773246,-73.9578446218852,42.9,completed
NYC-02288,2026-09-17 14:07:16.329122,New York,JFK Airport,40.75302451639233,-73.93464173600127,13.5,completed
NYC-02644,2026-09-17 14:07:33.329122,New York,Broadway,40.705300461363265,-74.00517540277512,16.3,completed
NYC-03059,2026-09-17 14:14:00.329122,New York,Upper East Side,40.80465655429301,-73.97033541398193,12.8,completed
NYC-00387,2026-09-17 14:52:56.329122,New York,Coney Island,40.71951834981577,-73.93297283368436,12.1,completed
NYC-00464,2026-09-17 14:54:56.329122,New York,Flushing,40.805838980332204,-73.99598849055096,70.0,completed
NYC-00546,2026-09-17 14:55:18.329122,New York,Brooklyn Heights,40.71249133514196,-74.00988426755416,15.6,completed
NYC-03833,2026-09-17 14:55:51.329122,New York,Coney Island,40.742307218357666,-73.97396174251887,6.5,completed
NYC-00794,2026-09-17 15:04:42.329122,New York,Astoria,40.7019921202203,-73.9747412031941,28.9,completed
NYC-03338,2026-09-17 15:07:10.329122,New York,Upper East Side,40.76568708365894,-73.97836426552597,13.5,completed
NYC-02395,2026-09-17 15:12:26.329122,New York,Brooklyn Heights,40.738046520681166,-74.01445528132368,8.6,completed
NYC-00412,2026-09-17 15:12:49.329122,New York,Midtown,40.804566786163136,-73.95371741428428,24.0,completed
NYC-01498,2026-09-17 15:16:43.329122,New York,Broadway,40.741776435819716,-74.00003984572598,10.7,completed
NYC-00046,2026-09-17 15:32:06.329122,New York,Staten Island Ferry,40.73428821836984,-73.97591927188105,70.0,completed
NYC-04085,2026-09-17 15:42:40.329122,New York,Harlem,40.706593763094745,-74.00755911218931,13.77,completed
NYC-02473,2026-09-17 15:44:05.329122,New York,JFK Airport,40.77943575590015,-73.97385250901854,6.5,completed
NYC-00556,2026-09-17 15:51:33.329122,New York,Wall Street,40.714741675129574,-74.0098747182526,4.4,completed
NYC-01356,2026-09-17 15:53:23.329122,New York,Brooklyn Heights,40.79907720504124,-73.971350259215,11.4,completed
NYC-03813,2026-09-17 16:12:30.329122,New York,Astoria,40.76753673369578,-73.98883605542909,7.9,completed
NYC-00985,2026-09-17 16:21:59.329122,New York,Coney Island,40.754504044782685,-74.01873869342265,7.2,completed
NYC-01540,2026-09-17 16:43:36.329122,New York,Staten Island Ferry,40.77799508878947,-74.0030350132484,7.9,completed
NYC-04444,2026-09-17 16:59:55.329122,New York,Williamsburg,40.74506401562218,-73.97716843052741,13.5,completed
NYC-03837,2026-09-17 17:16:05.329122,New York,Upper East Side,40.71305081423158,-73.96741976900515,19.1,completed
NYC-03458,2026-09-17 17:17:15.329122,New York,Williamsburg,40.7766849386481,-73.93388667964683,6.5,completed
NYC-03887,2026-09-17 17:33:30.329122,New York,Times Square,40.769895579254815,-73.95716947683249,10.7,completed
NYC-00265,2026-09-17 17:33:39.329122,New York,Staten Island Ferry,40.781484547952964,-73.97386462803071,14.2,completed
NYC-03525,2026-09-17 17:41:30.329122,New York,Astoria,40.71620031199073,-74.01797461053141,15.28,completed
NYC-02709,2026-09-17 18:02:03.329122,New York,Williamsburg,40.732263947185864,-73.94432934352548,11.4,completed
NYC-01443,2026-09-17 18:02:42.329122,New York,Williamsburg,40.74881252412351,-74.01707620629789,6.5,completed
NYC-03760,2026-09-17 18:05:47.329122,New York,LaGuardia Airport,40.713188020282004,-74.01823505207732,22.6,completed
NYC-01196,2026-09-17 18:07:49.329122,New York,Broadway,40.80708378660952,-73.99809016449112,14.9,completed
NYC-01119,2026-09-17 18:09:13.329122,New York,Harlem,40.71424664134111,-73.95951464476045,11.4,completed
NYC-04622,2026-09-17 18:24:29.329122,New York,Wall Street,40.71613646254167,-73.98493083199406,70.0,completed
NYC-00573,2026-09-17 19:01:57.329122,New York,Upper East Side,40.76842953702507,-73.96183210597084,21.2,completed
NYC-00915,2026-09-17 19:11:19.329122,New York,Flushing,40.747973918204885,-74.01242082899405,10.0,completed
NYC-04892,2026-09-17 19:11:23.329122,New York,Empire State Building,40.767079403770296,-73.94693244701507,7.9,completed
NYC-00918,2026-09-17 19:17:12.329122,New York,Upper West Side,40.783996637357575,-73.99431363383829,19.1,completed
NYC-00418,2026-09-17 19:19:39.329122,New York,Brooklyn Heights,40.773977030168474,-73.9758082213598,9.3,completed
NYC-02866,2026-09-17 19:21:34.329122,New York,Upper West Side,40.75683682237489,-74.00256546543014,45.0,completed
NYC-03755,2026-09-17 19:32:04.329122,New York,Brooklyn Heights,40.72096708163819,-73.94308442831634,4.4,completed
NYC-02613,2026-09-17 19:32:04.329122,New York,DUMBO,40.78149944617673,-73.98425318023146,12.1,completed
NYC-04731,2026-09-17 19:37:00.329122,New York,Upper West Side,40.70743652244197,-73.95266543808742,5.8,completed
NYC-03870,2026-09-17 19:45:45.329122,New York,Harlem,40.74347852469743,-73.93746113453454,8.6,completed
NYC-03592,2026-09-17 19:47:04.329122,New York,Queensbridge,40.76245000497242,-73.9837398972055,11.4,completed
NYC-01098,2026-09-17 19:49:05.329122,New York,Times Square,40.78575429209234,-74.00216232522205,14.9,completed
NYC-04884,2026-09-17 19:52:06.329122,New York,Broadway,40.71208494251149,-74.01505855981803,12.8,completed
NYC-04355,2026-09-17 19:59:44.329122,New York,Queensbridge,40.76655984703946,-73.94906929540494,7.2,completed
NYC-02075,2026-09-17 20:00:59.329122,New York,Central Park,40.79576362675506,-74.00356373827722,7.2,completed
NYC-04434,2026-09-17 20:39:16.329122,New York,Broadway,40.70800084425566,-73.99322565970066,16.3,completed
NYC-00508,2026-09-17 20:42:43.329122,New York,Harlem,40.80447799046211,-73.99677031211439,20.5,completed
NYC-02516,2026-09-17 20:44:22.329122,New York,Downtown Manhattan,40.70210277038728,-73.99432800919239,16.3,completed
NYC-01507,2026-09-17 20:46:17.329122,New York,JFK Airport,40.75869628013996,-73.93763750616357,22.6,completed
NYC-01995,2026-09-17 21:06:52.329122,New York,Upper West Side,40.77226506718939,-73.96782365965542,15.6,completed
NYC-00231,2026-09-17 21:21:08.329122,New York,Central Park,40.75529008024157,-73.98225987876226,21.2,completed
NYC-04269,2026-09-17 21:54:38.329122,New York,Empire State Building,40.80345543481673,-73.99397395715292,11.4,completed
NYC-02567,2026-09-17 22:08:02.329122,New York,Flushing,40.730910494879964,-74.01503590684584,17.0,completed
NYC-00740,2026-09-17 22:12:50.329122,New York,Queensbridge,40.75089477642366,-73.93981235037785,23.3,completed
NYC-03924,2026-09-17 22:15:16.329122,New York,Flushing,40.808936553417304,-74.00582495067317,8.6,completed
NYC-00164,2026-09-17 22:16:12.329122,New York,Queensbridge,40.70993187470599,-74.00668374993015,20.5,completed
NYC-02109,2026-09-17 22:28:41.329122,New York,Staten Island Ferry,40.80818736199868,-73.98256777111322,17.0,completed
NYC-04024,2026-09-17 22:37:13.329122,New York,JFK Airport,40.77404013440024,-73.97341249578795,14.2,completed
NYC-02302,2026-09-17 22:42:12.329122,New York,Times Square,40.75639344985521,-73.99527654704735,38.0,completed
NYC-04073,2026-09-17 22:46:26.329122,New York,Brooklyn Heights,40.76634651321353,-73.97345646739446,10.7,completed
NYC-04946,2026-09-17 22:51:12.329122,New York,Times Square,40.768553141037486,-73.99022016210756,19.8,completed
NYC-01863,2026-09-17 22:51:24.329122,New York,Astoria,40.75995296107867,-74.01300588234474,15.6,completed
NYC-03095,2026-09-17 22:51:38.329122,New York,Coney Island,40.77397065478276,-73.93852103544616,11.4,completed
NYC-04930,2026-09-17 22:55:25.329122,New York,Downtown Manhattan,40.74661471319241,-73.94590962766782,10.7,completed
NYC-00082,2026-09-17 22:58:06.329122,New York,Williamsburg,40.736398782733794,-73.94462747323432,11.4,completed
NYC-00625,2026-09-17 23:00:40.329122,New York,Upper East Side,40.74058050035268,-73.94406440865608,7.9,completed
NYC-00605,2026-09-17 23:16:57.329122,New York,Brooklyn Heights,40.750685664483605,-73.96620858980289,7.2,completed
NYC-03299,2026-09-17 23:32:42.329122,New York,Coney Island,40.788419599971284,-73.94543227663767,16.3,completed
NYC-00814,2026-09-17 23:45:18.329122,New York,DUMBO,40.79568859982684,-74.01369381738509,10.7,completed
NYC-04407,2026-09-17 23:47:57.329122,New York,Broadway,40.71568122105364,-73.97186791207727,20.56,completed
NYC-02771,2026-09-17 23:55:30.329122,New York,Williamsburg,40.73021741965527,-73.9562110930889,7.9,completed
NYC-03205,2026-09-18 00:07:31.329122,New York,Downtown Manhattan,40.7921699212337,-73.99704214998208,46.5,completed
NYC-00711,2026-09-18 00:07:44.329122,New York,Astoria,40.76552026146687,-73.93285057359107,7.2,completed
NYC-02835,2026-09-18 00:16:58.329122,New York,Times Square,40.801148412712166,-73.97899052606023,13.5,completed
NYC-03274,2026-09-18 00:19:46.329122,New York,Staten Island Ferry,40.7919729473528,-73.97314101816393,5.1,completed
NYC-04167,2026-09-18 00:19:52.329122,New York,JFK Airport,40.71044618027513,-74.00450251593168,12.1,completed
NYC-01576,2026-09-18 00:31:15.329122,New York,Upper West Side,40.7026002444651,-73.9371965652302,10.7,completed
NYC-04617,2026-09-18 00:33:03.329122,New York,Upper East Side,40.796303751543554,-73.93551251005482,7.2,completed
NYC-02675,2026-09-18 00:34:27.329122,New York,Midtown,40.731615055611215,-73.96799106267032,10.7,completed
NYC-04030,2026-09-18 00:45:45.329122,New York,Williamsburg,40.773839790775206,-73.98865924242634,14.9,completed
NYC-02536,2026-09-18 00:53:27.329122,New York,Empire State Building,40.78145237451489,-73.94898634562182,6.5,completed
NYC-04367,2026-09-18 00:54:32.329122,New York,Harlem,40.748601707528216,-73.9474977256203,28.17,completed
NYC-04237,2026-09-18 00:59:05.329122,New York,Williamsburg,40.78431800478438,-74.01095226771773,70.0,completed
NYC-01621,2026-09-18 01:05:09.329122,New York,Downtown Manhattan,40.706615657686086,-73.98342702352502,7.2,completed
NYC-03438,2026-09-18 01:10:49.329122,New York,Upper East Side,40.80210003079254,-73.96233607977456,13.49,completed
NYC-02447,2026-09-18 02:22:48.329122,New York,Upper West Side,40.721408622037536,-73.99695809442446,70.0,completed
NYC-02059,2026-09-18 02:41:27.329122,New York,Upper East Side,40.759997505634765,-73.93802582017027,35.2,completed
NYC-04924,2026-09-18 02:49:05.329122,New York,Flushing,40.705456649918446,-73.97212803728068,16.3,completed
NYC-01342,2026-09-18 02:54:29.329122,New York,DUMBO,40.795509975594925,-73.96141254293033,10.0,completed
NYC-01467,2026-09-18 02:58:44.329122,New York,Flushing,40.74475987567952,-74.0136504942661,29.6,completed
NYC-00820,2026-09-18 03:00:27.329122,New York,Midtown,40.788313879345786,-73.94413490657895,22.6,completed
NYC-00344,2026-09-18 03:02:16.329122,New York,Staten Island Ferry,40.74383552078371,-73.93353283275059,31.0,completed
NYC-01608,2026-09-18 03:16:12.329122,New York,DUMBO,40.72570832901015,-73.93570868037364,21.9,completed
NYC-01190,2026-09-18 03:22:39.329122,New York,Staten Island Ferry,40.70740856616157,-73.95723115444865,10.0,completed
NYC-04416,2026-09-18 03:35:48.329122,New York,Wall Street,40.74569873006513,-73.96616357990122,7.9,completed
NYC-01886,2026-09-18 03:55:15.329122,New York,Upper West Side,40.701026478180985,-74.00138153121199,18.4,completed
NYC-02020,2026-09-18 04:29:35.329122,New York,Downtown Manhattan,40.805973387763494,-73.97043785097748,70.0,completed
NYC-04352,2026-09-18 04:43:36.329122,New York,Astoria,40.745555517503725,-73.9411221150756,12.8,completed
NYC-02595,2026-09-18 04:45:17.329122,New York,JFK Airport,40.78528807654435,-73.93087997188465,16.3,completed
NYC-00535,2026-09-18 04:53:20.329122,New York,Central Park,40.803924230287066,-74.01061182213833,12.8,completed
NYC-03368,2026-09-18 05:13:05.329122,New York,Wall Street,40.721001924357886,-73.96434883236591,5.1,completed
NYC-04516,2026-09-18 05:17:42.329122,New York,Harlem,40.75735147236212,-73.97775086240614,23.3,completed
NYC-01934,2026-09-18 05:47:43.329122,New York,Williamsburg,40.7744114730949,-73.93471387073315,17.7,completed
NYC-03552,2026-09-18 06:00:05.329122,New York,Central Park,40.763876899300975,-73.96166117402963,13.5,completed
NYC-04709,2026-09-18 06:01:23.329122,New York,Harlem,40.771362182528456,-73.97005811495572,6.5,completed
NYC-03333,2026-09-18 06:04:15.329122,New York,Central Park,40.721447271989035,-73.98113754092927,35.2,completed
NYC-00020,2026-09-18 06:12:55.329122,New York,DUMBO,40.767303818419464,-73.95997652972872,23.3,completed
NYC-03604,2026-09-18 06:16:55.329122,New York,DUMBO,40.7240580780356,-73.97936076794643,10.0,completed
NYC-00530,2026-09-18 06:18:33.329122,New York,Williamsburg,40.789419111004314,-73.97091148448095,25.54,completed
NYC-00781,2026-09-18 06:24:54.329122,New York,Astoria,40.75969968876824,-73.98353225716822,19.8,completed
NYC-02247,2026-09-18 06:48:03.329122,New York,Astoria,40.79145108658243,-73.94235063002867,10.7,completed
NYC-00578,2026-09-18 06:52:52.329122,New York,LaGuardia Airport,40.75413279223875,-73.93793632874146,6.5,completed
NYC-01619,2026-09-18 06:59:18.329122,New York,JFK Airport,40.78037155612632,-73.95470786483949,7.2,completed
NYC-03951,2026-09-18 06:59:35.329122,New York,JFK Airport,40.791844192626385,-73.94583149585641,7.2,completed
NYC-02895,2026-09-18 06:59:39.329122,New York,Midtown,40.79634713918688,-73.94361091732469,10.0,completed
NYC-04968,2026-09-18 07:00:39.329122,New York,LaGuardia Airport,40.80528483157938,-73.9525336823066,10.7,completed
NYC-01458,2026-09-18 07:08:02.329122,New York,Brooklyn Heights,40.72372426676375,-74.016302587154,10.0,completed
NYC-03267,2026-09-18 07:08:46.329122,New York,Empire State Building,40.76167461244329,-73.98714154717914,6.5,completed
NYC-02973,2026-09-18 07:19:03.329122,New York,Williamsburg,40.780788832528316,-73.93847355490007,19.1,completed
NYC-01511,2026-09-18 07:20:19.329122,New York,Staten Island Ferry,40.77899353838492,-73.9495436243812,14.9,completed
NYC-03921,2026-09-18 08:05:58.329122,New York,LaGuardia Airport,40.74402335034347,-74.01656174946183,7.2,completed
NYC-02687,2026-09-18 08:21:25.329122,New York,Midtown,40.74550069424105,-73.99194670106564,10.7,completed
NYC-01724,2026-09-18 08:23:29.329122,New York,Upper East Side,40.776137747586354,-73.96635424620095,9.3,completed
NYC-01786,2026-09-18 08:24:09.329122,New York,Flushing,40.7700336650384,-73.935515262822,8.6,completed
NYC-04614,2026-09-18 08:31:56.329122,New York,JFK Airport,40.72733938030202,-73.93155805843679,26.8,completed
NYC-02103,2026-09-18 08:41:33.329122,New York,Williamsburg,40.77654890299857,-73.964793833813,13.5,completed
NYC-02012,2026-09-18 08:43:00.329122,New York,Staten Island Ferry,40.79970811986789,-73.99482935291081,10.71,completed
NYC-04650,2026-09-18 09:20:12.329122,New York,Upper East Side,40.70589982706729,-73.99414027000951,14.9,completed
NYC-00030,2026-09-18 09:36:36.329122,New York,Astoria,40.76682993370916,-73.99275023845553,50.0,completed
NYC-03563,2026-09-18 09:41:57.329122,New York,Central Park,40.74604680024102,-73.94063306792614,40.8,completed
NYC-02029,2026-09-18 09:42:19.329122,New York,Central Park,40.77195920616215,-74.00629946074748,18.4,completed
NYC-03944,2026-09-18 09:59:41.329122,New York,Empire State Building,40.71102701200952,-73.99268921051953,36.77,completed
NYC-01415,2026-09-18 10:00:54.329122,New York,Coney Island,40.803026626152445,-73.98176852368017,27.5,completed
NYC-03350,2026-09-18 10:02:28.329122,New York,Wall Street,40.723640390074,-73.94529705847347,56.9,completed
NYC-01514,2026-09-18 10:17:08.329122,New York,JFK Airport,40.72153557842519,-73.97423688682228,30.3,completed
NYC-04553,2026-09-18 10:42:09.329122,New York,JFK Airport,40.79747884234616,-73.96262510773593,37.5,completed
NYC-00534,2026-09-18 11:09:20.329122,New York,Upper West Side,40.78458861566986,-74.00529809952312,70.0,completed
NYC-00963,2026-09-18 11:22:41.329122,New York,Flushing,40.74282251754462,-73.9505347568293,7.2,completed
NYC-02329,2026-09-18 11:38:32.329122,New York,Wall Street,40.705624891958635,-73.96838574124982,14.9,completed
NYC-00906,2026-09-18 11:43:07.329122,New York,Midtown,40.78991879179123,-73.97978132243196,45.7,completed
NYC-01089,2026-09-18 11:48:38.329122,New York,Upper West Side,40.72548388715218,-74.01809651589855,10.7,completed
NYC-01864,2026-09-18 11:55:56.329122,New York,Brooklyn Heights,40.8083136713477,-73.97208757886249,17.7,completed
NYC-04789,2026-09-18 11:58:08.329122,New York,Central Park,40.73631715453472,-74.0181989448734,12.1,completed
NYC-03752,2026-09-18 12:03:57.329122,New York,Staten Island Ferry,40.73452658841666,-73.99737128630312,16.3,completed
NYC-00506,2026-09-18 12:16:46.329122,New York,Midtown,40.800201990294326,-73.97462804422734,12.1,completed
NYC-04170,2026-09-18 12:18:31.329122,New York,Coney Island,40.71945866459064,-73.99561816990779,5.1,completed
NYC-03087,2026-09-18 12:40:43.329122,New York,Staten Island Ferry,40.701693438086046,-73.95432894277175,7.9,completed
NYC-02304,2026-09-18 12:52:05.329122,New York,Times Square,40.80249290913761,-74.01634728590787,8.6,completed
NYC-02606,2026-09-18 12:52:26.329122,New York,Empire State Building,40.70515370993804,-74.00308867700814,11.4,completed
NYC-03334,2026-09-18 13:07:26.329122,New York,Coney Island,40.79794504689413,-73.94927723641801,17.0,completed
NYC-02889,2026-09-18 13:16:42.329122,New York,Times Square,40.79194085207016,-73.98398602544212,7.9,completed
NYC-04684,2026-09-18 13:22:03.329122,New York,Midtown,40.78530558263909,-73.97014524395308,9.3,completed
NYC-03901,2026-09-18 13:24:47.329122,New York,Staten Island Ferry,40.741694453392135,-73.93786742038677,5.8,completed
NYC-03422,2026-09-18 13:27:59.329122,New York,Staten Island Ferry,40.783853288695106,-73.99947443647899,7.9,completed
NYC-04267,2026-09-18 13:29:40.329122,New York,JFK Airport,40.70675909191439,-73.99478792931022,7.2,completed
NYC-04536,2026-09-18 13:32:42.329122,New York,Astoria,40.746914972196606,-73.96291812181202,15.6,completed
NYC-01259,2026-09-18 13:35:39.329122,New York,Williamsburg,40.76401685421059,-74.00060833834519,7.2,completed
NYC-01542,2026-09-18 13:46:31.329122,New York,Central Park,40.76240434415918,-73.93294046997819,30.3,completed
NYC-04384,2026-09-18 13:55:23.329122,New York,Coney Island,40.796583686412895,-73.97186145198171,10.7,completed
NYC-00137,2026-09-18 14:13:07.329122,New York,Upper West Side,40.77733208547847,-74.01282564341314,67.4,completed
NYC-04496,2026-09-18 14:19:25.329122,New York,Flushing,40.753699544284196,-73.97542141177595,19.1,completed
NYC-01248,2026-09-18 14:34:19.329122,New York,Midtown,40.80129326325973,-73.95518997998366,10.7,completed
NYC-03166,2026-09-18 14:48:52.329122,New York,Harlem,40.80198216917443,-74.01529581991946,14.9,completed
NYC-01839,2026-09-18 14:49:15.329122,New York,Wall Street,40.72470771730283,-73.93287800451589,16.3,completed
NYC-01450,2026-09-18 15:05:01.329122,New York,Central Park,40.75468922404093,-73.94430134464456,8.6,completed
NYC-02891,2026-09-18 15:22:45.329122,New York,Times Square,40.77629798632212,-73.97467869330369,10.0,completed
NYC-00426,2026-09-18 15:23:38.329122,New York,Empire State Building,40.74856835515107,-73.93149933084273,22.6,completed
NYC-04065,2026-09-18 15:30:49.329122,New York,JFK Airport,40.71131268513732,-73.97821014296844,17.7,completed
NYC-01285,2026-09-18 16:04:37.329122,New York,Upper West Side,40.75694828077232,-73.96880685372095,9.3,completed
NYC-01721,2026-09-18 16:05:40.329122,New York,Astoria,40.71335234333647,-74.01320256225766,4.4,completed
NYC-00167,2026-09-18 16:06:54.329122,New York,Staten Island Ferry,40.72051703614399,-74.00826821829611,10.7,completed
NYC-01176,2026-09-18 16:07:58.329122,New York,Empire State Building,40.785782993466626,-73.9694564943059,11.4,completed
NYC-00770,2026-09-18 16:09:27.329122,New York,Downtown Manhattan,40.712169491065076,-73.96301391925938,13.5,completed
NYC-00404,2026-09-18 16:09:38.329122,New York,Broadway,40.73520545611337,-73.98867532400705,17.7,completed
NYC-00879,2026-09-18 16:17:23.329122,New York,Astoria,40.72441693781263,-73.97608898242487,12.8,completed
NYC-00136,2026-09-18 16:22:40.329122,New York,Times Square,40.757066968391776,-73.96571082441105,5.8,completed
NYC-04567,2026-09-18 16:25:45.329122,New York,Downtown Manhattan,40.7242716165584,-73.93981041628203,10.7,completed
NYC-04136,2026-09-18 16:35:50.329122,New York,Queensbridge,40.78016558598957,-73.96051235614154,17.7,completed
NYC-02682,2026-09-18 16:38:37.329122,New York,Williamsburg,40.70161627275205,-73.96465872868897,20.5,completed
NYC-01178,2026-09-18 16:39:34.329122,New York,Upper West Side,40.78371306927522,-74.0022078727197,8.6,completed
NYC-01312,2026-09-18 16:40:28.329122,New York,Upper East Side,40.76023516137691,-73.95963454071017,21.9,completed
NYC-04863,2026-09-18 16:43:51.329122,New York,Broadway,40.73682679460798,-73.94745851458573,11.4,completed
NYC-02485,2026-09-18 16:50:36.329122,New York,LaGuardia Airport,40.807908611597895,-73.95892059155558,6.5,completed
NYC-04676,2026-09-18 16:52:27.329122,New York,JFK Airport,40.705191637186715,-73.93467520463325,12.1,completed
NYC-02077,2026-09-18 17:14:24.329122,New York,Upper East Side,40.74963632785991,-73.9626335848965,11.4,completed
NYC-01204,2026-09-18 17:15:44.329122,New York,Harlem,40.75375075094452,-74.01186229199875,11.4,completed
NYC-01320,2026-09-18 17:19:57.329122,New York,Flushing,40.727181355741116,-73.96437073309944,16.3,completed
NYC-01536,2026-09-18 17:22:45.329122,New York,Broadway,40.719926428448815,-73.95976161252729,13.5,completed
NYC-04609,2026-09-18 17:25:11.329122,New York,Times Square,40.74143440844724,-73.95364950904752,7.9,completed
NYC-02216,2026-09-18 17:36:51.329122,New York,Downtown Manhattan,40.79123341313448,-73.9690827424104,8.6,completed
NYC-01587,2026-09-18 17:38:24.329122,New York,Times Square,40.744475064491475,-74.01557664486893,16.17,completed
NYC-01885,2026-09-18 17:42:24.329122,New York,Times Square,40.75077132218618,-73.93614417177216,23.3,completed
NYC-01277,2026-09-18 17:59:02.329122,New York,Williamsburg,40.80853288525939,-73.9871890215232,11.4,completed
NYC-02642,2026-09-18 18:12:52.329122,New York,Astoria,40.78600062496795,-73.98055312527701,7.9,completed
NYC-01900,2026-09-18 18:16:10.329122,New York,JFK Airport,40.76096491655453,-73.99932553446851,14.9,completed
NYC-02435,2026-09-18 18:22:37.329122,New York,Upper East Side,40.742843008439266,-73.9392928105083,14.2,completed
NYC-03467,2026-09-18 18:28:41.329122,New York,Broadway,40.773453665076346,-73.97318373370899,10.0,completed
NYC-00378,2026-09-18 18:31:03.329122,New York,Empire State Building,40.78959153308479,-73.9471019130685,42.2,completed
NYC-03891,2026-09-18 18:44:44.329122,New York,Broadway,40.758442342018604,-73.94513932298334,30.5,completed
NYC-01556,2026-09-18 18:52:20.329122,New York,Central Park,40.767207908773614,-73.98703422524142,16.3,completed
NYC-02853,2026-09-18 19:00:03.329122,New York,Downtown Manhattan,40.8010062995343,-73.99338224488417,21.9,completed
NYC-00725,2026-09-18 19:29:16.329122,New York,Williamsburg,40.792601165443415,-73.96209139454345,16.38,completed
NYC-01747,2026-09-18 19:42:16.329122,New York,Upper East Side,40.72857945296196,-74.01333325835105,7.2,completed
NYC-03503,2026-09-18 19:44:57.329122,New York,Williamsburg,40.703302860586234,-73.93249932617053,13.5,completed
NYC-03454,2026-09-18 19:57:38.329122,New York,Times Square,40.80358611853239,-73.93495136929998,18.4,completed
NYC-02704,2026-09-18 20:02:41.329122,New York,Empire State Building,40.784717403293286,-74.01557552537604,6.5,completed
NYC-02451,2026-09-18 20:18:41.329122,New York,Midtown,40.80630591244531,-73.98065667054595,9.3,completed
NYC-03534,2026-09-18 20:19:59.329122,New York,Harlem,40.72557565914286,-73.97127981555688,15.6,completed
NYC-01293,2026-09-18 20:25:13.329122,New York,JFK Airport,40.7758411466051,-73.99122512355942,7.9,completed
NYC-04339,2026-09-18 20:34:38.329122,New York,Upper East Side,40.72379660553939,-73.97851273670088,10.0,completed
NYC-00326,2026-09-18 20:41:22.329122,New York,Astoria,40.76097894577626,-74.01256850577683,12.8,completed
NYC-00391,2026-09-18 20:46:04.329122,New York,Upper East Side,40.74538794446026,-73.96877141831835,6.5,completed
NYC-03429,2026-09-18 20:56:54.329122,New York,Upper East Side,40.764563015721485,-74.00827084479678,6.5,completed
NYC-03792,2026-09-18 21:07:27.329122,New York,Midtown,40.76543321174521,-74.00734119946897,11.4,completed
NYC-02517,2026-09-18 21:08:27.329122,New York,Brooklyn Heights,40.75245278151496,-73.99847100207693,6.5,completed
NYC-00557,2026-09-18 21:10:03.329122,New York,Broadway,40.70316609439447,-73.95376716342635,19.8,completed
NYC-01065,2026-09-18 21:24:30.329122,New York,Downtown Manhattan,40.78113405317478,-73.9485440423756,33.1,completed
NYC-03431,2026-09-18 21:29:38.329122,New York,LaGuardia Airport,40.80897470727724,-73.96710670944927,18.4,completed
NYC-01232,2026-09-18 21:42:00.329122,New York,Broadway,40.723441517442765,-73.97013106476437,14.9,completed
NYC-00433,2026-09-18 21:47:44.329122,New York,LaGuardia Airport,40.71112349437351,-74.01423147600674,8.6,completed
NYC-00837,2026-09-18 22:04:02.329122,New York,LaGuardia Airport,40.739863328902835,-73.9830151702885,11.4,completed
NYC-00061,2026-09-18 22:07:32.329122,New York,Times Square,40.72984839349513,-73.93696193743568,12.8,completed
NYC-00093,2026-09-18 22:26:56.329122,New York,DUMBO,40.761740491732645,-74.00938247647348,12.1,completed
NYC-02945,2026-09-18 22:31:52.329122,New York,Times Square,40.71127675604731,-74.00732182564442,7.2,completed
NYC-00767,2026-09-18 23:00:09.329122,New York,LaGuardia Airport,40.796444220043796,-74.01394438483706,10.0,completed
NYC-02153,2026-09-18 23:16:48.329122,New York,Times Square,40.79085760339789,-73.9398801396501,60.02,completed
NYC-03033,2026-09-18 23:16:59.329122,New York,JFK Airport,40.71115101873085,-74.01016484991686,12.1,completed
NYC-00332,2026-09-18 23:24:19.329122,New York,Upper West Side,40.70158328374928,-74.01217296817697,10.7,completed
NYC-02425,2026-09-18 23:31:24.329122,New York,JFK Airport,40.799009150131816,-73.98690623426852,9.3,completed
NYC-01748,2026-09-18 23:37:20.329122,New York,DUMBO,40.78363188054344,-73.93064510814862,70.0,completed
NYC-01338,2026-09-18 23:40:26.329122,New York,Astoria,40.707941824987714,-73.97853590457865,8.6,completed
NYC-00900,2026-09-18 23:41:41.329122,New York,Empire State Building,40.722867488066065,-73.96316100591915,25.4,completed
NYC-01892,2026-09-18 23:47:56.329122,New York,Midtown,40.78800780655691,-73.93629951599881,14.2,completed
NYC-03694,2026-09-18 23:51:12.329122,New York,Upper East Side,40.73795921200646,-73.97329563721617,22.6,completed
NYC-01255,2026-09-18 23:52:38.329122,New York,Wall Street,40.747333648438946,-73.97051107709595,11.4,completed
NYC-04003,2026-09-18 23:56:13.329122,New York,Empire State Building,40.71692898951632,-73.98075565318247,5.8,completed
NYC-01219,2026-09-19 00:17:11.329122,New York,Coney Island,40.730058547969804,-74.00637306004575,4.4,completed
NYC-04485,2026-09-19 00:17:12.329122,New York,Upper West Side,40.781649853147755,-73.96386219540678,46.4,completed
NYC-02564,2026-09-19 00:32:10.329122,New York,Staten Island Ferry,40.74431606108959,-73.97497253592809,10.7,completed
NYC-03866,2026-09-19 00:37:26.329122,New York,Coney Island,40.74544897689285,-73.98238007047716,13.5,completed
NYC-04727,2026-09-19 00:39:21.329122,New York,Upper West Side,40.7928267352354,-74.00159648849237,13.5,completed
NYC-01313,2026-09-19 00:47:05.329122,New York,Queensbridge,40.78990275469587,-73.99575044983267,10.0,completed
NYC-03007,2026-09-19 00:53:46.329122,New York,Midtown,40.701337244862515,-73.99683710874385,6.5,completed
NYC-03451,2026-09-19 00:54:34.329122,New York,Times Square,40.774226493238416,-74.00964901568547,21.9,completed
NYC-00663,2026-09-19 00:55:44.329122,New York,Broadway,40.726094947090964,-73.96791191712761,12.8,completed
NYC-02285,2026-09-19 01:00:14.329122,New York,LaGuardia Airport,40.730449573857044,-73.97463369282265,9.3,completed
NYC-03858,2026-09-19 01:06:30.329122,New York,Broadway,40.74435285317466,-73.96831358142623,14.9,completed
NYC-01582,2026-09-19 01:14:42.329122,New York,JFK Airport,40.76539239687048,-73.95343930767,14.2,completed
NYC-02371,2026-09-19 01:48:30.329122,New York,Williamsburg,40.793016479928895,-73.96300579743964,70.0,completed
NYC-00339,2026-09-19 02:11:13.329122,New York,Upper West Side,40.71076175767161,-74.01944345596232,7.2,completed
NYC-00278,2026-09-19 02:11:26.329122,New York,Wall Street,40.77721635649835,-73.9354068064403,9.3,completed
NYC-03022,2026-09-19 02:12:05.329122,New York,Harlem,40.77539882715441,-73.94787831475568,13.5,completed
NYC-04382,2026-09-19 02:24:52.329122,New York,Staten Island Ferry,40.763125243464486,-73.96797324557336,13.5,completed
NYC-02490,2026-09-19 02:28:43.329122,New York,Midtown,40.731436191107846,-74.01015796872015,6.5,completed
NYC-01726,2026-09-19 02:38:59.329122,New York,Flushing,40.75603643409648,-73.98963768294784,21.2,completed
NYC-00491,2026-09-19 02:52:00.329122,New York,Wall Street,40.76821458575817,-73.95233816527718,8.6,completed
NYC-02136,2026-09-19 03:06:17.329122,New York,Times Square,40.70873472431074,-73.94198303082757,7.2,completed
NYC-02290,2026-09-19 03:06:31.329122,New York,JFK Airport,40.767185807818336,-73.95498638431305,12.1,completed
NYC-01203,2026-09-19 03:06:50.329122,New York,Coney Island,40.735597124106455,-73.96147704360158,17.7,completed
NYC-01882,2026-09-19 03:09:40.329122,New York,Downtown Manhattan,40.769992048937716,-73.99104822681689,10.0,completed
NYC-03329,2026-09-19 03:17:52.329122,New York,Central Park,40.77382732207177,-73.97818755120046,9.3,completed
NYC-04283,2026-09-19 03:18:07.329122,New York,Downtown Manhattan,40.7064421835813,-74.01206860874494,27.5,completed
NYC-03867,2026-09-19 03:26:33.329122,New York,Upper West Side,40.77434052176145,-73.96909982650963,16.3,completed
NYC-03874,2026-09-19 03:27:37.329122,New York,Harlem,40.70461067383879,-73.93678140051354,10.7,completed
NYC-04742,2026-09-19 03:43:25.329122,New York,Midtown,40.703914925388716,-73.94333008157767,59.0,completed
NYC-01173,2026-09-19 03:44:19.329122,New York,Harlem,40.72857839391706,-73.94472042363616,10.0,completed
NYC-02752,2026-09-19 04:13:23.329122,New York,Broadway,40.728589547716716,-74.00846307344706,24.7,completed
NYC-00436,2026-09-19 04:17:48.329122,New York,Staten Island Ferry,40.708003930700066,-74.0010127098442,38.0,completed
NYC-01041,2026-09-19 04:47:38.329122,New York,Wall Street,40.78697954813229,-74.00856005582196,12.8,completed
NYC-01500,2026-09-19 04:47:44.329122,New York,Harlem,40.75709899636499,-74.001894229094,10.0,completed
NYC-04532,2026-09-19 05:02:22.329122,New York,Queensbridge,40.72715427303553,-73.98731806687665,14.2,completed
NYC-00335,2026-09-19 05:02:31.329122,New York,Wall Street,40.70448016825509,-73.93497633564948,14.98,completed
NYC-04402,2026-09-19 05:21:27.329122,New York,Flushing,40.727043218674275,-73.96960962086176,6.5,completed
NYC-02171,2026-09-19 05:25:44.329122,New York,LaGuardia Airport,40.707660526297865,-73.9401851614478,8.6,completed
NYC-04334,2026-09-19 05:43:40.329122,New York,Broadway,40.74190470295258,-73.98521556494225,14.9,completed
NYC-00786,2026-09-19 05:47:15.329122,New York,Staten Island Ferry,40.764173097424276,-73.99573329921095,17.7,completed
NYC-02660,2026-09-19 05:47:22.329122,New York,Staten Island Ferry,40.75195099845793,-74.01654746006908,8.6,completed
NYC-03805,2026-09-19 06:15:34.329122,New York,Central Park,40.80666959960778,-73.94427789058254,12.8,completed
NYC-03934,2026-09-19 06:16:23.329122,New York,Empire State Building,40.733793805872345,-73.96514992324055,4.4,completed
NYC-01352,2026-09-19 06:17:36.329122,New York,Staten Island Ferry,40.74824769611086,-74.01662242082213,14.9,completed
NYC-00739,2026-09-19 06:24:58.329122,New York,Upper East Side,40.74146388723674,-73.97899898962089,26.1,completed
NYC-01889,2026-09-19 06:27:41.329122,New York,Flushing,40.80909909464843,-73.97410134286179,7.9,completed
NYC-02655,2026-09-19 06:51:55.329122,New York,Downtown Manhattan,40.74581548750943,-73.95220183613087,20.5,completed
NYC-01276,2026-09-19 06:59:40.329122,New York,Harlem,40.72662495174488,-73.99699003990014,17.7,completed
NYC-02251,2026-09-19 07:06:22.329122,New York,Upper East Side,40.80005895013803,-73.93770936016003,6.5,completed
NYC-04252,2026-09-19 07:33:14.329122,New York,JFK Airport,40.737323579404055,-73.99763178304656,15.6,completed
NYC-03426,2026-09-19 07:41:56.329122,New York,Astoria,40.76197348857839,-74.00948091154682,5.1,completed
NYC-02321,2026-09-19 08:09:24.329122,New York,Harlem,40.77854359089136,-73.97211218584557,70.0,completed
NYC-01042,2026-09-19 08:35:39.329122,New York,Flushing,40.73506277532253,-73.98152123301763,70.0,completed
NYC-04556,2026-09-19 08:38:34.329122,New York,Downtown Manhattan,40.77293299240955,-74.01037721220581,26.1,completed
NYC-00230,2026-09-19 08:56:50.329122,New York,Times Square,40.78742924338958,-73.96017347155802,6.5,completed
NYC-03795,2026-09-19 09:01:19.329122,New York,Downtown Manhattan,40.77245894025997,-73.98368062412676,8.6,completed
NYC-03930,2026-09-19 09:17:36.329122,New York,Empire State Building,40.80323827618205,-73.98456527473122,35.9,completed
NYC-03747,2026-09-19 09:35:48.329122,New York,Brooklyn Heights,40.74523172377708,-74.01065445525002,4.4,completed
NYC-04259,2026-09-19 09:37:05.329122,New York,Empire State Building,40.744077458351796,-74.00832643678089,31.45,completed
NYC-01660,2026-09-19 09:37:44.329122,New York,Coney Island,40.76606537666967,-73.96849445669122,18.4,completed
NYC-03406,2026-09-19 09:38:31.329122,New York,Central Park,40.7943825598108,-74.01966523052637,10.0,completed
NYC-04326,2026-09-19 09:44:02.329122,New York,Upper East Side,40.70242727635505,-73.95204386162816,7.2,completed
NYC-02647,2026-09-19 09:44:03.329122,New York,DUMBO,40.755044126028125,-74.00198612098755,16.3,completed
NYC-02342,2026-09-19 09:46:23.329122,New York,JFK Airport,40.70881980154901,-73.95755229919045,12.1,completed
NYC-02931,2026-09-19 09:48:53.329122,New York,JFK Airport,40.77271156796721,-73.95076744966826,19.1,completed
NYC-02004,2026-09-19 09:49:28.329122,New York,Empire State Building,40.72991446987415,-73.98844215776886,6.5,completed
NYC-00204,2026-09-19 09:51:43.329122,New York,Williamsburg,40.76670719656256,-73.93210441264165,12.1,completed
NYC-02206,2026-09-19 09:56:27.329122,New York,Wall Street,40.73080410625056,-73.9972510726044,24.0,completed
NYC-01793,2026-09-19 10:09:41.329122,New York,Brooklyn Heights,40.774825055712924,-73.99147782875633,9.3,completed
NYC-02067,2026-09-19 10:11:56.329122,New York,Coney Island,40.72844829183769,-73.97521905249502,12.1,completed
NYC-03665,2026-09-19 10:20:16.329122,New York,Empire State Building,40.74819964745732,-73.96970432161409,20.5,completed
NYC-04370,2026-09-19 10:25:19.329122,New York,Upper East Side,40.72225233440741,-73.9497293064971,11.4,completed
NYC-03125,2026-09-19 10:30:51.329122,New York,Harlem,40.76674048971892,-74.01997813590089,18.4,completed
NYC-01657,2026-09-19 10:43:41.329122,New York,Downtown Manhattan,40.73360767417238,-73.99114891725851,12.1,completed
NYC-04260,2026-09-19 10:48:46.329122,New York,LaGuardia Airport,40.712666079623475,-73.97916216157746,11.4,completed
NYC-00538,2026-09-19 10:49:14.329122,New York,LaGuardia Airport,40.74955985488411,-73.97246296644192,12.8,completed
NYC-03588,2026-09-19 10:51:03.329122,New York,Times Square,40.71386022306504,-73.97382305034688,5.8,completed
NYC-04169,2026-09-19 10:51:10.329122,New York,Central Park,40.710630931771654,-73.99429360602848,14.2,completed
NYC-03678,2026-09-19 10:57:57.329122,New York,DUMBO,40.788159035384524,-73.97196471276958,17.7,completed
NYC-03698,2026-09-19 11:01:02.329122,New York,Times Square,40.802652559653524,-73.97759446965597,70.0,completed
NYC-03401,2026-09-19 11:03:12.329122,New York,Astoria,40.71044097305039,-73.93616184557604,10.0,completed
NYC-02818,2026-09-19 11:04:52.329122,New York,Central Park,40.70099423159873,-73.93846504288665,7.9,completed
NYC-04079,2026-09-19 11:25:01.329122,New York,Wall Street,40.724889967300356,-74.00159460951765,23.3,completed
NYC-00783,2026-09-19 11:27:40.329122,New York,LaGuardia Airport,40.73802655928544,-74.0103294502634,9.3,completed
NYC-02588,2026-09-19 11:51:07.329122,New York,Upper West Side,40.72661248483471,-73.97303239342011,17.0,completed
NYC-03104,2026-09-19 11:58:19.329122,New York,Empire State Building,40.7284582806371,-73.94789456470343,14.9,completed
NYC-03634,2026-09-19 12:07:14.329122,New York,Downtown Manhattan,40.710315417888275,-73.99397261632308,21.9,completed
NYC-04776,2026-09-19 12:10:09.329122,New York,Upper West Side,40.70006577327183,-73.97162292098173,9.3,completed
NYC-00367,2026-09-19 12:11:20.329122,New York,LaGuardia Airport,40.79958857061517,-73.9866123658667,10.0,completed
NYC-02974,2026-09-19 12:11:32.329122,New York,Harlem,40.742279054237656,-73.973537695912,12.8,completed
NYC-02841,2026-09-19 12:16:46.329122,New York,Downtown Manhattan,40.78296914706817,-73.98044429975972,10.7,completed
NYC-04648,2026-09-19 12:38:02.329122,New York,Staten Island Ferry,40.79603474617168,-73.96691490450043,12.1,completed
NYC-04293,2026-09-19 12:45:57.329122,New York,Williamsburg,40.79988203999638,-73.96914335876679,10.7,completed
NYC-02370,2026-09-19 12:48:52.329122,New York,Broadway,40.77175208134511,-73.95932317460534,11.4,completed
NYC-02880,2026-09-19 12:51:09.329122,New York,Queensbridge,40.736472116897396,-74.01513571353853,10.7,completed
NYC-01930,2026-09-19 13:05:18.329122,New York,Upper East Side,40.7637982166171,-73.99114930980751,55.5,completed
NYC-01354,2026-09-19 13:06:06.329122,New York,Astoria,40.75353358355672,-73.93713062353275,19.1,completed
NYC-00808,2026-09-19 13:13:57.329122,New York,Upper East Side,40.749592330854455,-73.96332847642667,14.9,completed
NYC-04900,2026-09-19 13:17:17.329122,New York,DUMBO,40.70066517475024,-74.01792003983789,43.6,completed
NYC-02227,2026-09-19 13:18:59.329122,New York,Harlem,40.76581932327276,-74.01009840509852,70.0,completed
NYC-03109,2026-09-19 13:22:31.329122,New York,Upper East Side,40.76746208533761,-73.95066293916382,13.5,completed
NYC-00120,2026-09-19 13:22:34.329122,New York,Broadway,40.78881841706805,-73.9913764349475,10.7,completed
NYC-04945,2026-09-19 13:22:39.329122,New York,Downtown Manhattan,40.80350915548319,-73.99718490855048,51.3,completed
NYC-01495,2026-09-19 13:24:11.329122,New York,Upper West Side,40.773503407841055,-74.00824290565984,39.4,completed
NYC-01667,2026-09-19 13:52:28.329122,New York,Downtown Manhattan,40.802365473610834,-73.95300020489462,70.0,completed
NYC-04331,2026-09-19 13:54:02.329122,New York,Williamsburg,40.71453976235293,-73.95107941365559,5.1,completed
NYC-01010,2026-09-19 14:23:55.329122,New York,Empire State Building,40.72433303860016,-73.94766758933105,16.3,completed
NYC-01856,2026-09-19 14:26:08.329122,New York,Midtown,40.78305461216209,-73.96348371381914,10.7,completed
NYC-04956,2026-09-19 14:28:01.329122,New York,Upper East Side,40.739268067241554,-73.95323741722785,17.0,completed
NYC-01155,2026-09-19 14:30:32.329122,New York,Downtown Manhattan,40.78279883035135,-74.01707763054775,19.89,completed
NYC-02651,2026-09-19 14:36:39.329122,New York,Midtown,40.74055778879513,-74.00672922916604,9.3,completed
NYC-01487,2026-09-19 14:53:21.329122,New York,Downtown Manhattan,40.77650139273589,-73.98547518636803,13.5,completed
NYC-01154,2026-09-19 15:01:44.329122,New York,Astoria,40.768047251603676,-74.00313878878059,5.1,completed
NYC-02764,2026-09-19 15:12:29.329122,New York,Harlem,40.71477023359925,-73.96065190778351,17.7,completed
NYC-04486,2026-09-19 15:14:06.329122,New York,JFK Airport,40.70277190043032,-74.01949318185267,17.7,completed
NYC-01235,2026-09-19 15:24:43.329122,New York,Upper West Side,40.74053789780962,-73.94411696214733,18.4,completed
NYC-04187,2026-09-19 15:38:44.329122,New York,Upper West Side,40.76363417590523,-74.01999524557608,16.3,completed
NYC-04028,2026-09-19 15:52:26.329122,New York,Coney Island,40.78117460421374,-73.93027085474688,42.2,completed
NYC-00759,2026-09-19 16:13:31.329122,New York,Wall Street,40.7867456932347,-73.99206661998026,10.0,completed
NYC-01300,2026-09-19 16:22:52.329122,New York,Flushing,40.703474475930825,-73.94953687471683,7.2,completed
NYC-02433,2026-09-19 16:38:51.329122,New York,Astoria,40.73172459816006,-74.00106651266232,9.3,completed
NYC-01124,2026-09-19 16:52:34.329122,New York,Coney Island,40.7720766178703,-73.94779536725673,70.0,completed
NYC-02046,2026-09-19 16:52:34.329122,New York,Midtown,40.707443519809004,-73.95434307202213,19.1,completed
NYC-04749,2026-09-19 16:57:06.329122,New York,Flushing,40.788264196289646,-73.9360498787781,7.9,completed
NYC-04385,2026-09-19 16:58:50.329122,New York,Midtown,40.76136610432261,-73.94110616930486,10.7,completed
NYC-03967,2026-09-19 17:04:20.329122,New York,Upper West Side,40.70442838033102,-73.95373480910949,70.0,completed
NYC-04348,2026-09-19 17:25:16.329122,New York,Wall Street,40.7908525539405,-73.96139220591142,8.6,completed
NYC-00921,2026-09-19 18:01:33.329122,New York,LaGuardia Airport,40.75361743180745,-73.93307469980732,11.4,completed
NYC-00385,2026-09-19 18:02:35.329122,New York,Williamsburg,40.788382902342335,-73.97400155606749,22.6,completed
NYC-00207,2026-09-19 18:03:03.329122,New York,LaGuardia Airport,40.77298519460189,-73.9808922133026,8.6,completed
NYC-01669,2026-09-19 18:04:20.329122,New York,Brooklyn Heights,40.789919467934034,-74.00827138107178,36.6,completed
NYC-04988,2026-09-19 18:08:47.329122,New York,Staten Island Ferry,40.78043756482821,-74.01699238047654,3.7,completed
NYC-02572,2026-09-19 18:20:03.329122,New York,Queensbridge,40.73536452713727,-74.00667092812355,14.9,completed
NYC-00445,2026-09-19 18:20:07.329122,New York,Brooklyn Heights,40.80419734351223,-74.00208159220577,58.3,completed
NYC-02745,2026-09-19 18:36:41.329122,New York,DUMBO,40.78594540413221,-73.96605125121752,6.5,completed
NYC-01266,2026-09-19 18:42:30.329122,New York,Central Park,40.74317429120474,-73.93167207175702,12.1,completed
NYC-03729,2026-09-19 18:49:25.329122,New York,Central Park,40.76547341175396,-73.99443062656952,19.1,completed
NYC-00743,2026-09-19 18:51:17.329122,New York,JFK Airport,40.755299242910176,-73.93075380913349,8.6,completed
NYC-00121,2026-09-19 19:12:45.329122,New York,Upper West Side,40.798570042991585,-73.93678223879843,7.9,completed
NYC-01397,2026-09-19 19:23:04.329122,New York,Central Park,40.727358569984645,-73.99034226276034,8.6,completed
NYC-03860,2026-09-19 19:26:09.329122,New York,Broadway,40.7896138105181,-73.97448319314802,28.9,completed
NYC-04973,2026-09-19 19:35:47.329122,New York,Queensbridge,40.777800680309625,-74.01456071095535,39.34,completed
NYC-03640,2026-09-19 19:41:19.329122,New York,Staten Island Ferry,40.72619613190323,-73.94555576664152,16.3,completed
NYC-04916,2026-09-19 19:48:41.329122,New York,JFK Airport,40.73606220187351,-74.00897327717166,70.9,completed
NYC-00361,2026-09-19 20:08:48.329122,New York,Staten Island Ferry,40.77076170402866,-73.99954650517962,9.3,completed
NYC-04934,2026-09-19 20:09:34.329122,New York,Central Park,40.75379532404942,-73.99268408876097,5.8,completed
NYC-00527,2026-09-19 20:34:08.329122,New York,Brooklyn Heights,40.73007477791238,-74.01266975083979,8.6,completed
NYC-03877,2026-09-19 21:13:38.329122,New York,Williamsburg,40.796726323724634,-73.9900293130253,16.3,completed
NYC-04200,2026-09-19 21:15:26.329122,New York,LaGuardia Airport,40.79349552635536,-73.93489332900259,14.2,completed
NYC-01347,2026-09-19 21:19:37.329122,New York,Astoria,40.74081426392831,-73.9317995083123,10.0,completed
NYC-00490,2026-09-19 21:48:20.329122,New York,LaGuardia Airport,40.750122242806434,-74.00592740725196,12.1,completed
NYC-01738,2026-09-19 22:01:09.329122,New York,Astoria,40.740453528596504,-73.99856876410713,40.13,completed
NYC-04824,2026-09-19 22:06:33.329122,New York,Empire State Building,40.759901085712016,-73.97554115378709,24.7,completed
NYC-03988,2026-09-19 22:17:13.329122,New York,Harlem,40.73711997068607,-73.94638137060305,9.3,completed
NYC-03515,2026-09-19 22:34:35.329122,New York,Brooklyn Heights,40.80317617545773,-73.99730178380565,9.3,completed
NYC-04469,2026-09-19 22:37:26.329122,New York,Central Park,40.796756164638296,-73.9875872097275,19.0,completed
NYC-01348,2026-09-19 22:50:19.329122,New York,Coney Island,40.80864145201097,-73.96633672822905,70.0,completed
NYC-03892,2026-09-19 22:55:07.329122,New York,Staten Island Ferry,40.77451818783511,-73.93175762819953,38.7,completed
NYC-01473,2026-09-19 22:58:45.329122,New York,Staten Island Ferry,40.74445543538162,-73.93279500425432,12.1,completed
NYC-03380,2026-09-19 23:02:39.329122,New York,Flushing,40.74051819351738,-73.97365652420254,4.4,completed
NYC-02316,2026-09-19 23:40:45.329122,New York,Empire State Building,40.73022046780715,-74.01646372493643,6.83,completed
NYC-02245,2026-09-19 23:40:49.329122,New York,Empire State Building,40.7573590257948,-74.01576449219107,13.5,completed
NYC-01617,2026-09-19 23:52:33.329122,New York,DUMBO,40.772802310883435,-73.98658561715452,12.1,completed
NYC-03490,2026-09-19 23:58:27.329122,New York,Broadway,40.7093021915907,-73.9470727030789,9.3,completed
NYC-02967,2026-09-20 00:11:08.329122,New York,Astoria,40.76182800738429,-74.01704801131507,10.0,completed
NYC-03017,2026-09-20 00:19:47.329122,New York,Queensbridge,40.744498012413125,-73.96440457683444,30.3,completed
NYC-00095,2026-09-20 00:28:47.329122,New York,Times Square,40.754317515600086,-73.98058901015713,8.6,completed
NYC-01233,2026-09-20 00:38:49.329122,New York,Coney Island,40.703424749117296,-74.00429513622419,10.7,completed
NYC-00229,2026-09-20 00:42:21.329122,New York,Upper West Side,40.769425248859704,-73.96619727879387,28.9,completed
NYC-00472,2026-09-20 00:44:15.329122,New York,Empire State Building,40.70474759031457,-74.01451850110882,9.3,completed
NYC-04275,2026-09-20 01:23:08.329122,New York,Central Park,40.763991031216335,-73.98974511952784,17.0,completed
NYC-03986,2026-09-20 01:30:14.329122,New York,Brooklyn Heights,40.71048970134003,-73.98615623880018,21.9,completed
NYC-02631,2026-09-20 01:35:02.329122,New York,Harlem,40.77742428007978,-73.96571000779079,42.5,completed
NYC-03067,2026-09-20 01:36:07.329122,New York,Broadway,40.80615169063999,-73.98999689456952,5.1,completed
NYC-00240,2026-09-20 02:00:44.329122,New York,LaGuardia Airport,40.80345044427882,-73.93188713432876,19.1,completed
NYC-03391,2026-09-20 02:02:54.329122,New York,Brooklyn Heights,40.79877111056535,-74.01193314040258,5.8,completed
NYC-04374,2026-09-20 02:05:11.329122,New York,Queensbridge,40.75628781918262,-74.01320009556134,10.7,completed
NYC-00548,2026-09-20 02:30:20.329122,New York,Times Square,40.75723384709942,-73.99682687051568,5.1,completed
NYC-03939,2026-09-20 02:48:13.329122,New York,Upper East Side,40.74599592669791,-73.99179675342127,10.7,completed
NYC-03290,2026-09-20 02:52:08.329122,New York,LaGuardia Airport,40.70736709732278,-73.93275045618918,5.8,completed
NYC-02256,2026-09-20 03:00:10.329122,New York,Flushing,40.756919098693054,-74.0154543276251,29.6,completed
NYC-02495,2026-09-20 03:05:31.329122,New York,JFK Airport,40.754155802800135,-74.01294956040141,14.9,completed
NYC-02353,2026-09-20 03:15:58.329122,New York,Upper West Side,40.7961068452813,-73.97099848010657,10.7,completed
NYC-00273,2026-09-20 03:16:18.329122,New York,Harlem,40.80045646078121,-73.9497956721664,13.5,completed
NYC-02915,2026-09-20 03:20:35.329122,New York,Queensbridge,40.77293519109838,-73.99796801142985,12.8,completed
NYC-01774,2026-09-20 03:27:53.329122,New York,Central Park,40.786559372488085,-73.98131518682384,14.2,completed
NYC-00024,2026-09-20 03:30:02.329122,New York,Harlem,40.75016769826388,-73.93628513174238,20.5,completed
NYC-04067,2026-09-20 03:51:21.329122,New York,Broadway,40.80770667106107,-73.9745474758466,9.3,completed
NYC-01446,2026-09-20 03:54:55.329122,New York,LaGuardia Airport,40.77618885474488,-73.932806677848,14.2,completed
NYC-00216,2026-09-20 04:01:41.329122,New York,Empire State Building,40.73579396679752,-73.97998838490375,8.6,completed
NYC-04461,2026-09-20 04:28:14.329122,New York,Wall Street,40.757157284338334,-74.01822851061567,8.6,completed
NYC-02911,2026-09-20 04:31:22.329122,New York,Harlem,40.700162120429496,-73.98283799293696,27.5,completed
NYC-00902,2026-09-20 04:38:02.329122,New York,Downtown Manhattan,40.71995789785988,-74.008355744473,12.1,completed
NYC-04014,2026-09-20 04:44:20.329122,New York,Astoria,40.77056549293819,-73.99718885832942,24.7,completed
NYC-04009,2026-09-20 04:51:40.329122,New York,Wall Street,40.70623484753825,-73.9678417267765,19.1,completed
NYC-00074,2026-09-20 04:56:01.329122,New York,Harlem,40.77775430782324,-73.9324784748975,14.9,completed
NYC-03810,2026-09-20 04:59:25.329122,New York,Central Park,40.77612123815413,-74.00172364663719,42.9,completed
NYC-01999,2026-09-20 05:10:04.329122,New York,Staten Island Ferry,40.73104057821625,-73.96406434199757,6.5,completed
NYC-01870,2026-09-20 05:13:56.329122,New York,Williamsburg,40.78995638628427,-73.97472346597556,16.3,completed
NYC-00208,2026-09-20 05:15:00.329122,New York,Upper West Side,40.70055677422309,-73.94174196953665,4.4,completed
NYC-03724,2026-09-20 05:16:12.329122,New York,Upper West Side,40.740975982470886,-73.94208454866039,9.3,completed
NYC-03610,2026-09-20 05:21:39.329122,New York,Queensbridge,40.76283865169308,-73.98236815601858,8.6,completed
NYC-04279,2026-09-20 05:24:07.329122,New York,Upper West Side,40.743091669561856,-74.01281897887294,31.0,completed
NYC-04514,2026-09-20 05:34:49.329122,New York,JFK Airport,40.76055848486559,-73.96386050284143,5.1,completed
NYC-01852,2026-09-20 05:34:49.329122,New York,Williamsburg,40.79475069959998,-73.93824309034584,7.9,completed
NYC-04823,2026-09-20 05:39:45.329122,New York,Empire State Building,40.743265273742374,-74.00214309089257,45.7,completed
NYC-01831,2026-09-20 05:41:35.329122,New York,Staten Island Ferry,40.76620697486,-74.01198912385935,40.8,completed
NYC-04354,2026-09-20 05:48:22.329122,New York,Queensbridge,40.759522520736674,-74.0129582111278,9.3,completed
NYC-03014,2026-09-20 05:59:14.329122,New York,Upper East Side,40.76834216939546,-73.95906336586074,6.5,completed
NYC-02602,2026-09-20 06:07:05.329122,New York,Downtown Manhattan,40.782350975753886,-73.96777943210208,18.4,completed
NYC-00736,2026-09-20 06:09:10.329122,New York,Queensbridge,40.743168961816494,-73.9634139386446,11.4,completed
NYC-03136,2026-09-20 06:26:25.329122,New York,DUMBO,40.78171696430348,-73.98433773878652,33.8,completed
NYC-02693,2026-09-20 06:36:16.329122,New York,Downtown Manhattan,40.75105046753989,-73.96663137270201,10.7,completed
NYC-02690,2026-09-20 06:47:49.329122,New York,Downtown Manhattan,40.75840314462533,-74.01348784680327,49.9,completed
NYC-00263,2026-09-20 07:01:05.329122,New York,Queensbridge,40.757016261760015,-74.01508507271079,12.1,completed
NYC-00319,2026-09-20 07:05:53.329122,New York,Astoria,40.72752671879811,-73.9678153381557,12.8,completed
NYC-03483,2026-09-20 07:20:29.329122,New York,Midtown,40.80134382634343,-73.93610794761416,10.0,completed
NYC-04897,2026-09-20 07:21:18.329122,New York,Downtown Manhattan,40.73277749590454,-73.95881636873021,7.9,completed
NYC-02626,2026-09-20 07:21:28.329122,New York,Midtown,40.70982184769782,-73.93992813286856,5.8,completed
NYC-04882,2026-09-20 07:31:26.329122,New York,Wall Street,40.78810325936956,-73.9871093663812,17.7,completed
NYC-00685,2026-09-20 07:33:57.329122,New York,Flushing,40.761243918231536,-73.95169208513315,23.3,completed
NYC-00494,2026-09-20 07:38:45.329122,New York,Staten Island Ferry,40.7510068245434,-73.97730085772676,70.0,completed
NYC-03049,2026-09-20 07:48:34.329122,New York,Wall Street,40.729070388947456,-74.0075212723798,10.7,completed
NYC-00982,2026-09-20 08:11:08.329122,New York,Upper East Side,40.711725807844715,-73.93356699028402,7.9,completed
NYC-04256,2026-09-20 08:13:16.329122,New York,Queensbridge,40.80975243279112,-73.99820236971881,12.1,completed
NYC-02091,2026-09-20 08:23:48.329122,New York,Broadway,40.806092431929095,-73.93690986277133,48.5,completed
NYC-01359,2026-09-20 08:25:07.329122,New York,Queensbridge,40.76515853614527,-73.9593751151203,30.3,completed
NYC-01298,2026-09-20 08:29:58.329122,New York,Staten Island Ferry,40.770007327449804,-73.95478978817572,5.8,completed
NYC-04527,2026-09-20 08:30:53.329122,New York,Williamsburg,40.80043456135789,-74.0114983816779,6.5,completed
NYC-01706,2026-09-20 08:30:56.329122,New York,JFK Airport,40.770490894615925,-73.9363070413169,6.5,completed
NYC-00791,2026-09-20 08:35:52.329122,New York,LaGuardia Airport,40.76448528152185,-73.96034261911288,13.5,completed
NYC-01755,2026-09-20 08:49:31.329122,New York,JFK Airport,40.78816908230713,-73.97953749823718,13.5,completed
NYC-00254,2026-09-20 08:51:45.329122,New York,Williamsburg,40.71864420213547,-73.94233363390184,14.9,completed
NYC-01527,2026-09-20 08:56:43.329122,New York,Williamsburg,40.73380189614189,-73.94482803458571,56.9,completed
NYC-01776,2026-09-20 09:14:33.329122,New York,Broadway,40.775694817669525,-73.95368848881608,10.0,completed
NYC-03495,2026-09-20 09:46:22.329122,New York,Coney Island,40.72323550146203,-73.93198059186356,28.9,completed
NYC-04125,2026-09-20 09:49:16.329122,New York,Downtown Manhattan,40.774399717466004,-73.93344137694892,10.0,completed
NYC-00107,2026-09-20 09:51:07.329122,New York,Harlem,40.783110625239736,-74.01104547980142,12.1,completed
NYC-01812,2026-09-20 09:56:08.329122,New York,Empire State Building,40.72915510711575,-74.01884605154405,12.1,completed
NYC-03161,2026-09-20 10:05:15.329122,New York,Williamsburg,40.702410466165254,-74.00860097144376,20.5,completed
NYC-04358,2026-09-20 10:20:38.329122,New York,Williamsburg,40.76287684144312,-73.94310886154956,21.9,completed
NYC-03599,2026-09-20 10:24:05.329122,New York,Central Park,40.77278339855921,-73.96101551204829,8.6,completed
NYC-02576,2026-09-20 10:27:01.329122,New York,Downtown Manhattan,40.80768792266923,-73.96772828531319,14.9,completed
NYC-02172,2026-09-20 10:46:15.329122,New York,Astoria,40.71923695808936,-73.98594871764857,9.3,completed
NYC-02431,2026-09-20 10:51:10.329122,New York,LaGuardia Airport,40.79093780957157,-73.97859076360982,7.2,completed
NYC-04628,2026-09-20 11:23:10.329122,New York,Broadway,40.77102975476862,-74.01571751267085,6.5,completed
NYC-04636,2026-09-20 11:28:42.329122,New York,Central Park,40.73617048796335,-73.93572826979576,18.4,completed
NYC-01838,2026-09-20 11:32:40.329122,New York,Upper East Side,40.802089200435866,-74.00565446037056,9.3,completed
NYC-02358,2026-09-20 11:48:14.329122,New York,DUMBO,40.75873642198026,-74.00226045650587,12.8,completed
NYC-02847,2026-09-20 11:48:52.329122,New York,JFK Airport,40.72761015215885,-73.97553894964607,12.1,completed
NYC-03905,2026-09-20 11:49:23.329122,New York,Harlem,40.75324226297604,-73.96358945646534,7.9,completed
NYC-04313,2026-09-20 12:00:53.329122,New York,Upper East Side,40.796264698048326,-73.98689375369715,6.5,completed
NYC-04278,2026-09-20 12:13:14.329122,New York,Central Park,40.71395064248055,-74.01786552757248,21.9,completed
NYC-01742,2026-09-20 12:13:22.329122,New York,Broadway,40.78462353830055,-73.96868315057802,14.9,completed
NYC-04656,2026-09-20 12:27:11.329122,New York,Broadway,40.79200864117169,-73.93495473212607,15.62,completed
NYC-02809,2026-09-20 12:29:09.329122,New York,Staten Island Ferry,40.77901642929092,-74.01811814388982,11.4,completed
NYC-02427,2026-09-20 12:35:29.329122,New York,Harlem,40.80515107118509,-73.99213313709974,70.0,completed
NYC-03800,2026-09-20 12:53:20.329122,New York,Queensbridge,40.73259933748646,-73.95127462309345,21.9,completed
NYC-03142,2026-09-20 12:54:03.329122,New York,Flushing,40.76428938007332,-73.96196295609133,20.5,completed
NYC-03003,2026-09-20 13:37:29.329122,New York,Staten Island Ferry,40.76873615095677,-73.93696848355849,14.2,completed
NYC-04161,2026-09-20 13:47:10.329122,New York,Harlem,40.70935620240382,-73.96258625593784,54.8,completed
NYC-01028,2026-09-20 14:01:42.329122,New York,Queensbridge,40.73510105205676,-73.95520028776353,9.3,completed
NYC-02594,2026-09-20 14:04:54.329122,New York,Times Square,40.71571635574734,-74.00941984757911,9.3,completed
NYC-03385,2026-09-20 14:10:35.329122,New York,Coney Island,40.79671043498614,-73.97576371967514,77.9,completed
NYC-04288,2026-09-20 14:20:42.329122,New York,Astoria,40.73800289390958,-73.98363011370313,10.7,completed
NYC-04662,2026-09-20 14:30:19.329122,New York,Astoria,40.750698817202725,-73.99637047929819,16.3,completed
NYC-04390,2026-09-20 14:41:50.329122,New York,Times Square,40.72038045353669,-73.93457987888006,12.8,completed
NYC-00799,2026-09-20 14:48:24.329122,New York,Williamsburg,40.801474931929505,-74.00526439379087,7.9,completed
NYC-00247,2026-09-20 14:50:57.329122,New York,Williamsburg,40.80633203009481,-73.94220703601897,42.2,completed
NYC-02257,2026-09-20 14:53:42.329122,New York,Astoria,40.74734701513531,-74.01605070204681,10.0,completed
NYC-00715,2026-09-20 14:55:40.329122,New York,Central Park,40.802248205867265,-73.99285718171139,12.8,completed
NYC-00748,2026-09-20 14:57:04.329122,New York,Central Park,40.7997119322061,-73.93129593394426,16.3,completed
NYC-01629,2026-09-20 15:30:33.329122,New York,Upper East Side,40.749540802988406,-73.95704249166377,12.1,completed
NYC-03230,2026-09-20 15:39:17.329122,New York,Midtown,40.75711470278583,-74.0017305796728,33.1,completed
NYC-03375,2026-09-20 15:40:20.329122,New York,Coney Island,40.78558277674591,-73.9850680227098,16.3,completed
NYC-04694,2026-09-20 15:40:44.329122,New York,JFK Airport,40.748473137176674,-73.98157852114274,10.7,completed
NYC-01492,2026-09-20 15:52:18.329122,New York,Wall Street,40.72499965899895,-73.98302652439894,8.6,completed
NYC-02874,2026-09-20 15:55:07.329122,New York,DUMBO,40.78584020533076,-73.97180302755227,38.0,completed
NYC-02161,2026-09-20 15:57:25.329122,New York,Astoria,40.76830214242263,-73.98301603855336,70.0,completed
NYC-01288,2026-09-20 16:00:27.329122,New York,Wall Street,40.70365234196705,-73.93300683067991,9.3,completed
NYC-02962,2026-09-20 16:01:29.329122,New York,Times Square,40.736917149969685,-74.00839189828655,21.9,completed
NYC-02283,2026-09-20 16:02:33.329122,New York,Queensbridge,40.70502136200526,-73.96397055434082,20.5,completed
NYC-00040,2026-09-20 16:07:49.329122,New York,Midtown,40.71342420583293,-73.95140091475173,6.5,completed
NYC-00170,2026-09-20 16:16:05.329122,New York,Astoria,40.774532079802654,-73.98170449066554,7.2,completed
NYC-04424,2026-09-20 16:17:20.329122,New York,Brooklyn Heights,40.73469001175928,-73.93458283571356,12.1,completed
NYC-02158,2026-09-20 16:22:04.329122,New York,Astoria,40.7495386076796,-73.99170093047697,70.0,completed
NYC-01798,2026-09-20 16:26:20.329122,New York,Empire State Building,40.70783824005418,-74.01117599157001,13.5,completed
NYC-01087,2026-09-20 16:26:20.329122,New York,Empire State Building,40.718373734070134,-74.00146106342304,8.6,completed
NYC-01416,2026-09-20 16:56:02.329122,New York,Staten Island Ferry,40.70432778947354,-73.98530027486575,7.2,completed
NYC-03560,2026-09-20 16:58:26.329122,New York,Coney Island,40.73371098148471,-74.00465226495456,7.2,completed
NYC-01597,2026-09-20 17:04:28.329122,New York,Queensbridge,40.70873613058879,-73.99732016005203,17.0,completed
NYC-00194,2026-09-20 17:06:20.329122,New York,DUMBO,40.73729327701536,-74.00156778318494,19.8,completed
NYC-03179,2026-09-20 17:13:55.329122,New York,Upper West Side,40.77536477408619,-74.01147083760688,10.0,completed
NYC-01689,2026-09-20 17:18:46.329122,New York,Coney Island,40.78412907809933,-74.01345373644006,7.9,completed
NYC-04084,2026-09-20 18:03:06.329122,New York,Broadway,40.724058527779725,-73.9903581828175,13.5,completed
NYC-00507,2026-09-20 18:18:00.329122,New York,Staten Island Ferry,40.79047909672155,-73.99094711858969,13.5,completed
NYC-00834,2026-09-20 18:18:52.329122,New York,Midtown,40.754820455001344,-73.94832483496423,16.3,completed
NYC-01141,2026-09-20 18:30:28.329122,New York,Staten Island Ferry,40.73825901286924,-73.98745005251244,70.0,completed
NYC-04829,2026-09-20 18:38:07.329122,New York,Harlem,40.75536796436668,-73.96048612243615,32.4,completed
NYC-01975,2026-09-20 18:41:05.329122,New York,Central Park,40.80347471696269,-73.98075577232933,28.2,completed
NYC-01152,2026-09-20 18:45:28.329122,New York,Coney Island,40.776721860783624,-74.01547093603588,7.9,completed
NYC-01804,2026-09-20 19:12:43.329122,New York,Queensbridge,40.73846735527204,-73.98100741609218,11.4,completed
NYC-02476,2026-09-20 19:19:44.329122,New York,Wall Street,40.71437175782059,-73.95993260225195,17.0,completed
NYC-04887,2026-09-20 19:35:59.329122,New York,Williamsburg,40.77522571374,-73.94765037621383,9.3,completed
NYC-00451,2026-09-20 19:39:46.329122,New York,Empire State Building,40.76142446747094,-73.99851234060226,70.0,completed
NYC-03893,2026-09-20 19:44:08.329122,New York,Empire State Building,40.74713036942337,-73.97555376867327,20.5,completed
NYC-03283,2026-09-20 19:58:01.329122,New York,Central Park,40.79708158644496,-73.99035597396691,17.0,completed
NYC-00434,2026-09-20 19:58:05.329122,New York,Williamsburg,40.70925174867265,-73.96634716154051,21.2,completed
NYC-00119,2026-09-20 20:04:31.329122,New York,LaGuardia Airport,40.75932764661072,-73.99462734799624,11.4,completed
NYC-04206,2026-09-20 20:07:20.329122,New York,LaGuardia Airport,40.76441201016726,-73.97489922692571,24.7,completed
NYC-04010,2026-09-20 20:13:07.329122,New York,Wall Street,40.70381399746487,-73.99420054768417,26.8,completed
NYC-00431,2026-09-20 20:34:02.329122,New York,Empire State Building,40.78376616948893,-74.01202794943269,9.3,completed
NYC-02571,2026-09-20 20:44:54.329122,New York,LaGuardia Airport,40.799672210234576,-73.9711930021941,38.7,completed
NYC-04468,2026-09-20 20:51:08.329122,New York,LaGuardia Airport,40.80442004168702,-73.97390470396596,66.7,completed
NYC-02202,2026-09-20 20:54:47.329122,New York,Queensbridge,40.74648032711432,-73.97334403360303,10.0,completed
NYC-00158,2026-09-20 20:56:28.329122,New York,Empire State Building,40.726140129839166,-73.97732578487089,12.8,completed
NYC-00465,2026-09-20 21:04:44.329122,New York,Upper West Side,40.74123576374761,-73.97446667798683,70.0,completed
NYC-02949,2026-09-20 21:07:45.329122,New York,Wall Street,40.80262173488266,-73.99490152663651,13.5,completed
NYC-03767,2026-09-20 21:27:04.329122,New York,Astoria,40.74772283151408,-74.00855369297048,19.1,completed
NYC-02505,2026-09-20 21:37:02.329122,New York,Brooklyn Heights,40.71201906313406,-73.93482592119776,9.3,completed
NYC-00051,2026-09-20 21:44:16.329122,New York,LaGuardia Airport,40.785264610569726,-73.94753430423756,7.2,completed
NYC-02694,2026-09-20 21:49:14.329122,New York,Astoria,40.805984916497636,-73.93576052388984,18.4,completed
NYC-02080,2026-09-20 21:53:59.329122,New York,Empire State Building,40.70298841633481,-73.98979516801832,10.7,completed
NYC-00627,2026-09-20 22:14:09.329122,New York,Williamsburg,40.782221803194716,-73.98918443890338,12.1,completed
NYC-02292,2026-09-20 22:18:28.329122,New York,Queensbridge,40.72276918362823,-74.01044829826219,11.4,completed
NYC-03706,2026-09-20 22:21:50.329122,New York,Coney Island,40.78129736735333,-73.95303554938943,35.9,completed
NYC-04466,2026-09-20 22:31:16.329122,New York,Flushing,40.71463107787981,-73.93667903054549,28.2,completed
NYC-00802,2026-09-20 22:34:58.329122,New York,Downtown Manhattan,40.763391719618355,-73.99554541609916,38.0,completed
NYC-03090,2026-09-20 22:40:09.329122,New York,Brooklyn Heights,40.74952796707572,-73.94235923533489,28.41,completed
NYC-01553,2026-09-20 22:40:29.329122,New York,Central Park,40.797262710968326,-74.01923539792534,16.3,completed
NYC-03116,2026-09-20 22:44:57.329122,New York,Wall Street,40.781259546579925,-73.95420073152968,13.5,completed
NYC-01193,2026-09-20 22:49:31.329122,New York,Wall Street,40.76830070695443,-73.93562669448409,7.9,completed
NYC-04995,2026-09-20 22:57:30.329122,New York,DUMBO,40.79871370501537,-73.94281096105824,10.0,completed
NYC-04939,2026-09-20 22:58:01.329122,New York,Midtown,40.7892987390186,-73.95257045514182,7.9,completed
NYC-03075,2026-09-20 23:01:41.329122,New York,Downtown Manhattan,40.79527051969729,-73.99750369168845,11.4,completed
NYC-01690,2026-09-20 23:09:44.329122,New York,JFK Airport,40.71923224899865,-73.94888817636466,6.5,completed
NYC-04377,2026-09-20 23:11:27.329122,New York,Broadway,40.79230612688779,-73.98314968561354,14.9,completed
NYC-04938,2026-09-20 23:13:10.329122,New York,Broadway,40.78383920458998,-73.94129452344657,17.0,completed
NYC-00638,2026-09-20 23:17:23.329122,New York,Downtown Manhattan,40.729616755404436,-74.01842516074113,131.1,completed
NYC-02063,2026-09-20 23:38:13.329122,New York,Midtown,40.750516386535665,-73.94993357079446,13.83,completed
NYC-01362,2026-09-20 23:42:35.329122,New York,Harlem,40.76852632419199,-73.99837794833822,6.5,completed
NYC-04151,2026-09-20 23:56:33.329122,New York,Queensbridge,40.700003379072996,-73.97525615657054,10.0,completed
NYC-03264,2026-09-20 23:59:16.329122,New York,Coney Island,40.78720339249301,-73.94648098126956,11.4,completed
NYC-01737,2026-09-21 00:04:07.329122,New York,Astoria,40.72140847630029,-74.01965527385497,15.6,completed
NYC-01174,2026-09-21 00:06:20.329122,New York,Times Square,40.76974062734096,-73.97392552323863,9.3,completed
NYC-02806,2026-09-21 00:10:08.329122,New York,Williamsburg,40.78330412278479,-73.9552486029097,17.7,completed
NYC-04393,2026-09-21 00:18:20.329122,New York,Broadway,40.70501436737435,-73.95457181157889,6.5,completed
NYC-03058,2026-09-21 00:38:50.329122,New York,DUMBO,40.70831419752395,-73.97674167745188,5.8,completed
NYC-01528,2026-09-21 00:54:25.329122,New York,Downtown Manhattan,40.7883328487616,-73.98711698426044,12.1,completed
NYC-02407,2026-09-21 01:07:56.329122,New York,Downtown Manhattan,40.72396818096805,-73.93263987749856,6.5,completed
NYC-01344,2026-09-21 01:08:10.329122,New York,Flushing,40.781697717332,-73.98240622897244,9.3,completed
NYC-02338,2026-09-21 01:08:24.329122,New York,Upper West Side,40.713312750053376,-73.96111877980492,11.4,completed
NYC-01334,2026-09-21 01:21:36.329122,New York,Brooklyn Heights,40.807227247836146,-73.99811879226196,6.5,completed
NYC-01057,2026-09-21 01:24:38.329122,New York,Broadway,40.74421240049702,-73.97587187595312,9.3,completed
NYC-03348,2026-09-21 01:25:53.329122,New York,Coney Island,40.73452094890469,-73.97789264836292,12.1,completed
NYC-02782,2026-09-21 01:29:52.329122,New York,Empire State Building,40.80793117820806,-73.94087160961732,3.7,completed
NYC-03671,2026-09-21 01:54:56.329122,New York,Williamsburg,40.70545758106727,-74.00776605273694,10.0,completed
NYC-02314,2026-09-21 01:56:39.329122,New York,Harlem,40.8092098522899,-74.01402351818855,27.5,completed
NYC-00246,2026-09-21 02:00:48.329122,New York,Coney Island,40.74710025631491,-73.94819757867931,10.7,completed
NYC-03138,2026-09-21 03:01:14.329122,New York,Williamsburg,40.75735939265836,-73.97149172129949,16.3,completed
NYC-03131,2026-09-21 03:05:11.329122,New York,Harlem,40.7905282185546,-73.96522855661435,11.4,completed
NYC-02838,2026-09-21 03:31:50.329122,New York,Wall Street,40.783710871584496,-73.98552375672462,7.2,completed
NYC-00258,2026-09-21 03:32:55.329122,New York,Staten Island Ferry,40.76270672870983,-73.98245521489218,25.4,completed
NYC-04082,2026-09-21 03:44:55.329122,New York,Broadway,40.76878631869499,-73.99022863077151,14.9,completed
NYC-00007,2026-09-21 04:24:27.329122,New York,Queensbridge,40.795279376035246,-73.94372071302507,16.3,completed
NYC-00804,2026-09-21 04:26:35.329122,New York,Broadway,40.74665437384326,-73.98595159535513,4.4,completed
NYC-01149,2026-09-21 04:30:19.329122,New York,Downtown Manhattan,40.795402362105584,-73.93484317954079,14.9,completed
NYC-03575,2026-09-21 04:39:54.329122,New York,Coney Island,40.74086139888868,-74.01371242713837,9.3,completed
NYC-01849,2026-09-21 04:59:10.329122,New York,LaGuardia Airport,40.77103918939208,-74.01354381906273,21.9,completed
NYC-04635,2026-09-21 05:02:10.329122,New York,Midtown,40.80476254276386,-74.00209748676365,70.0,completed
NYC-04177,2026-09-21 05:03:17.329122,New York,Times Square,40.78937212031486,-73.94818511296721,10.0,completed
NYC-01442,2026-09-21 05:33:26.329122,New York,Queensbridge,40.77398623300476,-73.95494447164899,9.3,completed
NYC-02180,2026-09-21 05:38:41.329122,New York,Staten Island Ferry,40.73358417443664,-73.99897377127162,31.0,completed
NYC-01665,2026-09-21 05:43:41.329122,New York,Central Park,40.79365674535196,-73.95188896993879,12.1,completed
NYC-04397,2026-09-21 06:00:26.329122,New York,Empire State Building,40.70849062832492,-73.97854905931939,14.2,completed
NYC-02173,2026-09-21 06:19:23.329122,New York,Central Park,40.79413109847964,-73.95252468278949,10.7,completed
NYC-01647,2026-09-21 06:21:34.329122,New York,Downtown Manhattan,40.79086743932778,-73.93933689551757,19.1,completed
NYC-02178,2026-09-21 06:36:20.329122,New York,DUMBO,40.77635656308608,-74.00105243604034,59.0,completed
NYC-04091,2026-09-21 06:57:00.329122,New York,Wall Street,40.73754505105451,-74.01360778891156,7.9,completed
NYC-03246,2026-09-21 07:00:32.329122,New York,Queensbridge,40.75501240272843,-74.00054777689202,34.5,completed
NYC-01447,2026-09-21 07:14:20.329122,New York,Queensbridge,40.792192681861295,-73.97642081745872,14.2,completed
NYC-04441,2026-09-21 07:24:02.329122,New York,Upper West Side,40.7913685036475,-74.01059658442229,19.8,completed
NYC-00089,2026-09-21 07:30:44.329122,New York,Empire State Building,40.75194364176782,-74.00927106014434,7.9,completed
NYC-00723,2026-09-21 07:58:48.329122,New York,Central Park,40.78152327142191,-74.00727548012053,5.1,completed
NYC-01920,2026-09-21 08:05:05.329122,New York,DUMBO,40.77651799611465,-73.9359030284886,13.5,completed
NYC-01122,2026-09-21 08:14:50.329122,New York,Harlem,40.7948340378992,-74.0196473462544,28.2,completed
NYC-02053,2026-09-21 08:20:06.329122,New York,JFK Airport,40.804026796170035,-73.97645827930755,5.1,completed
NYC-00651,2026-09-21 08:21:14.329122,New York,DUMBO,40.75908171960004,-73.95922922461942,20.5,completed
NYC-02685,2026-09-21 08:22:43.329122,New York,Williamsburg,40.70212603940094,-73.95087195594232,5.8,completed
NYC-00714,2026-09-21 08:33:54.329122,New York,Empire State Building,40.73837550931973,-73.9590861960733,19.8,completed
NYC-01613,2026-09-21 08:58:03.329122,New York,Downtown Manhattan,40.7356767128427,-74.01672933265154,4.4,completed
NYC-01725,2026-09-21 08:59:13.329122,New York,JFK Airport,40.70685209779431,-74.01193129918879,16.3,completed
NYC-03589,2026-09-21 09:02:00.329122,New York,Flushing,40.72160611374593,-73.95963275195754,41.5,completed
NYC-01666,2026-09-21 09:07:44.329122,New York,Harlem,40.72293615657931,-73.9901199368094,70.0,completed
NYC-00974,2026-09-21 09:23:24.329122,New York,LaGuardia Airport,40.703430144856746,-73.99397646989912,12.8,completed
NYC-04449,2026-09-21 09:32:22.329122,New York,Upper East Side,40.78039573803538,-73.99131724684432,12.8,completed
NYC-02441,2026-09-21 09:36:56.329122,New York,Upper East Side,40.759587529365106,-74.01323713421401,10.7,completed
NYC-01186,2026-09-21 09:40:47.329122,New York,Times Square,40.775667429453094,-73.94907683653825,7.2,completed
NYC-00724,2026-09-21 09:46:50.329122,New York,Staten Island Ferry,40.763192042449795,-74.00827116101449,24.7,completed
NYC-03474,2026-09-21 09:57:52.329122,New York,Empire State Building,40.792197047248756,-73.94140710789776,13.5,completed
NYC-01263,2026-09-21 10:05:34.329122,New York,LaGuardia Airport,40.750074216399,-73.93227159267975,13.5,completed
NYC-02230,2026-09-21 10:14:32.329122,New York,Flushing,40.78175125186048,-74.01916207383138,23.64,completed
NYC-03811,2026-09-21 10:18:02.329122,New York,Broadway,40.75037218938775,-73.98382432678463,7.2,completed
NYC-02360,2026-09-21 10:21:39.329122,New York,Flushing,40.7012877271804,-73.95659557272295,14.9,completed
NYC-04219,2026-09-21 10:24:11.329122,New York,Empire State Building,40.72775431197767,-74.00852502459952,7.9,completed
NYC-00462,2026-09-21 10:46:16.329122,New York,Wall Street,40.7820649367192,-74.01387664173174,7.2,completed
NYC-01578,2026-09-21 10:52:40.329122,New York,Wall Street,40.76678034396977,-73.98665577066464,19.8,completed
NYC-02163,2026-09-21 11:06:58.329122,New York,Harlem,40.79255923083932,-73.95706183709602,24.7,completed
NYC-03000,2026-09-21 11:08:27.329122,New York,Staten Island Ferry,40.773997329362984,-73.95517588684474,15.6,completed
NYC-02341,2026-09-21 11:18:39.329122,New York,Upper West Side,40.70781084309866,-73.98433504637575,82.69,completed
NYC-03920,2026-09-21 11:23:16.329122,New York,Coney Island,40.80414318691615,-73.97256361553379,30.3,completed
NYC-02240,2026-09-21 11:39:46.329122,New York,Upper East Side,40.78740361065702,-73.94625149316967,5.1,completed
NYC-01733,2026-09-21 11:43:50.329122,New York,Empire State Building,40.746869172227946,-73.98898630638458,9.3,completed
NYC-02282,2026-09-21 11:47:01.329122,New York,JFK Airport,40.75197426905072,-74.0073550891184,12.8,completed
NYC-04244,2026-09-21 11:49:30.329122,New York,Wall Street,40.745350770061485,-73.97567303313815,6.5,completed
NYC-02684,2026-09-21 11:51:15.329122,New York,Harlem,40.7371080101446,-74.01157082926532,25.06,completed
NYC-04792,2026-09-21 11:55:13.329122,New York,Flushing,40.706624963939035,-74.01865349215693,10.7,completed
NYC-00307,2026-09-21 12:04:23.329122,New York,Upper West Side,40.73552521202354,-73.98497122432389,5.8,completed
NYC-04561,2026-09-21 12:05:35.329122,New York,Queensbridge,40.731594333012566,-74.01349554618898,70.0,completed
NYC-04329,2026-09-21 12:06:53.329122,New York,Central Park,40.78958254571957,-73.94712931677208,5.8,completed
NYC-00001,2026-09-21 12:17:00.329122,New York,Central Park,40.80457857370509,-73.97739079065624,13.5,completed
NYC-01009,2026-09-21 12:44:59.329122,New York,LaGuardia Airport,40.75383674600075,-73.99721209836885,6.5,completed
NYC-02672,2026-09-21 12:46:33.329122,New York,Broadway,40.77845275716109,-73.94054471583898,21.2,completed
NYC-03195,2026-09-21 12:54:31.329122,New York,Upper East Side,40.75561975687642,-73.99149840795847,24.0,completed
NYC-03317,2026-09-21 13:20:28.329122,New York,Upper West Side,40.70058448232352,-73.95279310229817,16.3,completed
NYC-00584,2026-09-21 13:47:55.329122,New York,Flushing,40.76967409397484,-73.97865907099654,12.1,completed
NYC-02984,2026-09-21 14:01:12.329122,New York,Harlem,40.76010733476856,-73.98051954728773,24.0,completed
NYC-02332,2026-09-21 14:09:43.329122,New York,Central Park,40.766417499824435,-73.93520330909594,12.8,completed
NYC-00668,2026-09-21 14:10:23.329122,New York,Downtown Manhattan,40.72052237264565,-74.01494074850861,8.6,completed
NYC-01933,2026-09-21 14:10:50.329122,New York,Flushing,40.76638364332561,-74.00841210063687,7.9,completed
NYC-00497,2026-09-21 14:35:48.329122,New York,Astoria,40.70855081006615,-73.93998994502668,28.9,completed
NYC-03849,2026-09-21 14:57:24.329122,New York,Coney Island,40.707529549782265,-74.01596070851745,26.8,completed
NYC-02215,2026-09-21 15:17:24.329122,New York,Central Park,40.73352262049248,-73.96495098919186,7.9,completed
NYC-00568,2026-09-21 15:20:34.329122,New York,Coney Island,40.799457456394315,-73.94472592803307,8.6,completed
NYC-03297,2026-09-21 15:27:58.329122,New York,Upper West Side,40.70815159648324,-73.96200191473332,97.5,completed
NYC-00419,2026-09-21 15:37:44.329122,New York,LaGuardia Airport,40.78276119823815,-73.99113397759196,6.5,completed
NYC-00517,2026-09-21 15:45:04.329122,New York,Coney Island,40.789160866386005,-73.95090118440571,14.2,completed
NYC-03231,2026-09-21 15:53:42.329122,New York,Times Square,40.76685279514052,-73.9793317859813,6.5,completed
NYC-00822,2026-09-21 16:15:12.329122,New York,Central Park,40.736684908886026,-73.9562274808809,48.5,completed
NYC-04775,2026-09-21 16:27:58.329122,New York,Empire State Building,40.79102760633492,-73.97816351766663,34.5,completed
NYC-04285,2026-09-21 16:30:40.329122,New York,Brooklyn Heights,40.76547527059914,-73.95409293064527,10.7,completed
NYC-04987,2026-09-21 16:34:19.329122,New York,Flushing,40.76602765511095,-73.99359492919753,48.5,completed
NYC-01902,2026-09-21 16:45:07.329122,New York,Brooklyn Heights,40.78370898360309,-74.01659939440638,22.6,completed
NYC-03236,2026-09-21 16:57:21.329122,New York,Upper West Side,40.72415093155528,-73.95675355306395,6.5,completed
NYC-02913,2026-09-21 17:06:52.329122,New York,Flushing,40.80635300497792,-74.01556303038318,26.8,completed
NYC-00712,2026-09-21 17:11:07.329122,New York,Times Square,40.75187338074052,-73.9792404975626,21.9,completed
NYC-01129,2026-09-21 17:15:18.329122,New York,Times Square,40.728572916213636,-73.99437927350382,23.3,completed
NYC-03900,2026-09-21 17:20:31.329122,New York,Queensbridge,40.74744318769751,-73.9871424694044,52.5,completed
NYC-04458,2026-09-21 17:30:24.329122,New York,Staten Island Ferry,40.745740042482026,-73.96031669535402,12.8,completed
NYC-02418,2026-09-21 17:42:25.329122,New York,Harlem,40.703405137001134,-74.01226806506175,10.0,completed
NYC-01837,2026-09-21 17:52:13.329122,New York,Brooklyn Heights,40.737209425659394,-73.9642790739958,35.9,completed
NYC-00734,2026-09-21 18:01:45.329122,New York,Queensbridge,40.739471353253585,-73.95905881628657,20.5,completed
NYC-00209,2026-09-21 18:01:52.329122,New York,Flushing,40.717688885655924,-74.00374082128198,12.1,completed
NYC-01001,2026-09-21 18:04:02.329122,New York,Central Park,40.75960910421162,-74.00448522741053,14.2,completed
NYC-00504,2026-09-21 18:39:09.329122,New York,Flushing,40.775320428980926,-73.99207882446298,11.4,completed
NYC-01515,2026-09-21 18:46:33.329122,New York,Times Square,40.7008319162476,-73.99903883452154,33.1,completed
NYC-01913,2026-09-21 18:53:57.329122,New York,Astoria,40.740514048355756,-74.00061766454309,18.4,completed
NYC-00125,2026-09-21 19:06:48.329122,New York,DUMBO,40.74698185674889,-73.96506732929637,70.0,completed
NYC-04337,2026-09-21 19:10:02.329122,New York,Brooklyn Heights,40.79926436037218,-73.93215874669612,5.8,completed
NYC-03821,2026-09-21 19:24:43.329122,New York,Empire State Building,40.7398815776215,-73.93064764196326,21.2,completed
NYC-01241,2026-09-21 19:26:28.329122,New York,Brooklyn Heights,40.785425653807096,-74.01146357260721,13.5,completed
NYC-01910,2026-09-21 19:32:12.329122,New York,Brooklyn Heights,40.733616463703925,-73.98255363966322,25.4,completed
NYC-01303,2026-09-21 20:19:32.329122,New York,Upper East Side,40.75954259688312,-73.94998815339264,25.4,completed
NYC-01052,2026-09-21 20:26:19.329122,New York,Downtown Manhattan,40.80329744683642,-73.97178799265896,25.4,completed
NYC-03265,2026-09-21 20:31:41.329122,New York,Upper East Side,40.70759504969461,-74.01874458831773,11.4,completed
NYC-01567,2026-09-21 20:38:35.329122,New York,Empire State Building,40.710508884521815,-73.96958956152916,14.9,completed
NYC-04693,2026-09-21 20:42:29.329122,New York,Brooklyn Heights,40.757259822103535,-73.94381043017621,6.5,completed
NYC-03543,2026-09-21 20:42:54.329122,New York,Queensbridge,40.73769096611748,-73.96067600098598,7.9,completed
NYC-04903,2026-09-21 20:47:47.329122,New York,Astoria,40.73384469984258,-73.96974539701868,7.9,completed
NYC-01325,2026-09-21 21:14:32.329122,New York,Astoria,40.737058537094825,-74.0025994689749,17.0,completed
NYC-04603,2026-09-21 21:15:38.329122,New York,DUMBO,40.74072554042531,-74.01604858477324,8.6,completed
NYC-03484,2026-09-21 21:34:27.329122,New York,Brooklyn Heights,40.76415098847048,-73.95514722225664,14.2,completed
NYC-00789,2026-09-21 21:40:02.329122,New York,Astoria,40.8042011673573,-74.00097118678009,12.1,completed
NYC-03966,2026-09-21 21:41:34.329122,New York,Downtown Manhattan,40.733707610497376,-73.96672770360229,8.6,completed
NYC-03505,2026-09-21 21:43:23.329122,New York,Upper East Side,40.76848935869585,-73.95400048821548,13.5,completed
NYC-04958,2026-09-21 21:48:37.329122,New York,Central Park,40.72050617853394,-73.95997851519843,14.9,completed
NYC-01572,2026-09-21 21:49:00.329122,New York,Times Square,40.78105611194386,-74.01293411183917,5.8,completed
NYC-03097,2026-09-21 21:54:40.329122,New York,LaGuardia Airport,40.711208241096024,-74.00280533181622,12.8,completed
NYC-03717,2026-09-21 22:08:01.329122,New York,DUMBO,40.70868333432412,-73.95776450087678,18.4,completed
NYC-04985,2026-09-21 22:09:52.329122,New York,Harlem,40.716845895009236,-73.96975914247483,8.6,completed
NYC-00466,2026-09-21 22:32:17.329122,New York,DUMBO,40.73142832949101,-73.95000448809391,8.6,completed
NYC-02499,2026-09-21 22:34:31.329122,New York,Empire State Building,40.74483426294312,-73.95981220709952,10.7,completed
NYC-00727,2026-09-21 22:52:32.329122,New York,Brooklyn Heights,40.78747940430459,-74.01121509657018,7.2,completed
NYC-04511,2026-09-21 22:55:37.329122,New York,Wall Street,40.75188144398257,-73.97209207629581,47.1,completed
NYC-01770,2026-09-21 23:11:31.329122,New York,Central Park,40.75053914452466,-74.00984435099348,5.8,completed
NYC-03459,2026-09-21 23:15:20.329122,New York,Flushing,40.77135028524457,-73.99030225942387,38.7,completed
NYC-01392,2026-09-21 23:15:20.329122,New York,Empire State Building,40.71867336955963,-73.95248552503409,12.1,completed
NYC-00862,2026-09-21 23:24:52.329122,New York,Times Square,40.757682929626036,-74.01932831736245,10.12,completed
NYC-04927,2026-09-21 23:28:06.329122,New York,Wall Street,40.72496763934187,-73.93004453292625,4.4,completed
NYC-01269,2026-09-21 23:33:23.329122,New York,Astoria,40.73208288365802,-73.96255980264635,7.9,completed
NYC-01766,2026-09-21 23:39:32.329122,New York,Brooklyn Heights,40.78110927851266,-73.93224215472631,7.9,completed
NYC-03705,2026-09-21 23:43:42.329122,New York,Staten Island Ferry,40.79733406294656,-73.97460210642564,6.5,completed
NYC-02698,2026-09-22 00:14:51.329122,New York,Staten Island Ferry,40.78513905159681,-73.98904183273153,19.8,completed
NYC-04180,2026-09-22 00:15:39.329122,New York,Times Square,40.744297409309404,-73.98136095108663,14.9,completed
NYC-01591,2026-09-22 00:17:34.329122,New York,Midtown,40.80903815930724,-73.9928503982532,11.4,completed
NYC-00381,2026-09-22 00:29:10.329122,New York,Harlem,40.77664108819006,-73.97459473683507,10.0,completed
NYC-00439,2026-09-22 00:38:02.329122,New York,Astoria,40.70894836587061,-73.94405684227075,11.4,completed
NYC-04178,2026-09-22 00:57:22.329122,New York,Upper East Side,40.73596351267704,-73.96931860654972,28.9,completed
NYC-00992,2026-09-22 00:58:14.329122,New York,Times Square,40.7299359650953,-73.9786393320245,13.5,completed
NYC-04369,2026-09-22 01:02:07.329122,New York,Flushing,40.72029049561659,-73.96767700985158,7.9,completed
NYC-01716,2026-09-22 01:09:51.329122,New York,Queensbridge,40.7063558617096,-74.01195940879373,9.3,completed
NYC-04576,2026-09-22 01:32:45.329122,New York,Flushing,40.74517508963113,-73.95538566787397,8.83,completed
NYC-00544,2026-09-22 01:36:25.329122,New York,LaGuardia Airport,40.767994106450374,-73.96365507619173,14.9,completed
NYC-00838,2026-09-22 01:41:57.329122,New York,LaGuardia Airport,40.763864718530584,-73.96561260221607,6.5,completed
NYC-03827,2026-09-22 01:43:35.329122,New York,Williamsburg,40.75303453088119,-73.9903894843304,9.3,completed
NYC-04070,2026-09-22 01:50:26.329122,New York,Broadway,40.73567623150867,-73.9402069363448,27.5,completed
NYC-04421,2026-09-22 02:02:24.329122,New York,Broadway,40.80523924772783,-73.97058250996882,14.9,completed
NYC-01707,2026-09-22 02:06:45.329122,New York,Empire State Building,40.72376420007606,-73.97094249284261,7.2,completed
NYC-02645,2026-09-22 02:11:16.329122,New York,Queensbridge,40.73960555124911,-73.95797709787178,8.6,completed
NYC-01393,2026-09-22 02:13:16.329122,New York,Upper West Side,40.75717513434117,-73.9575939231914,9.3,completed
NYC-01061,2026-09-22 02:19:30.329122,New York,Wall Street,40.80824918161193,-73.99000301261165,10.0,completed
NYC-03470,2026-09-22 02:34:14.329122,New York,Queensbridge,40.70210593547966,-74.00018836802222,8.6,completed
NYC-01372,2026-09-22 02:34:59.329122,New York,Astoria,40.793982360270654,-73.93580292795171,66.0,completed
NYC-04740,2026-09-22 03:17:29.329122,New York,JFK Airport,40.77905899245884,-74.01915895418624,4.4,completed
NYC-04508,2026-09-22 03:20:30.329122,New York,DUMBO,40.76433105924364,-73.99406092283967,5.1,completed
NYC-00647,2026-09-22 03:22:19.329122,New York,Upper West Side,40.774701255105896,-73.95382943337086,70.0,completed
NYC-02560,2026-09-22 03:23:27.329122,New York,Wall Street,40.78739670989398,-73.95380313647858,16.3,completed
NYC-04877,2026-09-22 03:34:16.329122,New York,JFK Airport,40.77656878477238,-73.98649792343325,21.5,completed
NYC-03063,2026-09-22 03:50:04.329122,New York,Central Park,40.76860136561193,-74.00472173516135,19.8,completed
NYC-02430,2026-09-22 04:08:46.329122,New York,Flushing,40.76632371641274,-73.9942398123484,11.4,completed
NYC-02181,2026-09-22 04:13:04.329122,New York,Williamsburg,40.723390881400825,-73.98313951654637,18.4,completed
NYC-00281,2026-09-22 04:17:35.329122,New York,Staten Island Ferry,40.737179467253675,-73.97632925898112,14.9,completed
NYC-03224,2026-09-22 04:27:38.329122,New York,Times Square,40.71823229946618,-73.98850940827174,11.4,completed
NYC-04263,2026-09-22 04:41:07.329122,New York,Times Square,40.742600185256734,-73.96300448659004,24.7,completed
NYC-02706,2026-09-22 04:46:43.329122,New York,Broadway,40.713222795203265,-73.9701236870096,70.0,completed
NYC-00955,2026-09-22 04:56:42.329122,New York,Williamsburg,40.74214523810745,-73.9639707708584,37.3,completed
NYC-00889,2026-09-22 05:04:03.329122,New York,DUMBO,40.726748941009944,-73.97939829371819,14.9,completed
NYC-04435,2026-09-22 05:07:16.329122,New York,Central Park,40.73086608945617,-73.99332867308075,33.8,completed
NYC-04387,2026-09-22 05:22:56.329122,New York,Upper West Side,40.70535643332399,-73.99606233418113,5.1,completed
NYC-03047,2026-09-22 05:26:50.329122,New York,DUMBO,40.7381176584748,-74.01719425817993,10.0,completed
NYC-02720,2026-09-22 05:33:13.329122,New York,Williamsburg,40.798841666514235,-73.97013474548858,13.5,completed
NYC-00515,2026-09-22 05:45:24.329122,New York,Upper East Side,40.7029003671947,-73.95017104709773,56.9,completed
NYC-01051,2026-09-22 06:09:53.329122,New York,Central Park,40.758183084742996,-73.93447486987498,19.1,completed
NYC-01301,2026-09-22 06:11:39.329122,New York,Upper East Side,40.80298334708681,-73.98016106365657,9.3,completed
NYC-00241,2026-09-22 06:15:57.329122,New York,Downtown Manhattan,40.80493214347029,-73.98213370936882,7.9,completed
NYC-01481,2026-09-22 06:29:56.329122,New York,Staten Island Ferry,40.71322299609077,-73.97657562455251,10.0,completed
NYC-03357,2026-09-22 06:35:16.329122,New York,Queensbridge,40.742107864088005,-73.97222268691404,15.6,completed
NYC-04524,2026-09-22 06:36:49.329122,New York,Harlem,40.78911771989557,-74.01327286867273,8.6,completed
NYC-02502,2026-09-22 06:58:02.329122,New York,Astoria,40.76308818466011,-74.00874199811471,70.2,completed
NYC-03862,2026-09-22 07:12:09.329122,New York,Midtown,40.7410803739646,-73.94250920608228,6.5,completed
NYC-03356,2026-09-22 07:15:18.329122,New York,Broadway,40.77657717596517,-73.99462634034236,8.6,completed
NYC-01869,2026-09-22 07:30:15.329122,New York,Downtown Manhattan,40.77985779009838,-73.93378185820761,35.2,completed
NYC-01166,2026-09-22 07:32:15.329122,New York,Upper West Side,40.791534759575356,-73.98333329067808,8.6,completed
NYC-02790,2026-09-22 07:44:50.329122,New York,Astoria,40.77828950863207,-73.97059607279506,14.2,completed
NYC-03879,2026-09-22 07:49:57.329122,New York,JFK Airport,40.72545187000146,-74.00071299349094,21.2,completed
NYC-03658,2026-09-22 07:52:06.329122,New York,LaGuardia Airport,40.76766420545953,-74.0059823539421,9.3,completed
NYC-02035,2026-09-22 08:04:16.329122,New York,Empire State Building,40.73844570092955,-73.94474932460095,10.0,completed
NYC-01732,2026-09-22 08:04:42.329122,New York,Central Park,40.75797456103028,-73.93598904052752,12.8,completed
NYC-02943,2026-09-22 08:31:10.329122,New York,Flushing,40.778586658047836,-74.00524717641578,10.7,completed
NYC-01408,2026-09-22 08:34:35.329122,New York,Midtown,40.764388980083645,-73.97391202809712,41.5,completed
NYC-03156,2026-09-22 08:57:53.329122,New York,JFK Airport,40.80299086836158,-73.95591928349216,8.6,completed
NYC-01040,2026-09-22 09:01:35.329122,New York,Midtown,40.75934404216129,-73.96657822710272,70.0,completed
NYC-04808,2026-09-22 09:16:43.329122,New York,Staten Island Ferry,40.72716572836911,-73.9312256045534,17.0,completed
NYC-03085,2026-09-22 09:17:07.329122,New York,LaGuardia Airport,40.774812307399166,-73.96053453462018,10.0,completed
NYC-02737,2026-09-22 09:17:33.329122,New York,LaGuardia Airport,40.75989305660803,-74.00122132781574,7.2,completed
NYC-04357,2026-09-22 09:19:46.329122,New York,Central Park,40.768821586837,-74.0053613003629,4.4,completed
NYC-03987,2026-09-22 09:21:04.329122,New York,Astoria,40.74950645033689,-73.93516512608572,21.55,completed
NYC-00236,2026-09-22 10:02:45.329122,New York,Empire State Building,40.7308849598685,-73.95774518972789,5.1,completed
NYC-02600,2026-09-22 10:07:17.329122,New York,Broadway,40.769251346658095,-73.95987824927387,28.2,completed
NYC-00268,2026-09-22 10:15:00.329122,New York,Astoria,40.73954402663418,-73.94279279948343,12.1,completed
NYC-01413,2026-09-22 10:15:18.329122,New York,Downtown Manhattan,40.706279554169825,-73.98435509703081,15.6,completed
NYC-00844,2026-09-22 10:45:13.329122,New York,Astoria,40.71635290005285,-73.94138191621794,11.4,completed
NYC-00340,2026-09-22 10:49:41.329122,New York,Central Park,40.75407774626285,-73.94703847866963,4.4,completed
NYC-00958,2026-09-22 10:51:08.329122,New York,Times Square,40.71829117056317,-73.95072417235329,7.9,completed
NYC-00700,2026-09-22 11:01:17.329122,New York,Times Square,40.75858483758068,-73.99346644854879,19.1,completed
NYC-02839,2026-09-22 11:05:05.329122,New York,Empire State Building,40.74088964730426,-73.94178108381477,10.0,completed
NYC-03781,2026-09-22 11:07:53.329122,New York,LaGuardia Airport,40.73594741764436,-73.94278997332785,45.0,completed
NYC-04578,2026-09-22 11:12:06.329122,New York,Downtown Manhattan,40.80742171256552,-74.01542314280496,5.8,completed
NYC-03908,2026-09-22 11:16:10.329122,New York,Empire State Building,40.76303464206809,-73.97016445917414,7.9,completed
NYC-03942,2026-09-22 11:18:38.329122,New York,Wall Street,40.709254042848535,-73.94227806971749,16.3,completed
NYC-02798,2026-09-22 11:34:11.329122,New York,Midtown,40.80792956204385,-73.99897776091998,10.7,completed
NYC-03798,2026-09-22 11:51:28.329122,New York,Queensbridge,40.7189776264641,-74.00861092199233,13.5,completed
NYC-00155,2026-09-22 11:57:30.329122,New York,Wall Street,40.726626079866264,-73.99291303123316,12.8,completed
NYC-00479,2026-09-22 12:02:48.329122,New York,Queensbridge,40.75754076285872,-73.99263148276259,94.0,completed
NYC-04158,2026-09-22 12:35:29.329122,New York,Astoria,40.80533948108999,-73.96064589476879,7.2,completed
NYC-00632,2026-09-22 12:35:31.329122,New York,Central Park,40.756284518632725,-74.00320689128141,28.9,completed
NYC-01273,2026-09-22 12:38:40.329122,New York,Wall Street,40.704358070788324,-73.97055293511451,14.9,completed
NYC-01808,2026-09-22 12:44:57.329122,New York,Flushing,40.71915202688675,-73.98996662131819,32.4,completed
NYC-04409,2026-09-22 12:49:47.329122,New York,Harlem,40.76102049836106,-73.97424346210198,24.7,completed
NYC-04332,2026-09-22 12:50:24.329122,New York,Brooklyn Heights,40.74838412036853,-73.98029190080084,8.6,completed
NYC-03443,2026-09-22 12:50:51.329122,New York,Central Park,40.80951942204488,-73.98254046720709,12.8,completed
NYC-02330,2026-09-22 12:51:47.329122,New York,Broadway,40.72833679423671,-74.00062805615491,11.4,completed
NYC-03068,2026-09-22 13:20:25.329122,New York,Astoria,40.72759823502602,-73.97957889274628,3.0,completed
NYC-01156,2026-09-22 13:23:54.329122,New York,JFK Airport,40.71744656158224,-73.9530982393987,35.9,completed
NYC-03284,2026-09-22 13:32:18.329122,New York,JFK Airport,40.75129407317542,-73.96709841354402,21.2,completed
NYC-03722,2026-09-22 13:37:20.329122,New York,Downtown Manhattan,40.802903296488026,-74.00019403706938,7.2,completed
NYC-04281,2026-09-22 13:38:10.329122,New York,Downtown Manhattan,40.780780224414144,-73.93513785597474,12.1,completed
NYC-03491,2026-09-22 13:45:43.329122,New York,Staten Island Ferry,40.76675316510942,-74.00784656769875,6.5,completed
NYC-01062,2026-09-22 13:48:28.329122,New York,Midtown,40.7845100755251,-73.97572647783647,5.1,completed
NYC-00189,2026-09-22 13:50:06.329122,New York,Staten Island Ferry,40.72660375199905,-73.99519899013217,14.05,completed
NYC-00582,2026-09-22 13:54:50.329122,New York,Downtown Manhattan,40.75418799033922,-73.94562487195596,39.4,completed
NYC-00444,2026-09-22 13:54:56.329122,New York,Flushing,40.78940795239833,-74.01346009711769,16.3,completed
NYC-01184,2026-09-22 14:03:19.329122,New York,Times Square,40.71127607007898,-74.01802163666713,17.7,completed
NYC-02865,2026-09-22 14:08:03.329122,New York,Staten Island Ferry,40.76380977181364,-73.93241697597159,9.3,completed
NYC-03147,2026-09-22 14:38:28.329122,New York,Downtown Manhattan,40.773310935227954,-73.93710374623305,9.3,completed
NYC-01876,2026-09-22 14:46:49.329122,New York,Flushing,40.76493824595047,-74.0026444351952,5.1,completed
NYC-00480,2026-09-22 15:14:53.329122,New York,Broadway,40.76923385019488,-73.94695356869997,10.0,completed
NYC-02106,2026-09-22 15:17:21.329122,New York,Broadway,40.794289718269866,-74.01746277935975,7.2,completed
NYC-02033,2026-09-22 15:17:29.329122,New York,LaGuardia Airport,40.80692058625947,-73.96719088829398,11.4,completed
NYC-01891,2026-09-22 15:19:17.329122,New York,JFK Airport,40.74416437474474,-73.93893158537944,9.3,completed
NYC-02640,2026-09-22 15:26:20.329122,New York,Flushing,40.73278574295034,-73.9794978184425,11.4,completed
NYC-02049,2026-09-22 15:31:01.329122,New York,Central Park,40.70898978803215,-73.97616257101087,5.8,completed
NYC-02419,2026-09-22 15:32:07.329122,New York,Brooklyn Heights,40.74267854359416,-73.95572927731676,11.4,completed
NYC-01363,2026-09-22 15:34:03.329122,New York,JFK Airport,40.769471624210176,-73.97771761106962,10.7,completed
NYC-01817,2026-09-22 15:43:55.329122,New York,Brooklyn Heights,40.7846145462622,-73.93607464422124,12.1,completed
NYC-03481,2026-09-22 15:51:04.329122,New York,Central Park,40.762986795617024,-73.99768607951748,18.4,completed
NYC-02319,2026-09-22 15:51:26.329122,New York,Staten Island Ferry,40.745212318279215,-73.93459754036301,5.8,completed
NYC-00041,2026-09-22 16:07:41.329122,New York,Downtown Manhattan,40.75446946011224,-73.96674547279969,3.7,completed
NYC-02643,2026-09-22 16:21:01.329122,New York,Upper West Side,40.770856414362356,-73.9963576021108,15.6,completed
NYC-01634,2026-09-22 16:21:01.329122,New York,JFK Airport,40.801989560142744,-73.96245626795115,20.5,completed
NYC-01734,2026-09-22 16:21:08.329122,New York,Central Park,40.71437814144142,-74.00551140114814,28.9,completed
NYC-00864,2026-09-22 16:26:52.329122,New York,Queensbridge,40.74408393669629,-73.95537386549192,7.9,completed
NYC-02686,2026-09-22 16:40:48.329122,New York,Upper West Side,40.71368052389006,-73.95274978194203,19.1,completed
NYC-00826,2026-09-22 16:46:02.329122,New York,Harlem,40.738098059380256,-73.96264280591159,8.6,completed
NYC-04610,2026-09-22 16:52:23.329122,New York,Brooklyn Heights,40.73731647272913,-73.95702582305611,66.0,completed
NYC-03457,2026-09-22 16:56:02.329122,New York,Astoria,40.77599723742059,-73.98562179590833,10.7,completed
NYC-03469,2026-09-22 17:03:22.329122,New York,Harlem,40.71867012714346,-74.01862616443185,70.0,completed
NYC-00227,2026-09-22 17:11:02.329122,New York,Central Park,40.743240749713344,-73.94040909148259,5.8,completed
NYC-01533,2026-09-22 17:21:35.329122,New York,Staten Island Ferry,40.72998864008069,-74.01918116368472,11.4,completed
NYC-02689,2026-09-22 17:25:55.329122,New York,Downtown Manhattan,40.74447187219804,-73.94459427571852,23.3,completed
NYC-04870,2026-09-22 17:29:31.329122,New York,Flushing,40.7420335843906,-73.99425459535067,9.3,completed
NYC-03587,2026-09-22 17:29:56.329122,New York,Wall Street,40.783869165454234,-73.95134808524118,10.0,completed
NYC-02139,2026-09-22 17:32:31.329122,New York,Coney Island,40.79439947584729,-74.00863448746739,10.7,completed
NYC-04822,2026-09-22 17:33:46.329122,New York,Queensbridge,40.74147593241019,-73.9589334637464,14.2,completed
NYC-01682,2026-09-22 17:36:11.329122,New York,Coney Island,40.77050692850799,-73.9422037311525,11.33,completed
NYC-00653,2026-09-22 17:56:15.329122,New York,Wall Street,40.78199834216028,-73.98827670577509,27.5,completed
NYC-00139,2026-09-22 18:00:04.329122,New York,Upper East Side,40.806896029099306,-73.93606899621646,5.8,completed
NYC-03898,2026-09-22 18:03:23.329122,New York,Flushing,40.75943261849694,-74.01324157187751,10.7,completed
NYC-04002,2026-09-22 18:07:11.329122,New York,Downtown Manhattan,40.78361770227692,-73.95475807553476,70.0,completed
NYC-01735,2026-09-22 18:12:58.329122,New York,Astoria,40.797526463676455,-73.96931520503915,5.1,completed
NYC-02239,2026-09-22 18:16:48.329122,New York,Harlem,40.72634611869005,-73.98093560183696,12.8,completed
NYC-04539,2026-09-22 18:22:50.329122,New York,JFK Airport,40.7096567060764,-73.96661596040256,23.3,completed
NYC-01741,2026-09-22 18:42:18.329122,New York,JFK Airport,40.78069758186176,-74.00980808935242,13.5,completed
NYC-01646,2026-09-22 18:42:31.329122,New York,Central Park,40.71404848319988,-73.9391262780488,9.22,completed
NYC-04642,2026-09-22 18:50:03.329122,New York,JFK Airport,40.79443571000067,-73.99105037757447,17.0,completed
NYC-01887,2026-09-22 19:01:58.329122,New York,LaGuardia Airport,40.72713467509738,-73.98776028628812,7.2,completed
NYC-03791,2026-09-22 19:10:19.329122,New York,Flushing,40.70739575980996,-74.01479906226821,16.3,completed
NYC-00500,2026-09-22 19:12:02.329122,New York,DUMBO,40.776797788542176,-73.97331269375968,7.9,completed
NYC-03285,2026-09-22 19:12:32.329122,New York,Midtown,40.70832697000408,-73.94374329290181,24.7,completed
NYC-00622,2026-09-22 19:16:34.329122,New York,Midtown,40.74075193130705,-73.94615432461912,3.0,completed
NYC-01395,2026-09-22 19:22:25.329122,New York,LaGuardia Airport,40.79117717024709,-73.9949897986611,12.1,completed
NYC-02712,2026-09-22 19:30:21.329122,New York,Coney Island,40.738290515248515,-73.99866366479432,20.5,completed
NYC-00234,2026-09-22 19:33:35.329122,New York,LaGuardia Airport,40.72147672865779,-73.97458264408203,8.6,completed
NYC-02654,2026-09-22 19:36:03.329122,New York,Brooklyn Heights,40.78443243913697,-73.95228316901093,8.6,completed
NYC-01620,2026-09-22 19:38:44.329122,New York,JFK Airport,40.75117261735121,-74.00980918990668,70.0,completed
NYC-04888,2026-09-22 19:41:56.329122,New York,Upper East Side,40.702788346469035,-74.00343630686606,6.5,completed
NYC-02670,2026-09-22 19:43:16.329122,New York,Queensbridge,40.77093158644246,-73.95072049233531,9.3,completed
NYC-04703,2026-09-22 19:49:03.329122,New York,Staten Island Ferry,40.76549030071726,-73.94799510328438,7.2,completed
NYC-00148,2026-09-22 19:50:22.329122,New York,Flushing,40.7056626626375,-73.96388452198774,70.0,completed
NYC-02850,2026-09-22 20:04:10.329122,New York,Astoria,40.77222941810787,-73.99271024079533,8.6,completed
NYC-03990,2026-09-22 20:07:21.329122,New York,DUMBO,40.7091877406148,-73.99730362163626,70.0,completed
NYC-00096,2026-09-22 20:07:39.329122,New York,Broadway,40.757500611232025,-73.94404058752522,12.1,completed
NYC-01330,2026-09-22 20:08:34.329122,New York,Upper East Side,40.76108999060314,-74.01661903934104,16.3,completed
NYC-02862,2026-09-22 20:17:01.329122,New York,Central Park,40.804550508763285,-74.01917191921372,54.1,completed
NYC-01797,2026-09-22 20:19:50.329122,New York,Brooklyn Heights,40.70792927695986,-73.99184398347948,16.3,completed
NYC-04975,2026-09-22 20:25:32.329122,New York,Empire State Building,40.74913991155729,-74.00323795555302,10.7,completed
NYC-04490,2026-09-22 20:25:37.329122,New York,Wall Street,40.7287278675762,-73.97487841057297,7.9,completed
NYC-04757,2026-09-22 20:32:37.329122,New York,Harlem,40.78558509371315,-73.93074942524515,12.1,completed
NYC-04548,2026-09-22 20:33:13.329122,New York,Empire State Building,40.77357641841448,-73.97767758232041,12.8,completed
NYC-03305,2026-09-22 20:41:19.329122,New York,Times Square,40.73855725877148,-74.00189771116686,7.9,completed
NYC-03649,2026-09-22 20:49:47.329122,New York,Midtown,40.80995134735755,-74.00076369808163,13.5,completed
NYC-02528,2026-09-22 21:01:38.329122,New York,DUMBO,40.70097496136248,-73.9623565036172,7.9,completed
NYC-02504,2026-09-22 21:30:11.329122,New York,LaGuardia Airport,40.72205219670813,-73.96988634757496,8.6,completed
NYC-01063,2026-09-22 21:32:19.329122,New York,Broadway,40.74595434603841,-73.96845047412366,21.9,completed
NYC-00050,2026-09-22 21:46:37.329122,New York,Brooklyn Heights,40.8066543090541,-74.00221996848893,25.4,completed
NYC-04249,2026-09-22 21:53:18.329122,New York,Brooklyn Heights,40.80662539935126,-73.99231104213793,24.7,completed
NYC-02993,2026-09-22 21:57:12.329122,New York,Broadway,40.7436209050189,-73.99166429601321,9.3,completed
NYC-01290,2026-09-22 21:58:27.329122,New York,Brooklyn Heights,40.74366156038218,-74.00714929269989,7.9,completed
NYC-04902,2026-09-22 22:10:19.329122,New York,Empire State Building,40.713557220394584,-74.00660905445358,17.7,completed
NYC-02719,2026-09-22 22:10:46.329122,New York,JFK Airport,40.70259544611101,-73.93130282800703,8.6,completed
NYC-00917,2026-09-22 22:18:01.329122,New York,Coney Island,40.80432986376584,-73.96002334257746,12.1,completed
NYC-01384,2026-09-22 22:25:42.329122,New York,Flushing,40.77224103309955,-73.97863467234404,10.7,completed
NYC-03273,2026-09-22 22:36:47.329122,New York,DUMBO,40.75892222592824,-73.96699575796937,70.0,completed
NYC-02454,2026-09-22 22:44:48.329122,New York,Midtown,40.763851436109306,-73.94157997668938,12.53,completed
NYC-02488,2026-09-22 22:51:22.329122,New York,Central Park,40.76476046743445,-73.96606502339588,24.7,completed
NYC-03351,2026-09-22 23:40:19.329122,New York,Harlem,40.74673359271549,-74.01556537117754,13.5,completed
NYC-04032,2026-09-22 23:58:18.329122,New York,Coney Island,40.708935259828735,-73.98724905341543,5.8,completed
NYC-01898,2026-09-23 00:00:03.329122,New York,Upper East Side,40.739092302555434,-73.99119463922348,17.0,completed
NYC-02521,2026-09-23 00:00:37.329122,New York,DUMBO,40.71478786423489,-73.97447716996669,6.5,completed
NYC-03127,2026-09-23 00:09:20.329122,New York,Williamsburg,40.70892640963899,-73.93597461599485,43.6,completed
NYC-03084,2026-09-23 00:21:39.329122,New York,Upper East Side,40.77712535538593,-73.9585237382329,10.0,completed
NYC-02663,2026-09-23 00:22:04.329122,New York,Times Square,40.774559452034104,-73.9749677475654,8.6,completed
NYC-03764,2026-09-23 00:37:14.329122,New York,Flushing,40.75421015429861,-74.00520465841043,9.3,completed
NYC-03848,2026-09-23 00:47:51.329122,New York,Wall Street,40.77862286040884,-73.98048736804176,23.3,completed
NYC-03883,2026-09-23 00:47:53.329122,New York,JFK Airport,40.724249060466995,-73.99123131439703,5.8,completed
NYC-01381,2026-09-23 00:50:05.329122,New York,Flushing,40.743018969031695,-73.97229528947089,12.8,completed
NYC-00368,2026-09-23 01:01:06.329122,New York,JFK Airport,40.72153702482682,-73.95050631751458,70.0,completed
NYC-04284,2026-09-23 01:23:21.329122,New York,Brooklyn Heights,40.760760275159896,-73.94383137884972,9.3,completed
NYC-00446,2026-09-23 01:51:38.329122,New York,Central Park,40.808460117020516,-73.98869598873102,12.8,completed
NYC-00779,2026-09-23 01:59:27.329122,New York,LaGuardia Airport,40.77052623961738,-73.99884718310693,10.7,completed
NYC-04359,2026-09-23 02:15:36.329122,New York,Midtown,40.72033222377418,-73.95819089839625,10.0,completed
NYC-02899,2026-09-23 02:25:56.329122,New York,Central Park,40.70413281994388,-73.94035659278396,14.2,completed
NYC-01175,2026-09-23 02:45:13.329122,New York,Downtown Manhattan,40.75939839176875,-73.97256931378766,7.9,completed
NYC-03159,2026-09-23 03:13:16.329122,New York,DUMBO,40.73216214214534,-73.94950389168051,10.7,completed
NYC-02501,2026-09-23 03:18:55.329122,New York,Upper West Side,40.784098057412024,-73.94503957646016,7.2,completed
NYC-02099,2026-09-23 03:20:30.329122,New York,DUMBO,40.74355675199287,-73.93992259087342,14.2,completed
NYC-04294,2026-09-23 03:26:46.329122,New York,Broadway,40.74359438880481,-73.93461655735848,10.7,completed
NYC-04179,2026-09-23 03:44:53.329122,New York,Midtown,40.7336318353192,-74.01948064048364,5.1,completed
NYC-04481,2026-09-23 03:53:45.329122,New York,Upper West Side,40.75189138212703,-73.99378990132796,10.7,completed
NYC-01100,2026-09-23 04:10:23.329122,New York,Harlem,40.706362694421976,-73.98827236828295,5.8,completed
NYC-02757,2026-09-23 04:39:17.329122,New York,DUMBO,40.79791552511357,-73.94064544242443,11.4,completed
NYC-03295,2026-09-23 05:04:21.329122,New York,LaGuardia Airport,40.707322120070565,-73.94427042160395,17.0,completed
NYC-04489,2026-09-23 05:25:45.329122,New York,Times Square,40.76202822131609,-73.98730079719878,20.5,completed
NYC-00551,2026-09-23 05:31:38.329122,New York,Williamsburg,40.793739965035044,-73.9853447749853,8.6,completed
NYC-04029,2026-09-23 05:33:18.329122,New York,Upper East Side,40.739652195565576,-73.9816999710073,8.6,completed
NYC-03994,2026-09-23 05:44:53.329122,New York,Midtown,40.754178891878574,-73.9933541040965,12.8,completed
NYC-03218,2026-09-23 05:53:54.329122,New York,Upper East Side,40.77906135796389,-73.99344020258341,7.9,completed
NYC-01144,2026-09-23 06:05:27.329122,New York,Coney Island,40.72937310971864,-73.94951559738749,21.2,completed
NYC-01353,2026-09-23 06:14:41.329122,New York,Times Square,40.77977834264567,-73.96876928091177,26.1,completed
NYC-02007,2026-09-23 06:16:24.329122,New York,Downtown Manhattan,40.78543816126507,-74.01997830957833,84.9,completed
NYC-02582,2026-09-23 06:17:18.329122,New York,Empire State Building,40.75533923458578,-74.01988440170258,10.7,completed
NYC-03928,2026-09-23 06:17:42.329122,New York,Empire State Building,40.775685011278156,-74.00888827836422,5.1,completed
NYC-02923,2026-09-23 06:19:28.329122,New York,Coney Island,40.71997753645323,-74.01283706673651,8.6,completed
NYC-00103,2026-09-23 06:20:48.329122,New York,Empire State Building,40.75594277602812,-73.9900815977043,5.8,completed
NYC-02336,2026-09-23 06:21:29.329122,New York,Downtown Manhattan,40.750186015985115,-74.01551970986293,38.7,completed
NYC-03477,2026-09-23 06:26:20.329122,New York,Queensbridge,40.75895285867374,-73.96149167939741,27.5,completed
NYC-02068,2026-09-23 06:38:57.329122,New York,Central Park,40.718117698877556,-74.00606415865418,28.2,completed
NYC-02799,2026-09-23 06:43:27.329122,New York,Brooklyn Heights,40.720911841476216,-73.99628738988756,27.5,completed
NYC-04321,2026-09-23 07:04:17.329122,New York,Broadway,40.802953097307345,-73.9403792513542,10.0,completed
NYC-02069,2026-09-23 07:10:44.329122,New York,Central Park,40.73632365713587,-74.00353693666341,7.9,completed
NYC-01746,2026-09-23 07:11:21.329122,New York,Midtown,40.70211115045054,-73.95887454704159,9.3,completed
NYC-01958,2026-09-23 07:17:14.329122,New York,Williamsburg,40.769979510117906,-73.9567633381206,7.2,completed
NYC-01784,2026-09-23 07:21:14.329122,New York,Broadway,40.772528931442636,-73.95436837758122,8.6,completed
NYC-00941,2026-09-23 07:22:23.329122,New York,Brooklyn Heights,40.76095958027674,-73.99891074409145,13.5,completed
NYC-02286,2026-09-23 07:31:38.329122,New York,Harlem,40.80686859599912,-73.97096064825736,12.8,completed
NYC-02702,2026-09-23 07:33:17.329122,New York,Brooklyn Heights,40.71381052362389,-73.96197520203565,4.4,completed
NYC-00405,2026-09-23 07:35:50.329122,New York,Central Park,40.798507555134584,-73.93939998332135,17.7,completed
NYC-00090,2026-09-23 07:44:41.329122,New York,Staten Island Ferry,40.71315536705322,-74.01671850542569,6.5,completed
NYC-00659,2026-09-23 07:45:53.329122,New York,Coney Island,40.762785613513586,-73.96344875942056,49.2,completed
NYC-01583,2026-09-23 07:53:26.329122,New York,Queensbridge,40.754644354474515,-74.01220422152308,70.0,completed
NYC-03958,2026-09-23 07:56:59.329122,New York,Wall Street,40.705568471949604,-73.9651724147746,25.4,completed
NYC-00898,2026-09-23 07:57:02.329122,New York,Wall Street,40.701430211586185,-73.934296238692,11.4,completed
NYC-02876,2026-09-23 07:59:16.329122,New York,Midtown,40.75472938373608,-73.96115998693395,35.9,completed
NYC-04881,2026-09-23 08:11:08.329122,New York,Williamsburg,40.751594482227,-73.96908235921978,6.5,completed
NYC-01585,2026-09-23 08:39:10.329122,New York,Wall Street,40.71500837278124,-73.98307266503146,7.2,completed
NYC-00657,2026-09-23 08:41:53.329122,New York,Brooklyn Heights,40.73993905260385,-73.94272599037158,18.4,completed
NYC-02668,2026-09-23 09:25:40.329122,New York,Queensbridge,40.78124572039456,-73.94161291601237,4.4,completed
NYC-04072,2026-09-23 09:30:13.329122,New York,Brooklyn Heights,40.76536660100395,-73.98194184318469,12.53,completed
NYC-03012,2026-09-23 10:35:13.329122,New York,Empire State Building,40.73374542594744,-73.96269763770779,5.1,completed
NYC-01349,2026-09-23 10:36:04.329122,New York,Midtown,40.704412011055375,-73.95612366236792,12.1,completed
NYC-01820,2026-09-23 10:39:34.329122,New York,Times Square,40.72262559884151,-73.97659972926964,70.0,completed
NYC-01880,2026-09-23 10:54:06.329122,New York,Downtown Manhattan,40.77577738322551,-73.95094899452567,10.7,completed
NYC-02426,2026-09-23 11:19:16.329122,New York,Times Square,40.71277528562206,-74.01094420204997,10.0,completed
NYC-01105,2026-09-23 11:23:59.329122,New York,Upper West Side,40.719128477414145,-74.00393321896546,8.6,completed
NYC-00649,2026-09-23 11:24:50.329122,New York,Empire State Building,40.7548286418822,-73.96773196008499,23.3,completed
NYC-01461,2026-09-23 11:53:47.329122,New York,Flushing,40.771635627474566,-73.95825179614509,30.34,completed
NYC-00782,2026-09-23 11:54:12.329122,New York,Empire State Building,40.72769789647977,-73.96635607640701,10.0,completed
NYC-00866,2026-09-23 12:02:44.329122,New York,Upper West Side,40.71707642705238,-73.9541002714319,20.35,completed
NYC-03672,2026-09-23 12:10:14.329122,New York,Flushing,40.77970581155324,-73.97521154009453,17.0,completed
NYC-01802,2026-09-23 12:11:05.329122,New York,Williamsburg,40.73885765493523,-74.00025495497233,7.9,completed
NYC-03069,2026-09-23 12:18:10.329122,New York,Flushing,40.77436289168578,-73.96864018789174,7.9,completed
NYC-01202,2026-09-23 12:33:10.329122,New York,DUMBO,40.70243359066819,-73.93719639527087,70.0,completed
NYC-03623,2026-09-23 12:38:11.329122,New York,Astoria,40.79614789506357,-73.94364240462126,87.5,completed
NYC-04851,2026-09-23 12:42:31.329122,New York,JFK Airport,40.74197781490201,-73.93243950495511,34.5,completed
NYC-01818,2026-09-23 12:43:12.329122,New York,Wall Street,40.768712992573974,-73.94264473219377,6.5,completed
NYC-04487,2026-09-23 13:13:26.329122,New York,Upper East Side,40.739031504109754,-74.00323149011334,9.3,completed
NYC-03801,2026-09-23 13:25:58.329122,New York,Upper East Side,40.803214730151645,-73.99675620779016,12.1,completed
NYC-02935,2026-09-23 13:36:11.329122,New York,Astoria,40.71840534344012,-74.00902997091276,19.88,completed
NYC-01744,2026-09-23 13:45:29.329122,New York,Central Park,40.745776939799775,-73.97706011640754,26.1,completed
NYC-04807,2026-09-23 13:54:00.329122,New York,Times Square,40.80509930105819,-73.96373096195282,17.7,completed
NYC-01678,2026-09-23 14:10:14.329122,New York,Upper East Side,40.71908769664852,-73.97002337572046,70.0,completed
NYC-04528,2026-09-23 14:21:27.329122,New York,Harlem,40.76293352600945,-73.93100118590763,10.0,completed
NYC-04015,2026-09-23 14:55:09.329122,New York,LaGuardia Airport,40.72858109517344,-74.01331778266025,8.6,completed
NYC-02734,2026-09-23 14:55:32.329122,New York,Upper West Side,40.803699675100354,-74.01211828933124,17.0,completed
NYC-02185,2026-09-23 14:57:55.329122,New York,Times Square,40.80321353002933,-73.93699990136606,5.8,completed
NYC-01803,2026-09-23 15:00:21.329122,New York,Broadway,40.73261891394164,-73.9782084775106,14.9,completed
NYC-01872,2026-09-23 15:11:09.329122,New York,Midtown,40.7556437962247,-73.96419987998704,14.9,completed
NYC-00832,2026-09-23 15:13:41.329122,New York,Upper East Side,40.71549427224178,-73.94655489185972,6.5,completed
NYC-00707,2026-09-23 15:55:39.329122,New York,LaGuardia Airport,40.78908618904401,-74.01068724427181,11.4,completed
NYC-02513,2026-09-23 15:56:48.329122,New York,JFK Airport,40.75614757379047,-74.00984276697585,9.3,completed
NYC-01188,2026-09-23 16:02:22.329122,New York,Williamsburg,40.73310599236415,-74.00779360455934,24.0,completed
NYC-04752,2026-09-23 16:11:50.329122,New York,Queensbridge,40.77431454509242,-73.97573288157461,10.0,completed
NYC-02977,2026-09-23 16:14:41.329122,New York,Williamsburg,40.70125597817995,-73.95182778543493,10.0,completed
NYC-00059,2026-09-23 16:28:38.329122,New York,Astoria,40.73578633638396,-73.9887697898129,19.1,completed
NYC-02367,2026-09-23 16:30:12.329122,New York,Downtown Manhattan,40.76145066360955,-73.96787831763685,19.1,completed
NYC-04820,2026-09-23 16:49:59.329122,New York,Empire State Building,40.731260272528296,-73.96272645648614,7.2,completed
NYC-04162,2026-09-23 17:01:05.329122,New York,Broadway,40.760376008169686,-73.95077471174288,10.0,completed
NYC-03584,2026-09-23 17:09:15.329122,New York,Staten Island Ferry,40.744748528104694,-73.9782806944667,11.4,completed
NYC-03710,2026-09-23 17:11:45.329122,New York,LaGuardia Airport,40.70113129455293,-73.94746268841962,5.8,completed
NYC-00397,2026-09-23 17:18:19.329122,New York,LaGuardia Airport,40.74718934301126,-73.97878897343857,15.6,completed
NYC-04149,2026-09-23 17:24:13.329122,New York,Harlem,40.78578029724111,-73.97102378956522,9.3,completed
NYC-00848,2026-09-23 17:30:44.329122,New York,Flushing,40.75524145113644,-73.99119854982213,9.3,completed
NYC-00456,2026-09-23 17:39:16.329122,New York,Central Park,40.70124890092442,-73.98699890082673,70.0,completed
NYC-00015,2026-09-23 17:50:24.329122,New York,Central Park,40.72017449608388,-74.00094287241528,19.8,completed
NYC-00238,2026-09-23 17:50:38.329122,New York,Flushing,40.77100195254979,-74.01654392104062,6.83,completed
NYC-01088,2026-09-23 17:53:18.329122,New York,Central Park,40.80902854887507,-73.95616334855734,6.5,completed
NYC-04062,2026-09-23 17:59:11.329122,New York,DUMBO,40.784189970024386,-73.95026049109724,7.2,completed
NYC-04869,2026-09-23 18:02:36.329122,New York,Midtown,40.7895822312736,-74.00428744137912,7.2,completed
NYC-02177,2026-09-23 18:10:20.329122,New York,Midtown,40.77071701010646,-73.9506605977487,11.4,completed
NYC-03266,2026-09-23 18:16:49.329122,New York,Wall Street,40.75216805230747,-73.96085930448449,7.9,completed
NYC-04601,2026-09-23 18:22:51.329122,New York,Flushing,40.78617259419954,-73.95047519385133,6.5,completed
NYC-01762,2026-09-23 18:28:49.329122,New York,Upper West Side,40.71078908388627,-74.00523427705612,70.0,completed
NYC-01197,2026-09-23 18:30:07.329122,New York,Brooklyn Heights,40.806576564081425,-73.94420256422143,42.9,completed
NYC-00778,2026-09-23 18:31:10.329122,New York,Midtown,40.77920401902007,-73.94592967829978,23.3,completed
NYC-03315,2026-09-23 18:35:36.329122,New York,Downtown Manhattan,40.77278527172399,-73.99311950583512,7.9,completed
NYC-02653,2026-09-23 18:38:29.329122,New York,Brooklyn Heights,40.70575905222063,-73.94689144005574,19.8,completed
NYC-03935,2026-09-23 18:42:14.329122,New York,JFK Airport,40.76011043959009,-73.96208030893114,54.8,completed
NYC-01680,2026-09-23 18:45:51.329122,New York,Downtown Manhattan,40.73807096991916,-73.96101076194034,97.2,completed
NYC-02378,2026-09-23 18:48:03.329122,New York,Upper East Side,40.74910614680417,-73.96700707568594,12.1,completed
NYC-01289,2026-09-23 19:06:05.329122,New York,Staten Island Ferry,40.70864363468706,-73.97930064099084,70.0,completed
NYC-04318,2026-09-23 19:11:54.329122,New York,Upper East Side,40.74459651076531,-73.961631925687,4.4,completed
NYC-00994,2026-09-23 19:44:27.329122,New York,Astoria,40.739707128663404,-74.01350081331984,26.52,completed
NYC-03165,2026-09-23 19:45:40.329122,New York,Astoria,40.754020530232154,-73.98731297886555,24.7,completed
NYC-00946,2026-09-23 20:02:53.329122,New York,Central Park,40.71505741930757,-73.98953438085171,14.2,completed
NYC-04137,2026-09-23 20:04:56.329122,New York,JFK Airport,40.73558834537341,-73.990938903828,10.0,completed
NYC-00076,2026-09-23 20:07:16.329122,New York,Coney Island,40.78483973813545,-73.96472323801129,24.7,completed
NYC-01809,2026-09-23 20:14:27.329122,New York,Flushing,40.71082352146848,-73.99151780943447,7.9,completed
NYC-03489,2026-09-23 20:17:47.329122,New York,DUMBO,40.746566865856856,-74.00369037607477,24.0,completed
NYC-04333,2026-09-23 20:37:21.329122,New York,JFK Airport,40.77083522373924,-73.9555171363622,13.5,completed
NYC-01769,2026-09-23 20:44:57.329122,New York,Flushing,40.743392390642704,-73.99045704196504,45.7,completed
NYC-03258,2026-09-23 20:49:29.329122,New York,DUMBO,40.74310453105068,-73.96476628274107,11.4,completed
NYC-03856,2026-09-23 20:56:03.329122,New York,Brooklyn Heights,40.73901328254836,-74.00071553716208,33.1,completed
NYC-01103,2026-09-23 21:23:44.329122,New York,Queensbridge,40.80205275115148,-73.93846794958888,10.0,completed
NYC-02831,2026-09-23 21:26:56.329122,New York,LaGuardia Airport,40.77286774128712,-73.98278808099609,14.2,completed
NYC-03730,2026-09-23 21:32:12.329122,New York,JFK Airport,40.716551949810665,-74.00415196408505,27.5,completed
NYC-00997,2026-09-23 21:59:45.329122,New York,Times Square,40.715050049401086,-73.9511366035125,7.9,completed
NYC-00187,2026-09-23 22:14:02.329122,New York,Harlem,40.76107208927594,-73.98729364612005,70.0,completed
NYC-04810,2026-09-23 22:21:41.329122,New York,LaGuardia Airport,40.7185691006363,-74.00982048191484,9.3,completed
NYC-01972,2026-09-23 22:35:43.329122,New York,Upper East Side,40.73003778909701,-74.01453852379443,11.4,completed
NYC-03302,2026-09-23 22:48:04.329122,New York,Coney Island,40.76149652134413,-73.95621909520311,17.0,completed
NYC-03146,2026-09-23 22:49:57.329122,New York,JFK Airport,40.79848806980685,-73.99266485335313,6.5,completed
NYC-02203,2026-09-23 22:58:39.329122,New York,Queensbridge,40.70462271426886,-74.00986516935856,10.7,completed
NYC-00654,2026-09-23 23:10:23.329122,New York,Upper West Side,40.747482550085266,-74.00865008724892,6.5,completed
NYC-02095,2026-09-23 23:17:18.329122,New York,Central Park,40.787213986093725,-73.96667653054885,12.1,completed
NYC-00291,2026-09-23 23:17:21.329122,New York,Williamsburg,40.704108300762414,-74.00341287427449,5.1,completed
NYC-02193,2026-09-23 23:28:21.329122,New York,Times Square,40.76164846940785,-74.00412292806149,18.4,completed
NYC-00111,2026-09-23 23:28:43.329122,New York,Upper West Side,40.71773434159795,-73.94214360105622,51.3,completed
NYC-00101,2026-09-23 23:43:46.329122,New York,Times Square,40.77000514523902,-73.96801482274266,17.0,completed
NYC-01654,2026-09-23 23:46:48.329122,New York,Upper West Side,40.70964070214403,-73.99845671472922,10.0,completed
NYC-02989,2026-09-23 23:50:05.329122,New York,DUMBO,40.79489045182641,-73.94452403834218,6.5,completed
NYC-04208,2026-09-24 00:00:41.329122,New York,Empire State Building,40.70946353727363,-73.948728411542,12.1,completed
NYC-02434,2026-09-24 00:14:24.329122,New York,Central Park,40.80572490339484,-74.0179257620434,11.4,completed
NYC-02934,2026-09-24 00:20:56.329122,New York,Upper West Side,40.77802529113199,-73.99637422561601,13.5,completed
NYC-01586,2026-09-24 00:21:34.329122,New York,Midtown,40.77646590094524,-73.9776369100458,10.0,completed
NYC-01220,2026-09-24 00:28:31.329122,New York,Empire State Building,40.804594991847544,-73.9481391845454,28.9,completed
NYC-02549,2026-09-24 00:43:17.329122,New York,Upper West Side,40.70726108285543,-73.9566456999669,24.7,completed
NYC-04758,2026-09-24 00:45:26.329122,New York,Staten Island Ferry,40.750680696026585,-74.00223366396425,34.5,completed
NYC-02792,2026-09-24 00:49:58.329122,New York,Brooklyn Heights,40.76264937575238,-73.98140013117848,44.3,completed
NYC-00951,2026-09-24 00:50:18.329122,New York,Central Park,40.77315403420009,-74.00563002855695,15.6,completed
NYC-00692,2026-09-24 00:51:38.329122,New York,Flushing,40.75583714165529,-73.95849135263585,15.6,completed
NYC-03765,2026-09-24 00:51:48.329122,New York,Downtown Manhattan,40.73299362767548,-73.9476301678545,17.7,completed
NYC-02331,2026-09-24 01:20:54.329122,New York,Times Square,40.706547717038255,-73.94245375449245,12.8,completed
NYC-02213,2026-09-24 01:24:08.329122,New York,Downtown Manhattan,40.80590913927814,-73.97417979533313,12.1,completed
NYC-03559,2026-09-24 01:40:52.329122,New York,Broadway,40.750554246293504,-73.94546085179022,7.2,completed
NYC-02650,2026-09-24 01:41:38.329122,New York,Coney Island,40.72297709964057,-74.01349935865548,10.0,completed
NYC-04786,2026-09-24 01:44:50.329122,New York,Astoria,40.79634954174999,-74.01197140970648,27.5,completed
NYC-00252,2026-09-24 01:55:27.329122,New York,LaGuardia Airport,40.79362503386686,-73.95725503711387,70.0,completed
NYC-04796,2026-09-24 02:06:41.329122,New York,Astoria,40.718071552759966,-73.93668234762502,12.8,completed
NYC-00672,2026-09-24 02:10:09.329122,New York,Times Square,40.70882571202279,-73.9623597453406,5.1,completed
NYC-04627,2026-09-24 02:12:37.329122,New York,Astoria,40.75506372491739,-73.94150159239011,25.4,completed
NYC-04871,2026-09-24 02:34:27.329122,New York,Downtown Manhattan,40.714549558660835,-73.9734846909039,31.0,completed
NYC-01253,2026-09-24 02:59:33.329122,New York,LaGuardia Airport,40.71377043714228,-74.01837270170148,10.7,completed
NYC-03024,2026-09-24 03:05:59.329122,New York,Queensbridge,40.70622442217614,-73.99929239573282,15.6,completed
NYC-01873,2026-09-24 03:07:18.329122,New York,Central Park,40.79247733308124,-73.98937993049938,70.0,completed
NYC-03268,2026-09-24 03:13:32.329122,New York,Astoria,40.769126910227605,-73.96496546325527,18.83,completed
NYC-03820,2026-09-24 03:21:05.329122,New York,Empire State Building,40.738590102026855,-74.01245136353032,21.9,completed
NYC-02377,2026-09-24 03:35:16.329122,New York,Flushing,40.78678836759129,-73.98374930193582,11.4,completed
NYC-03664,2026-09-24 03:39:32.329122,New York,Queensbridge,40.7606275958108,-73.97012472505502,7.2,completed
NYC-01926,2026-09-24 03:46:11.329122,New York,Times Square,40.764702249364326,-73.98372651178836,17.77,completed
NYC-04443,2026-09-24 03:59:55.329122,New York,Upper West Side,40.74392658382192,-73.98580895299095,22.6,completed
NYC-02729,2026-09-24 04:08:14.329122,New York,Empire State Building,40.75324847766812,-73.97118520958286,23.3,completed
NYC-01183,2026-09-24 04:11:17.329122,New York,Downtown Manhattan,40.802523091606105,-73.93268948022235,11.4,completed
NYC-03857,2026-09-24 04:11:59.329122,New York,JFK Airport,40.7605729717385,-74.01419583875897,24.0,completed
NYC-03111,2026-09-24 04:36:34.329122,New York,Times Square,40.726622428797896,-73.9925306922884,24.7,completed
NYC-02300,2026-09-24 04:52:29.329122,New York,Flushing,40.78828442475378,-74.00838672319995,9.3,completed
NYC-01460,2026-09-24 05:08:41.329122,New York,DUMBO,40.74332508462196,-73.99612943297475,7.9,completed
NYC-00553,2026-09-24 05:09:55.329122,New York,Coney Island,40.76170317686889,-73.96506615461965,12.8,completed
NYC-03910,2026-09-24 05:16:32.329122,New York,DUMBO,40.704319635566584,-73.95409384893169,6.5,completed
NYC-03555,2026-09-24 05:34:25.329122,New York,Queensbridge,40.76863983340819,-73.95884033470846,70.0,completed
NYC-01025,2026-09-24 05:44:04.329122,New York,Staten Island Ferry,40.752163563832326,-73.99635740706982,42.2,completed
NYC-04131,2026-09-24 05:47:20.329122,New York,Queensbridge,40.723968051758945,-73.95284821195852,11.4,completed
NYC-02220,2026-09-24 06:11:39.329122,New York,Astoria,40.77740545752069,-73.93485319437382,24.67,completed
NYC-03409,2026-09-24 06:19:57.329122,New York,Wall Street,40.70443859095457,-73.98580360429662,31.0,completed
NYC-00819,2026-09-24 06:25:05.329122,New York,Coney Island,40.736871696581055,-73.97529309147946,20.5,completed
NYC-01522,2026-09-24 06:46:15.329122,New York,Coney Island,40.73867849559636,-73.94867142091408,7.9,completed
NYC-01043,2026-09-24 07:00:01.329122,New York,JFK Airport,40.76884805140807,-74.00552257358633,6.5,completed
NYC-04769,2026-09-24 07:08:23.329122,New York,Central Park,40.738013754445795,-74.00376185601267,21.9,completed
NYC-03332,2026-09-24 07:27:55.329122,New York,Staten Island Ferry,40.71868691066558,-73.94772319218961,10.0,completed
NYC-03479,2026-09-24 07:42:27.329122,New York,Astoria,40.74420759198798,-73.93394009437208,10.7,completed
NYC-04955,2026-09-24 07:46:41.329122,New York,LaGuardia Airport,40.782385946594644,-73.98854732924207,6.5,completed
NYC-03542,2026-09-24 07:55:03.329122,New York,Central Park,40.716161411594214,-73.94761649610595,7.2,completed
NYC-01947,2026-09-24 07:58:09.329122,New York,DUMBO,40.716219777937695,-73.99941963237538,8.6,completed
NYC-00615,2026-09-24 07:58:35.329122,New York,Wall Street,40.801295964058504,-73.94450445969113,13.5,completed
NYC-00191,2026-09-24 08:06:13.329122,New York,Empire State Building,40.79869373337487,-73.95692724237985,16.3,completed
NYC-03702,2026-09-24 08:23:12.329122,New York,Central Park,40.734930467028335,-73.99093191399726,14.2,completed
NYC-03462,2026-09-24 08:45:47.329122,New York,Upper East Side,40.76995343595094,-73.99566550882204,14.9,completed
NYC-00869,2026-09-24 08:49:28.329122,New York,Harlem,40.8040727008347,-73.96704118835919,48.5,completed
NYC-03719,2026-09-24 09:10:21.329122,New York,Coney Island,40.72871533788584,-73.97538546909296,10.0,completed
NYC-01317,2026-09-24 09:13:18.329122,New York,DUMBO,40.78047484739309,-73.9680531991399,17.0,completed
NYC-00612,2026-09-24 09:20:44.329122,New York,Queensbridge,40.769069042844,-73.94608665216644,12.8,completed
NYC-04838,2026-09-24 09:31:49.329122,New York,Upper East Side,40.70437925833904,-73.9543270335298,11.4,completed
NYC-04950,2026-09-24 09:33:53.329122,New York,DUMBO,40.74345586716425,-73.9738814303761,23.3,completed
NYC-00519,2026-09-24 09:41:50.329122,New York,Harlem,40.71654585802139,-73.96204828386391,9.3,completed
NYC-03532,2026-09-24 09:45:24.329122,New York,LaGuardia Airport,40.73588793098453,-73.9698657172427,15.6,completed
NYC-04426,2026-09-24 09:47:49.329122,New York,Broadway,40.72606163932864,-73.99431352387275,23.3,completed
NYC-00690,2026-09-24 09:50:08.329122,New York,Central Park,40.73560471600447,-73.99904087684634,5.8,completed
NYC-02243,2026-09-24 10:10:57.329122,New York,Flushing,40.809498126781044,-73.97212603202026,10.0,completed
NYC-01101,2026-09-24 10:11:21.329122,New York,LaGuardia Airport,40.806601289315495,-73.9549584782973,26.1,completed
NYC-01439,2026-09-24 10:14:03.329122,New York,Upper West Side,40.77407756766574,-73.97234197464797,7.83,completed
NYC-00934,2026-09-24 10:15:25.329122,New York,Flushing,40.71888472144332,-73.98495491982999,13.5,completed
NYC-03112,2026-09-24 10:17:54.329122,New York,Empire State Building,40.778545799571596,-73.93236316761654,10.7,completed
NYC-04910,2026-09-24 10:19:13.329122,New York,Harlem,40.797292660035644,-73.99046675375364,19.8,completed
NYC-01423,2026-09-24 10:44:14.329122,New York,LaGuardia Airport,40.71631775210583,-73.99639531103665,14.9,completed
NYC-04243,2026-09-24 10:53:19.329122,New York,Upper West Side,40.74996020290104,-73.9566457683405,26.1,completed
NYC-01484,2026-09-24 10:55:30.329122,New York,Upper East Side,40.73570444128903,-74.00246435575102,70.0,completed
NYC-02997,2026-09-24 10:56:01.329122,New York,JFK Airport,40.734076664513005,-73.97902041251723,7.9,completed
NYC-01691,2026-09-24 11:03:04.329122,New York,LaGuardia Airport,40.75528226841098,-74.00039972784091,55.5,completed
NYC-04202,2026-09-24 11:11:39.329122,New York,Upper East Side,40.71381047688884,-73.96606357903205,6.5,completed
NYC-03214,2026-09-24 11:13:03.329122,New York,Coney Island,40.72525579768294,-73.9858484757466,10.0,completed
NYC-03959,2026-09-24 11:22:42.329122,New York,Times Square,40.70433310170621,-73.9432144319218,7.9,completed
NYC-03034,2026-09-24 11:38:19.329122,New York,Empire State Building,40.73056380536987,-73.94850541974165,17.0,completed
NYC-00760,2026-09-24 11:43:56.329122,New York,Central Park,40.716684236770604,-73.95140833415948,18.4,completed
NYC-04505,2026-09-24 12:10:55.329122,New York,Flushing,40.73141885874185,-73.97826917748041,9.3,completed
NYC-04483,2026-09-24 12:16:06.329122,New York,Central Park,40.76273156326045,-73.94761117065126,16.3,completed
NYC-02269,2026-09-24 12:22:28.329122,New York,Queensbridge,40.75636001553004,-73.98805043957674,8.6,completed
NYC-03398,2026-09-24 12:57:56.329122,New York,Staten Island Ferry,40.727390960972,-73.94274639582152,60.86,completed
NYC-03597,2026-09-24 13:18:00.329122,New York,LaGuardia Airport,40.76079284945544,-73.9887006912156,24.0,completed
NYC-03803,2026-09-24 13:22:35.329122,New York,Harlem,40.808192392716506,-73.9307185627543,31.7,completed
NYC-04585,2026-09-24 13:23:24.329122,New York,Coney Island,40.80622028727935,-73.9476217383432,9.3,completed
NYC-01402,2026-09-24 13:35:38.329122,New York,Flushing,40.704033856962695,-74.00168400025012,7.2,completed
NYC-01683,2026-09-24 14:00:34.329122,New York,Astoria,40.79047286199978,-73.99215682941279,18.4,completed
NYC-04689,2026-09-24 14:13:26.329122,New York,Upper West Side,40.80733567004039,-73.9447986361032,19.8,completed
NYC-00331,2026-09-24 14:25:45.329122,New York,Downtown Manhattan,40.78336307215108,-73.9915188582213,11.4,completed
NYC-02832,2026-09-24 14:29:53.329122,New York,Harlem,40.7130352885958,-74.00144175556883,15.6,completed
NYC-02182,2026-09-24 14:40:54.329122,New York,LaGuardia Airport,40.70365082900187,-73.94979243786386,10.0,completed
NYC-02978,2026-09-24 14:46:41.329122,New York,Flushing,40.7774069757592,-73.95414652545492,7.9,completed
NYC-01962,2026-09-24 14:48:36.329122,New York,Queensbridge,40.79237825141992,-73.93416667361575,7.2,completed
NYC-01750,2026-09-24 14:50:22.329122,New York,Midtown,40.75888411445979,-73.99413377195391,15.6,completed
NYC-01480,2026-09-24 14:58:09.329122,New York,Coney Island,40.78996176377925,-73.96667558687413,9.3,completed
NYC-01030,2026-09-24 15:07:12.329122,New York,Broadway,40.704070839818705,-73.9639175931627,14.9,completed
NYC-01628,2026-09-24 15:08:43.329122,New York,Brooklyn Heights,40.71063440946114,-73.9699716267221,39.4,completed
NYC-04147,2026-09-24 15:30:16.329122,New York,Wall Street,40.74422299385771,-73.98335521313795,15.6,completed
NYC-04391,2026-09-24 15:33:50.329122,New York,Times Square,40.75953971220359,-73.93012444127521,5.8,completed
NYC-02460,2026-09-24 15:41:02.329122,New York,Empire State Building,40.80932332277897,-73.97684905196652,11.4,completed
NYC-00595,2026-09-24 15:44:47.329122,New York,Astoria,40.752135780428915,-73.97699193805782,17.7,completed
NYC-02697,2026-09-24 15:45:05.329122,New York,Midtown,40.73430502437086,-73.95794192119851,8.6,completed
NYC-00703,2026-09-24 15:53:50.329122,New York,Staten Island Ferry,40.71478561446329,-73.99729095301626,12.8,completed
NYC-04933,2026-09-24 16:01:10.329122,New York,Upper West Side,40.748933767611035,-74.01971905137792,5.1,completed
NYC-04589,2026-09-24 16:18:03.329122,New York,Flushing,40.7802240780525,-73.94880963333412,17.7,completed
NYC-04992,2026-09-24 16:28:50.329122,New York,Empire State Building,40.737580522395966,-73.97760006805021,11.4,completed
NYC-03260,2026-09-24 16:31:53.329122,New York,Coney Island,40.72247480217389,-74.01229604024594,32.4,completed
NYC-04844,2026-09-24 16:32:16.329122,New York,Harlem,40.719700443326104,-74.00961401275472,28.9,completed
NYC-00907,2026-09-24 16:32:43.329122,New York,Downtown Manhattan,40.73759990868677,-73.94998135255862,16.39,completed
NYC-02174,2026-09-24 16:38:57.329122,New York,Wall Street,40.72498975127259,-74.01128631421115,70.0,completed
NYC-03020,2026-09-24 16:46:27.329122,New York,Coney Island,40.7314334157052,-73.9751917737537,19.8,completed
NYC-02578,2026-09-24 16:46:37.329122,New York,Astoria,40.73935954925249,-73.93750212075756,8.6,completed
NYC-02056,2026-09-24 16:56:26.329122,New York,Flushing,40.75085251171007,-73.9477609380263,30.3,completed
NYC-03220,2026-09-24 17:05:11.329122,New York,Empire State Building,40.756642668490464,-73.9415850710691,12.1,completed
NYC-02397,2026-09-24 17:13:41.329122,New York,Upper West Side,40.70279925358964,-73.9394469527032,9.3,completed
NYC-04090,2026-09-24 17:21:43.329122,New York,Times Square,40.78075663849458,-73.98103242551443,8.6,completed
NYC-04250,2026-09-24 17:25:51.329122,New York,Downtown Manhattan,40.741562313509995,-74.01618989567335,24.0,completed
NYC-04171,2026-09-24 17:38:40.329122,New York,Times Square,40.80860697744375,-73.94301326541061,8.6,completed
NYC-02354,2026-09-24 17:44:55.329122,New York,JFK Airport,40.77963703610127,-74.00484035039813,14.9,completed
NYC-01264,2026-09-24 18:01:25.329122,New York,Upper West Side,40.701278259389895,-73.94417155935413,16.3,completed
NYC-00644,2026-09-24 18:14:16.329122,New York,Coney Island,40.71317383450012,-73.9663288152253,21.9,completed
NYC-02160,2026-09-24 18:18:10.329122,New York,Queensbridge,40.771626234336985,-73.95430997940667,11.4,completed
NYC-03614,2026-09-24 18:34:42.329122,New York,Upper East Side,40.740412980156684,-73.99902521308137,7.9,completed
NYC-03207,2026-09-24 18:40:37.329122,New York,Queensbridge,40.78231914390324,-74.01473170599279,8.6,completed
NYC-04190,2026-09-24 18:44:42.329122,New York,Astoria,40.78288193217256,-73.93864164730697,7.2,completed
NYC-02463,2026-09-24 18:48:21.329122,New York,Downtown Manhattan,40.762631509730056,-73.98685340791098,27.5,completed
NYC-03202,2026-09-24 18:48:36.329122,New York,DUMBO,40.721324937473064,-73.93567456714823,8.6,completed
NYC-03853,2026-09-24 18:51:56.329122,New York,DUMBO,40.80323303740356,-73.95791610358042,4.4,completed
NYC-04016,2026-09-24 18:55:15.329122,New York,DUMBO,40.79746947196949,-74.01066027622286,11.4,completed
NYC-02535,2026-09-24 18:56:13.329122,New York,Queensbridge,40.79175590567008,-73.95688359921205,12.1,completed
NYC-02958,2026-09-24 19:03:43.329122,New York,Upper West Side,40.730147874827644,-74.00647204397644,12.8,completed
NYC-01623,2026-09-24 19:09:01.329122,New York,DUMBO,40.805338781295596,-73.97132556424256,54.1,completed
NYC-00880,2026-09-24 19:21:46.329122,New York,Central Park,40.725418227624694,-74.00161691788573,14.9,completed
NYC-02231,2026-09-24 19:22:52.329122,New York,Upper West Side,40.705295711957625,-73.98018456333266,47.5,completed
NYC-01049,2026-09-24 19:28:35.329122,New York,Midtown,40.702339635193546,-73.93574532626042,37.3,completed
NYC-03651,2026-09-24 19:35:44.329122,New York,Upper East Side,40.74376522733192,-73.98285175117503,16.3,completed
NYC-00062,2026-09-24 19:50:31.329122,New York,Brooklyn Heights,40.79116112600671,-73.97478653620252,6.5,completed
NYC-02649,2026-09-24 19:57:55.329122,New York,Williamsburg,40.750346956567526,-73.9667372883103,11.4,completed
NYC-00478,2026-09-24 20:00:15.329122,New York,Staten Island Ferry,40.8066232789181,-73.95103790745156,10.7,completed
NYC-00477,2026-09-24 20:09:26.329122,New York,JFK Airport,40.76092397128415,-73.9575960215333,4.4,completed
NYC-03393,2026-09-24 20:28:02.329122,New York,Midtown,40.73578196801979,-73.9555903613135,23.0,completed
NYC-03096,2026-09-24 20:33:23.329122,New York,Upper West Side,40.80747076498829,-74.01252651179708,6.5,completed
NYC-03743,2026-09-24 20:54:24.329122,New York,Harlem,40.70611660738486,-74.01514606754432,14.2,completed
NYC-00607,2026-09-24 21:11:10.329122,New York,Upper West Side,40.740069684715294,-73.93982510665394,12.8,completed
NYC-04400,2026-09-24 21:31:43.329122,New York,Harlem,40.71356121572288,-73.95817653249031,12.8,completed
NYC-00297,2026-09-24 21:54:17.329122,New York,Coney Island,40.723740313024656,-73.96546928663385,9.3,completed
NYC-01020,2026-09-24 21:57:06.329122,New York,Queensbridge,40.77671622939715,-73.98238143230438,68.1,completed
NYC-04583,2026-09-24 21:59:35.329122,New York,Midtown,40.78424445082732,-74.007945290254,17.0,completed
NYC-02352,2026-09-24 22:15:54.329122,New York,Empire State Building,40.767383081517934,-73.97533343870495,68.8,completed
NYC-01182,2026-09-24 22:38:02.329122,New York,Upper West Side,40.769588408244736,-74.009530144558,10.7,completed
NYC-02415,2026-09-24 23:13:44.329122,New York,Flushing,40.80604191478295,-73.97109347330216,35.9,completed
NYC-02820,2026-09-24 23:19:10.329122,New York,Williamsburg,40.8018813475275,-73.98810184072113,43.6,completed
NYC-03013,2026-09-24 23:25:11.329122,New York,Harlem,40.73882543537976,-74.0000885962174,14.2,completed
NYC-00108,2026-09-24 23:27:02.329122,New York,Central Park,40.72516779820408,-73.95100636497592,16.3,completed
NYC-01630,2026-09-24 23:29:09.329122,New York,Astoria,40.78317796617848,-73.98291840349435,12.1,completed
NYC-02207,2026-09-24 23:31:51.329122,New York,Flushing,40.794417584447906,-73.98340271258036,43.6,completed
NYC-00402,2026-09-24 23:50:02.329122,New York,Brooklyn Heights,40.75557776096927,-73.93376756921761,13.5,completed
NYC-01127,2026-09-24 23:57:49.329122,New York,LaGuardia Airport,40.74492985343778,-73.9929939625385,20.5,completed
NYC-02579,2026-09-24 23:57:52.329122,New York,DUMBO,40.77125991905896,-73.95650530132589,7.2,completed
NYC-00887,2026-09-24 23:58:04.329122,New York,Astoria,40.72620010591514,-73.93749195971932,20.06,completed
NYC-01614,2026-09-24 23:59:45.329122,New York,DUMBO,40.7366302104364,-74.01083374613718,12.1,completed
NYC-03889,2026-09-25 00:28:21.329122,New York,JFK Airport,40.744353169650225,-74.01103024701308,5.8,completed
NYC-04328,2026-09-25 00:37:35.329122,New York,Upper West Side,40.709474535297005,-73.98960603027481,38.7,completed
NYC-04233,2026-09-25 01:14:00.329122,New York,Harlem,40.80024731090865,-73.97913130659602,19.1,completed
NYC-01200,2026-09-25 01:17:21.329122,New York,DUMBO,40.7834089515522,-73.9567047951362,5.8,completed
NYC-03089,2026-09-25 01:22:03.329122,New York,JFK Airport,40.72784116930976,-73.9404179343464,11.4,completed
NYC-02453,2026-09-25 01:25:44.329122,New York,Harlem,40.73820047429336,-73.96563955020345,13.5,completed
NYC-04316,2026-09-25 01:31:07.329122,New York,Broadway,40.77942726706242,-73.94754840760889,18.4,completed
NYC-04906,2026-09-25 01:51:48.329122,New York,Downtown Manhattan,40.80624155516902,-73.94395446604547,20.5,completed
NYC-02211,2026-09-25 02:00:00.329122,New York,Queensbridge,40.78853974545256,-74.0046308565997,12.8,completed
NYC-04798,2026-09-25 02:07:08.329122,New York,Midtown,40.71347476481626,-73.9826737777723,11.4,completed
NYC-02393,2026-09-25 02:07:21.329122,New York,Upper East Side,40.71568535584901,-73.97170796289743,7.9,completed
NYC-00092,2026-09-25 02:08:50.329122,New York,Midtown,40.78368635534786,-73.94492523026125,19.1,completed
NYC-01046,2026-09-25 02:28:33.329122,New York,Downtown Manhattan,40.7256255422229,-74.01047831317544,70.0,completed
NYC-02357,2026-09-25 02:35:20.329122,New York,Flushing,40.707308822879135,-73.93488027546924,13.5,completed
NYC-00321,2026-09-25 02:53:58.329122,New York,Downtown Manhattan,40.77860555149701,-73.99488925386869,8.6,completed
NYC-04998,2026-09-25 02:58:00.329122,New York,Williamsburg,40.78973199186888,-73.98422608068196,22.6,completed
NYC-04319,2026-09-25 03:06:21.329122,New York,Downtown Manhattan,40.756791162911746,-73.95471493585043,34.5,completed
NYC-03501,2026-09-25 03:07:16.329122,New York,Harlem,40.78829043435883,-73.99216081980776,25.4,completed
NYC-03041,2026-09-25 03:20:12.329122,New York,Queensbridge,40.80677441999507,-73.99585515815917,32.4,completed
NYC-00769,2026-09-25 03:22:23.329122,New York,DUMBO,40.79033830351393,-73.93790125868966,14.9,completed
NYC-03581,2026-09-25 04:07:09.329122,New York,Flushing,40.792205346319,-73.95084210359946,4.4,completed
NYC-00336,2026-09-25 04:15:44.329122,New York,Midtown,40.79410066424121,-73.98986095388767,18.4,completed
NYC-04712,2026-09-25 04:50:57.329122,New York,Times Square,40.728231192790474,-73.99680203059347,11.4,completed
NYC-04236,2026-09-25 05:00:36.329122,New York,Upper East Side,40.70625695375554,-74.01830072092814,10.0,completed
NYC-00841,2026-09-25 05:14:13.329122,New York,Brooklyn Heights,40.77298911092184,-74.00701191606812,22.6,completed
NYC-02575,2026-09-25 05:24:49.329122,New York,Times Square,40.77045236463935,-74.00482608564093,9.3,completed
NYC-00495,2026-09-25 05:34:13.329122,New York,Harlem,40.73886874508287,-73.98996010626372,32.16,completed
NYC-03029,2026-09-25 05:37:33.329122,New York,LaGuardia Airport,40.76955103690014,-73.94745129268354,35.2,completed
NYC-03098,2026-09-25 05:46:09.329122,New York,Queensbridge,40.700915193644995,-73.98033205509029,10.7,completed
NYC-04874,2026-09-25 06:02:05.329122,New York,Flushing,40.732988735229405,-73.96608106074075,4.4,completed
NYC-01099,2026-09-25 06:10:39.329122,New York,Harlem,40.73851377850834,-73.94130417714625,10.0,completed
NYC-02551,2026-09-25 06:13:24.329122,New York,Queensbridge,40.71220979086705,-73.9831965487819,10.7,completed
NYC-02296,2026-09-25 06:22:46.329122,New York,Central Park,40.72409756900121,-74.00573317893753,15.5,completed
NYC-01717,2026-09-25 06:32:16.329122,New York,Upper West Side,40.77645387517445,-73.98059966704304,14.9,completed
NYC-02627,2026-09-25 07:01:58.329122,New York,Williamsburg,40.775572119315356,-73.98036088864096,15.6,completed
NYC-03021,2026-09-25 07:02:24.329122,New York,Brooklyn Heights,40.74760435675592,-73.94423721618742,11.4,completed
NYC-01260,2026-09-25 07:22:27.329122,New York,Times Square,40.729589274487864,-74.00915663598053,15.6,completed
NYC-04710,2026-09-25 07:26:31.329122,New York,Flushing,40.74608667511575,-74.00307630166701,12.8,completed
NYC-04540,2026-09-25 07:39:03.329122,New York,Harlem,40.71890124063935,-74.00319403053123,10.7,completed
NYC-03701,2026-09-25 07:48:26.329122,New York,DUMBO,40.77463499651219,-73.94544596689586,7.9,completed
NYC-01162,2026-09-25 07:54:52.329122,New York,Midtown,40.73686307396851,-73.99759207907547,17.0,completed
NYC-04460,2026-09-25 07:59:20.329122,New York,Upper East Side,40.74430134332216,-73.95846704088478,7.9,completed
NYC-02833,2026-09-25 08:01:26.329122,New York,LaGuardia Airport,40.73177734328001,-73.94110955582902,12.1,completed
NYC-04156,2026-09-25 08:13:49.329122,New York,Staten Island Ferry,40.75943293474377,-73.9360618854393,8.6,completed
NYC-02040,2026-09-25 08:16:29.329122,New York,Williamsburg,40.79356776636253,-73.9494425334545,5.8,completed
NYC-02545,2026-09-25 08:23:15.329122,New York,Harlem,40.753639059063396,-74.01579836620907,7.9,completed
NYC-04451,2026-09-25 08:41:26.329122,New York,Queensbridge,40.76361957394282,-73.96363796595134,17.3,completed
NYC-01749,2026-09-25 09:08:21.329122,New York,Broadway,40.71508206763019,-73.98328951868979,95.4,completed
NYC-02280,2026-09-25 09:08:42.329122,New York,Broadway,40.72798307389261,-73.96867187429562,7.9,completed
NYC-02151,2026-09-25 09:18:00.329122,New York,Times Square,40.719113775244935,-74.01064365616789,12.1,completed
NYC-02920,2026-09-25 09:29:49.329122,New York,Midtown,40.735782464742535,-73.96169466652526,6.5,completed
NYC-02027,2026-09-25 10:04:29.329122,New York,Broadway,40.8079426799547,-73.93141102190674,70.0,completed
NYC-04221,2026-09-25 10:04:59.329122,New York,Broadway,40.767500169328834,-73.96696593951191,20.4,completed
NYC-02868,2026-09-25 10:05:09.329122,New York,Times Square,40.73107456725702,-73.98779429572227,18.4,completed
NYC-00886,2026-09-25 10:42:34.329122,New York,Harlem,40.77180207186371,-73.96907333913305,7.2,completed
NYC-04471,2026-09-25 10:48:44.329122,New York,Central Park,40.80906860534102,-73.9579093597018,35.9,completed
NYC-00188,2026-09-25 11:01:16.329122,New York,Midtown,40.758261563619165,-73.93556369447278,38.5,completed
NYC-04797,2026-09-25 11:03:45.329122,New York,Midtown,40.78614775740161,-73.96191889390745,55.5,completed
NYC-02487,2026-09-25 11:22:06.329122,New York,Upper West Side,40.7949902274766,-73.93347241799381,12.1,completed
NYC-00183,2026-09-25 11:27:14.329122,New York,Times Square,40.79650732887191,-73.9358144959299,16.3,completed
NYC-04837,2026-09-25 11:27:45.329122,New York,JFK Airport,40.7454868183319,-73.99795418424706,13.23,completed
NYC-03373,2026-09-25 11:30:30.329122,New York,Upper West Side,40.77281658392733,-73.95308101573265,82.1,completed
NYC-00053,2026-09-25 11:32:25.329122,New York,Staten Island Ferry,40.79843100854704,-74.01235303390995,17.7,completed
NYC-04600,2026-09-25 11:32:36.329122,New York,Brooklyn Heights,40.721849477524806,-74.0182744380325,5.8,completed
NYC-02827,2026-09-25 11:34:22.329122,New York,Williamsburg,40.710493920504454,-73.9897648461959,23.3,completed
NYC-04915,2026-09-25 11:35:20.329122,New York,Coney Island,40.800813806622706,-73.93553786088708,5.8,completed
NYC-02379,2026-09-25 11:41:29.329122,New York,DUMBO,40.787821837457024,-74.01197000487484,6.5,completed
NYC-01662,2026-09-25 11:59:13.329122,New York,Times Square,40.80113311705359,-73.98879531148877,15.6,completed
NYC-04181,2026-09-25 12:04:52.329122,New York,Upper West Side,40.77397579889411,-73.98329035658347,14.2,completed
NYC-03547,2026-09-25 12:07:29.329122,New York,Midtown,40.75329917945881,-73.98637147332643,14.2,completed
NYC-00773,2026-09-25 12:07:44.329122,New York,Astoria,40.74370160196165,-73.95525506599827,11.4,completed
NYC-02908,2026-09-25 12:18:40.329122,New York,Downtown Manhattan,40.733461859159995,-73.98447022149055,19.1,completed
NYC-03471,2026-09-25 12:29:01.329122,New York,Williamsburg,40.78570128450354,-73.99462568040924,14.2,completed
NYC-01546,2026-09-25 12:49:21.329122,New York,Harlem,40.78865918047527,-73.96967770091834,33.1,completed
NYC-03945,2026-09-25 12:52:53.329122,New York,Empire State Building,40.70182517286959,-73.94224577732861,10.0,completed
NYC-03568,2026-09-25 12:56:02.329122,New York,Harlem,40.785475421421694,-73.9796655213968,7.2,completed
NYC-03184,2026-09-25 13:02:23.329122,New York,Upper West Side,40.756650622568074,-73.99400710270413,19.1,completed
NYC-04821,2026-09-25 13:16:46.329122,New York,Flushing,40.73178653774132,-73.9523854194756,5.8,completed
NYC-02526,2026-09-25 13:25:17.329122,New York,Brooklyn Heights,40.7231775460254,-73.96731621194881,17.7,completed
NYC-03635,2026-09-25 13:26:02.329122,New York,Empire State Building,40.75347435337365,-73.94719200253478,34.5,completed
NYC-02260,2026-09-25 13:28:14.329122,New York,Midtown,40.78512676213032,-73.99693368621676,6.5,completed
NYC-03107,2026-09-25 13:30:49.329122,New York,Harlem,40.70099595777384,-73.97546543890407,22.6,completed
NYC-01221,2026-09-25 13:35:41.329122,New York,Midtown,40.7166163680959,-73.95634945044982,40.1,completed
NYC-00666,2026-09-25 13:38:53.329122,New York,Brooklyn Heights,40.7270553501223,-73.95670504950408,12.1,completed
NYC-03734,2026-09-25 14:01:40.329122,New York,Times Square,40.7271324477386,-73.98527264978475,7.9,completed
NYC-00330,2026-09-25 14:03:25.329122,New York,Empire State Building,40.739156994651644,-73.99670868324719,10.0,completed
NYC-04815,2026-09-25 14:07:24.329122,New York,Astoria,40.80282750692421,-73.9572884037432,17.0,completed
NYC-02308,2026-09-25 14:12:44.329122,New York,Astoria,40.71252222328243,-73.94896384107906,13.5,completed
NYC-03418,2026-09-25 14:21:17.329122,New York,Williamsburg,40.72552199983397,-73.95153656745606,18.4,completed
NYC-04266,2026-09-25 14:21:22.329122,New York,Broadway,40.77130568156887,-73.99332033476985,31.7,completed
NYC-01151,2026-09-25 14:26:16.329122,New York,Brooklyn Heights,40.79207146612001,-73.97138044598992,15.6,completed
NYC-00570,2026-09-25 14:38:29.329122,New York,Williamsburg,40.75653884380758,-73.9321958272759,6.5,completed
NYC-04381,2026-09-25 14:39:12.329122,New York,DUMBO,40.70782712467657,-73.99294099234953,13.5,completed
NYC-00448,2026-09-25 14:41:37.329122,New York,LaGuardia Airport,40.7413885544084,-73.97096790232516,10.0,completed
NYC-01842,2026-09-25 14:47:38.329122,New York,Times Square,40.748334548866396,-74.00909600848651,53.4,completed
NYC-04569,2026-09-25 14:55:54.329122,New York,Staten Island Ferry,40.79450229334116,-73.94577491523309,18.4,completed
NYC-01132,2026-09-25 14:59:59.329122,New York,Flushing,40.708915083749844,-73.97143043899872,21.2,completed
NYC-01425,2026-09-25 15:27:11.329122,New York,Upper West Side,40.806163056607964,-74.00587876382684,12.1,completed
NYC-02692,2026-09-25 15:28:41.329122,New York,Coney Island,40.701091620324064,-73.99690044790937,45.7,completed
NYC-03078,2026-09-25 15:29:43.329122,New York,LaGuardia Airport,40.717031147385754,-73.98672359702145,4.4,completed
NYC-01547,2026-09-25 15:30:53.329122,New York,Williamsburg,40.76052491963719,-73.9747494902338,5.8,completed
NYC-03173,2026-09-25 15:34:06.329122,New York,DUMBO,40.71765088756984,-73.9931394404967,17.0,completed
NYC-03086,2026-09-25 15:36:00.329122,New York,JFK Airport,40.744896685995336,-73.93444542655782,26.8,completed
NYC-01590,2026-09-25 15:39:29.329122,New York,JFK Airport,40.77616797664568,-73.97914370502569,10.0,completed
NYC-01778,2026-09-25 16:02:11.329122,New York,JFK Airport,40.72801376842507,-73.93096480494043,17.7,completed
NYC-04021,2026-09-25 16:32:20.329122,New York,Harlem,40.72645847436982,-73.94156088873628,14.9,completed
NYC-00563,2026-09-25 16:32:53.329122,New York,Upper East Side,40.70159991322347,-73.99487825763032,12.8,completed
NYC-01764,2026-09-25 16:36:47.329122,New York,Brooklyn Heights,40.71650535311634,-73.94864439592538,27.5,completed
NYC-04287,2026-09-25 16:42:27.329122,New York,Downtown Manhattan,40.76346797736595,-73.94617363354519,12.8,completed
NYC-01227,2026-09-25 16:42:40.329122,New York,Upper East Side,40.73016367225836,-73.93126592482376,7.2,completed
NYC-04572,2026-09-25 16:51:19.329122,New York,Coney Island,40.726297302248256,-74.01446448371873,8.6,completed
NYC-00593,2026-09-25 16:51:24.329122,New York,Staten Island Ferry,40.73802340116563,-73.93246885879152,21.9,completed
NYC-03153,2026-09-25 16:52:36.329122,New York,Astoria,40.74703614670737,-73.9351281361319,70.0,completed
NYC-01771,2026-09-25 16:54:13.329122,New York,Wall Street,40.78635181982208,-73.94169775670319,12.1,completed
NYC-00606,2026-09-25 16:55:18.329122,New York,Upper East Side,40.72269670902464,-73.94172737036335,16.3,completed
NYC-01541,2026-09-25 17:08:01.329122,New York,Central Park,40.711756461540425,-73.94755298495065,19.8,completed
NYC-02318,2026-09-25 17:15:09.329122,New York,Astoria,40.74640109963927,-73.98015376650642,16.3,completed
NYC-00262,2026-09-25 17:22:33.329122,New York,Williamsburg,40.71540924167602,-73.96980801779331,24.0,completed
NYC-04026,2026-09-25 17:38:19.329122,New York,LaGuardia Airport,40.74366913784282,-73.96921290417971,5.8,completed
NYC-02000,2026-09-25 17:39:32.329122,New York,Empire State Building,40.728787625210956,-74.0165080490744,11.4,completed
NYC-03411,2026-09-25 17:45:53.329122,New York,Downtown Manhattan,40.71430887368119,-73.93174166023924,21.9,completed
NYC-03679,2026-09-25 18:03:56.329122,New York,Broadway,40.74313029345951,-74.00705489761087,30.3,completed
NYC-04480,2026-09-25 18:04:02.329122,New York,Downtown Manhattan,40.71776036174707,-74.00989830352076,7.2,completed
NYC-03108,2026-09-25 18:12:35.329122,New York,Williamsburg,40.764839938843316,-73.95319207790197,10.0,completed
NYC-03497,2026-09-25 18:14:41.329122,New York,Upper West Side,40.79747027788446,-73.96999445607858,7.2,completed
NYC-01449,2026-09-25 18:31:07.329122,New York,Astoria,40.77515728311187,-73.97034808289742,85.0,completed
NYC-02817,2026-09-25 18:36:15.329122,New York,Coney Island,40.70133134284537,-73.93535164290074,10.0,completed
NYC-02339,2026-09-25 18:48:35.329122,New York,Broadway,40.746084256920625,-73.97197447618217,5.1,completed
NYC-00873,2026-09-25 18:48:44.329122,New York,Broadway,40.744960758820795,-73.94530543661088,32.4,completed
NYC-04117,2026-09-25 19:01:02.329122,New York,DUMBO,40.74472495910955,-73.93126075850465,14.9,completed
NYC-02477,2026-09-25 19:10:51.329122,New York,JFK Airport,40.78695607737024,-74.01885111161339,10.0,completed
NYC-00999,2026-09-25 19:19:50.329122,New York,Brooklyn Heights,40.74906063502538,-74.00655565273962,26.8,completed
NYC-00943,2026-09-25 19:40:51.329122,New York,LaGuardia Airport,40.791271598407796,-73.94085462488736,14.9,completed
NYC-02014,2026-09-25 19:45:15.329122,New York,Wall Street,40.75856627505028,-73.97461628852862,7.2,completed
NYC-01375,2026-09-25 20:12:27.329122,New York,Downtown Manhattan,40.79578248913998,-74.01645241733917,15.6,completed
NYC-02129,2026-09-25 20:30:39.329122,New York,Brooklyn Heights,40.747023865671274,-73.93493897961297,11.4,completed
NYC-03612,2026-09-25 20:31:02.329122,New York,Upper East Side,40.74120030677176,-73.930615263496,12.8,completed
NYC-02859,2026-09-25 20:31:42.329122,New York,Central Park,40.719274394931645,-74.00229802975919,28.2,completed
NYC-00322,2026-09-25 20:31:58.329122,New York,Broadway,40.77262171143895,-73.98355282713614,12.8,completed
NYC-02919,2026-09-25 20:39:48.329122,New York,Broadway,40.73332239962045,-73.98301354527676,7.9,completed
NYC-04152,2026-09-25 21:04:54.329122,New York,Broadway,40.77833507504687,-74.00786927935742,13.5,completed
NYC-01059,2026-09-25 21:10:39.329122,New York,LaGuardia Airport,40.76902560095402,-73.94512526124808,15.26,completed
NYC-03239,2026-09-25 21:15:53.329122,New York,Wall Street,40.76125662874893,-74.00626076519133,12.1,completed
NYC-00840,2026-09-25 21:51:47.329122,New York,Harlem,40.70144039022472,-73.98243553523795,17.7,completed
NYC-03519,2026-09-25 21:58:05.329122,New York,Upper East Side,40.72318724117051,-73.9438425520461,8.6,completed
NYC-00812,2026-09-25 22:05:28.329122,New York,Coney Island,40.713712894932364,-73.94612358916632,6.5,completed
NYC-00279,2026-09-25 22:18:19.329122,New York,Central Park,40.787537193637974,-73.9891275958669,66.0,completed
NYC-03761,2026-09-25 22:26:06.329122,New York,Staten Island Ferry,40.78084184321344,-73.95957687919929,16.3,completed
NYC-04770,2026-09-25 22:41:26.329122,New York,Upper West Side,40.70076804880684,-73.95105766904327,9.3,completed
NYC-04681,2026-09-25 22:44:34.329122,New York,Williamsburg,40.72736709676131,-74.0178422097361,27.5,completed
NYC-02140,2026-09-25 23:13:51.329122,New York,Brooklyn Heights,40.79009698652479,-73.93488011524784,70.0,completed
NYC-01210,2026-09-25 23:24:14.329122,New York,DUMBO,40.74687994324596,-73.97531361199924,20.5,completed
NYC-01187,2026-09-25 23:33:59.329122,New York,Downtown Manhattan,40.70746207650157,-73.99325072975394,56.2,completed
NYC-02774,2026-09-25 23:39:54.329122,New York,Central Park,40.76012348562355,-73.98992061964658,27.15,completed
NYC-04883,2026-09-25 23:56:37.329122,New York,Coney Island,40.71981745125059,-73.93574682981112,18.4,completed
NYC-04199,2026-09-26 00:25:32.329122,New York,Midtown,40.76788165388715,-73.96864947358378,40.8,completed
NYC-04833,2026-09-26 01:11:00.329122,New York,Midtown,40.71713505866382,-73.93040351962688,16.3,completed
NYC-02953,2026-09-26 01:11:04.329122,New York,Wall Street,40.750788775819444,-74.0148580552591,9.3,completed
NYC-03832,2026-09-26 01:13:48.329122,New York,Flushing,40.79059859718239,-73.95516255378169,7.2,completed
NYC-02030,2026-09-26 01:14:25.329122,New York,Midtown,40.72179073960358,-73.95999620301433,12.1,completed
NYC-00374,2026-09-26 01:22:58.329122,New York,Harlem,40.707830751330626,-73.9764244271053,6.5,completed
NYC-02584,2026-09-26 01:27:06.329122,New York,DUMBO,40.76444512672989,-73.97189009097195,14.9,completed
NYC-01681,2026-09-26 01:43:27.329122,New York,Midtown,40.807317122094595,-73.99901312010205,30.3,completed
NYC-04980,2026-09-26 01:43:39.329122,New York,Coney Island,40.80750122054946,-73.98814848995093,32.59,completed
NYC-03440,2026-09-26 01:55:12.329122,New York,Queensbridge,40.73760958059161,-73.99569473805086,26.8,completed
NYC-02154,2026-09-26 02:02:57.329122,New York,Central Park,40.711070122637594,-73.99566862685539,13.5,completed
NYC-02195,2026-09-26 02:10:20.329122,New York,Broadway,40.74917610981871,-73.97124157120531,58.3,completed
NYC-02191,2026-09-26 02:17:28.329122,New York,Midtown,40.799791453377644,-73.97622354680175,6.5,completed
NYC-04651,2026-09-26 02:18:42.329122,New York,Staten Island Ferry,40.778921148967314,-74.00542939509529,7.9,completed
NYC-01841,2026-09-26 02:31:46.329122,New York,Upper East Side,40.74752845712386,-74.0049744838869,10.7,completed
NYC-03343,2026-09-26 02:39:56.329122,New York,Upper West Side,40.7172124387604,-73.97790175921382,43.6,completed
NYC-03673,2026-09-26 02:47:48.329122,New York,Astoria,40.7122752299953,-74.00072413725344,10.7,completed
NYC-04510,2026-09-26 02:57:50.329122,New York,Central Park,40.719185019382266,-73.9709921836386,70.0,completed
NYC-01390,2026-09-26 03:03:36.329122,New York,Wall Street,40.72596555096811,-74.01206719809483,19.1,completed
NYC-03601,2026-09-26 03:03:45.329122,New York,Upper East Side,40.762796515852344,-73.95572621682471,8.6,completed
NYC-02187,2026-09-26 03:07:21.329122,New York,Midtown,40.784267125418886,-73.98580681381343,10.0,completed
NYC-04456,2026-09-26 03:12:12.329122,New York,Wall Street,40.77612556083437,-73.98578245018223,10.0,completed
NYC-02815,2026-09-26 03:17:16.329122,New York,DUMBO,40.78487896020765,-73.97356487093272,11.4,completed
NYC-01719,2026-09-26 03:17:29.329122,New York,Wall Street,40.72630981146376,-73.9937923190503,6.5,completed
NYC-04089,2026-09-26 03:25:08.329122,New York,Flushing,40.7049496503359,-73.96490572069511,70.0,completed
NYC-02325,2026-09-26 03:26:33.329122,New York,DUMBO,40.80505665626335,-74.0025589782979,10.0,completed
NYC-02749,2026-09-26 03:29:34.329122,New York,Harlem,40.769955017788014,-73.96038653260786,12.1,completed
NYC-00334,2026-09-26 03:50:33.329122,New York,Broadway,40.7050602906224,-73.93300974045576,7.2,completed
NYC-01911,2026-09-26 03:52:17.329122,New York,Empire State Building,40.7964315838011,-73.93199316758485,14.2,completed
NYC-03167,2026-09-26 03:56:15.329122,New York,Williamsburg,40.711593253991865,-73.95830152414936,7.2,completed
NYC-00729,2026-09-26 04:08:03.329122,New York,Harlem,40.71800215371523,-73.9368641743711,10.0,completed
NYC-01373,2026-09-26 04:24:27.329122,New York,Downtown Manhattan,40.75415056420928,-73.93790131858758,23.3,completed
NYC-00078,2026-09-26 04:28:46.329122,New York,Central Park,40.73943123013987,-73.97648517234039,11.74,completed
NYC-04211,2026-09-26 04:34:47.329122,New York,Astoria,40.76441464522599,-73.93522076978046,12.8,completed
NYC-00708,2026-09-26 04:37:22.329122,New York,Wall Street,40.72801047202402,-73.96090935678403,52.7,completed
NYC-04682,2026-09-26 04:46:56.329122,New York,Central Park,40.80362640414375,-73.99182771807686,24.7,completed
NYC-02566,2026-09-26 05:11:01.329122,New York,Empire State Building,40.72556227553617,-73.93721161592826,6.5,completed
NYC-00428,2026-09-26 05:13:38.329122,New York,Williamsburg,40.73860065138073,-73.95868461005209,10.0,completed
NYC-00219,2026-09-26 05:33:46.329122,New York,Queensbridge,40.793414575154365,-74.01473878114868,12.8,completed
NYC-01417,2026-09-26 05:34:43.329122,New York,Upper East Side,40.713432090541104,-73.937612541868,13.5,completed
NYC-04008,2026-09-26 05:45:03.329122,New York,Coney Island,40.77476669385167,-73.97516832932344,7.2,completed
NYC-02229,2026-09-26 05:53:31.329122,New York,JFK Airport,40.73299110226577,-73.98189777753844,61.1,completed
NYC-01314,2026-09-26 06:14:17.329122,New York,Astoria,40.74975501129702,-73.99502294755878,9.3,completed
NYC-01024,2026-09-26 06:25:21.329122,New York,Williamsburg,40.80386931380248,-74.01183512055269,10.0,completed
NYC-01949,2026-09-26 06:25:54.329122,New York,Flushing,40.74774213027913,-74.01818904503322,20.5,completed
NYC-00716,2026-09-26 06:32:28.329122,New York,DUMBO,40.791368134856654,-74.00305277275746,13.5,completed
NYC-02324,2026-09-26 06:42:57.329122,New York,Williamsburg,40.79061694226434,-74.01387907912428,31.7,completed
NYC-00591,2026-09-26 06:46:42.329122,New York,Flushing,40.770496221928354,-73.97272135619944,20.5,completed
NYC-01412,2026-09-26 06:48:27.329122,New York,LaGuardia Airport,40.72967245726687,-73.94290852101851,15.6,completed
NYC-03594,2026-09-26 06:49:47.329122,New York,Coney Island,40.75385869082553,-73.95337182722405,10.7,completed
NYC-00245,2026-09-26 07:23:51.329122,New York,Staten Island Ferry,40.802115041884655,-73.96761368819882,7.9,completed
NYC-00296,2026-09-26 07:35:27.329122,New York,Brooklyn Heights,40.78469929084085,-73.9779051445626,55.5,completed
NYC-02617,2026-09-26 07:50:07.329122,New York,Flushing,40.7297432615023,-73.9530022671568,10.0,completed
NYC-03400,2026-09-26 07:52:50.329122,New York,Brooklyn Heights,40.70739815053641,-73.97508674443863,13.5,completed
NYC-03861,2026-09-26 07:56:12.329122,New York,JFK Airport,40.76730141221136,-73.94646080802977,8.6,completed
NYC-04493,2026-09-26 08:12:19.329122,New York,Downtown Manhattan,40.787586797040206,-74.00387382928372,7.9,completed
NYC-01398,2026-09-26 08:13:03.329122,New York,Central Park,40.76788594852645,-73.98034571973467,11.4,completed
NYC-02703,2026-09-26 08:32:57.329122,New York,DUMBO,40.701864243137855,-73.98802393211027,9.3,completed
NYC-03572,2026-09-26 08:48:18.329122,New York,Times Square,40.792411888628315,-73.99418198125154,7.2,completed
NYC-04966,2026-09-26 08:55:32.329122,New York,Wall Street,40.806399830940734,-73.9556044640841,10.0,completed
NYC-01394,2026-09-26 09:11:48.329122,New York,Upper West Side,40.737070349407446,-73.93084215365451,42.9,completed
NYC-02130,2026-09-26 09:18:24.329122,New York,Staten Island Ferry,40.717845674636074,-73.9945599375513,19.8,completed
NYC-00382,2026-09-26 09:19:21.329122,New York,Staten Island Ferry,40.76918371314579,-73.9965235678634,35.86,completed
NYC-00174,2026-09-26 09:26:06.329122,New York,Coney Island,40.770969006945045,-73.97987570051556,19.8,completed
NYC-03669,2026-09-26 09:26:38.329122,New York,Midtown,40.749394264472315,-73.94703425812926,22.6,completed
NYC-02263,2026-09-26 10:01:08.329122,New York,Upper West Side,40.74877180158171,-74.01996386103771,37.3,completed
NYC-02486,2026-09-26 10:12:03.329122,New York,Central Park,40.753174817957046,-73.98211931241167,12.1,completed
NYC-00383,2026-09-26 10:15:06.329122,New York,DUMBO,40.79652192148798,-74.01918216685439,16.3,completed
NYC-03544,2026-09-26 10:25:47.329122,New York,Staten Island Ferry,40.795112481404395,-73.9841750643389,70.0,completed
NYC-04574,2026-09-26 10:29:21.329122,New York,Broadway,40.783600609945836,-73.9857864872238,9.3,completed
NYC-03037,2026-09-26 10:31:14.329122,New York,Times Square,40.807840561503646,-73.94304015202023,6.5,completed
NYC-01108,2026-09-26 10:38:08.329122,New York,Empire State Building,40.776562267985916,-74.00236178337684,9.3,completed
NYC-00560,2026-09-26 10:48:08.329122,New York,Wall Street,40.777448774490914,-73.98931342237213,3.0,completed
NYC-04626,2026-09-26 10:50:29.329122,New York,Upper East Side,40.736477853401865,-73.96641798497407,17.7,completed
NYC-02939,2026-09-26 11:01:45.329122,New York,Coney Island,40.70466645280276,-73.97721768390872,14.9,completed
NYC-03500,2026-09-26 11:02:12.329122,New York,Upper East Side,40.73151715038199,-73.98179564505911,5.8,completed
NYC-00485,2026-09-26 11:07:06.329122,New York,Astoria,40.79912738115401,-73.9311368374919,14.2,completed
NYC-01231,2026-09-26 11:09:37.329122,New York,LaGuardia Airport,40.725295006648025,-73.93797923654053,11.4,completed
NYC-00721,2026-09-26 11:10:02.329122,New York,Central Park,40.719935637278226,-73.98193508106326,31.7,completed
NYC-04457,2026-09-26 11:13:47.329122,New York,Downtown Manhattan,40.7153986114394,-73.9415855334145,26.1,completed
NYC-03947,2026-09-26 11:28:26.329122,New York,Upper West Side,40.76626943861633,-73.93622730948898,10.7,completed
NYC-01935,2026-09-26 11:33:12.329122,New York,Midtown,40.788548789964885,-73.97723462205796,7.9,completed
NYC-01340,2026-09-26 11:35:26.329122,New York,Brooklyn Heights,40.72834511773624,-73.99772833168902,7.9,completed
NYC-00224,2026-09-26 11:40:23.329122,New York,Flushing,40.72917226044499,-73.98400152835357,7.9,completed
NYC-02198,2026-09-26 11:43:09.329122,New York,Williamsburg,40.76013130422066,-73.93608004194604,70.0,completed
NYC-02152,2026-09-26 11:44:09.329122,New York,DUMBO,40.77832154223639,-73.9333871215191,12.1,completed
NYC-00122,2026-09-26 11:52:36.329122,New York,Coney Island,40.73498038224691,-74.01493981346341,19.1,completed
NYC-00623,2026-09-26 11:55:49.329122,New York,Wall Street,40.753297528371014,-73.95159685883772,30.3,completed
NYC-04228,2026-09-26 11:59:49.329122,New York,Upper East Side,40.75127997502403,-73.98544459951633,12.1,completed
NYC-01388,2026-09-26 12:07:04.329122,New York,Upper West Side,40.80668031495864,-73.99482097622017,21.2,completed
NYC-00652,2026-09-26 12:12:30.329122,New York,JFK Airport,40.7645525229823,-74.00147062106394,9.3,completed
NYC-00678,2026-09-26 12:16:37.329122,New York,DUMBO,40.806641747660294,-73.95590018153406,10.0,completed
NYC-00019,2026-09-26 12:18:03.329122,New York,Central Park,40.73203520542179,-73.94278585774025,41.5,completed
NYC-03629,2026-09-26 12:29:55.329122,New York,Upper West Side,40.769006182859975,-73.95819198517464,10.0,completed
NYC-03328,2026-09-26 12:40:01.329122,New York,Midtown,40.71543569700129,-73.94221924579647,7.2,completed
NYC-01084,2026-09-26 12:46:01.329122,New York,Upper East Side,40.80392052245206,-73.99808796603399,5.8,completed
NYC-01970,2026-09-26 12:52:11.329122,New York,DUMBO,40.70266109402805,-74.00209631981845,12.8,completed
NYC-03439,2026-09-26 13:00:49.329122,New York,Times Square,40.802205347201706,-73.98274665477527,31.7,completed
NYC-01401,2026-09-26 13:10:58.329122,New York,Upper West Side,40.71843811379172,-73.94058029277872,16.3,completed
NYC-04268,2026-09-26 13:28:11.329122,New York,Brooklyn Heights,40.789509567809446,-74.00685847849671,21.9,completed
NYC-04368,2026-09-26 13:34:36.329122,New York,Coney Island,40.71797034342383,-73.9487782548713,11.4,completed
NYC-00043,2026-09-26 13:40:25.329122,New York,Central Park,40.80002524422867,-73.95999829132968,9.3,completed
NYC-03617,2026-09-26 13:40:28.329122,New York,Upper East Side,40.79296329366456,-74.01120634521519,49.2,completed
NYC-02796,2026-09-26 13:41:17.329122,New York,Harlem,40.70803897182297,-73.93568319129182,11.4,completed
NYC-02498,2026-09-26 13:54:20.329122,New York,Midtown,40.80788132779418,-74.00084349225655,7.9,completed
NYC-04714,2026-09-26 13:55:35.329122,New York,Empire State Building,40.75641622165358,-73.9767357349164,10.7,completed
NYC-04093,2026-09-26 14:03:35.329122,New York,Times Square,40.802174550483016,-73.95680521042165,15.6,completed
NYC-02142,2026-09-26 14:08:29.329122,New York,Empire State Building,40.778126707848564,-73.95027943565364,51.5,completed
NYC-01295,2026-09-26 14:17:30.329122,New York,Queensbridge,40.72201652686693,-73.94068743864864,14.2,completed
NYC-02531,2026-09-26 14:28:46.329122,New York,Midtown,40.7911316229394,-74.00926554951641,19.1,completed
NYC-03830,2026-09-26 14:30:53.329122,New York,Midtown,40.74190904010353,-73.98912603947863,10.7,completed
NYC-02494,2026-09-26 14:44:02.329122,New York,Wall Street,40.75624030084209,-73.94249978319448,10.7,completed
NYC-03812,2026-09-26 14:50:19.329122,New York,Upper West Side,40.72491737886397,-73.94388296095069,17.0,completed
NYC-03787,2026-09-26 14:52:57.329122,New York,Queensbridge,40.75103798679836,-73.95409858773169,23.3,completed
NYC-03245,2026-09-26 14:54:09.329122,New York,Broadway,40.7188863298476,-73.95975291421718,13.5,completed
NYC-01671,2026-09-26 15:02:48.329122,New York,Wall Street,40.79657717524896,-73.94730678678604,7.2,completed
NYC-00149,2026-09-26 15:04:42.329122,New York,Flushing,40.73065111106603,-74.00818408251956,14.9,completed
NYC-04751,2026-09-26 15:29:37.329122,New York,DUMBO,40.74886017475662,-74.01041664130437,19.1,completed
NYC-02055,2026-09-26 15:29:41.329122,New York,Central Park,40.773592457106204,-74.00922278903495,13.5,completed
NYC-03983,2026-09-26 15:54:13.329122,New York,JFK Airport,40.72486869781117,-73.97019150692917,10.7,completed
NYC-00342,2026-09-26 15:59:18.329122,New York,Wall Street,40.719052205690105,-74.01178068390998,42.9,completed
NYC-01923,2026-09-26 16:07:09.329122,New York,Downtown Manhattan,40.73910423114855,-73.96907002554084,42.2,completed
NYC-04631,2026-09-26 16:10:32.329122,New York,Upper East Side,40.73432704491172,-73.95741811743413,15.6,completed
NYC-01574,2026-09-26 16:53:11.329122,New York,DUMBO,40.723841378009986,-74.01299089098178,7.9,completed
NYC-04653,2026-09-26 17:09:44.329122,New York,Astoria,40.793400782195455,-73.9997601897797,7.9,completed
NYC-01452,2026-09-26 17:32:03.329122,New York,Upper East Side,40.795579548292665,-73.98126911436799,12.54,completed
NYC-02678,2026-09-26 17:35:28.329122,New York,Staten Island Ferry,40.712266343355346,-74.01337929812058,9.3,completed
NYC-04361,2026-09-26 17:39:31.329122,New York,Central Park,40.76647952516863,-73.94527748264969,8.6,completed
NYC-04522,2026-09-26 17:40:50.329122,New York,Queensbridge,40.797972430100806,-73.93548021715209,15.6,completed
NYC-02503,2026-09-26 17:47:40.329122,New York,Harlem,40.805165185797314,-74.00831953308496,41.5,completed
NYC-04475,2026-09-26 17:57:13.329122,New York,Queensbridge,40.753218279384676,-73.94663377912272,11.4,completed
NYC-01906,2026-09-26 18:23:10.329122,New York,Flushing,40.80538808281313,-73.99921186205248,70.2,completed
NYC-02983,2026-09-26 18:32:33.329122,New York,LaGuardia Airport,40.789884095621716,-74.00022495249006,5.1,completed
NYC-02006,2026-09-26 18:33:38.329122,New York,Upper East Side,40.74947138266956,-73.97198010098018,11.4,completed
NYC-01701,2026-09-26 18:50:22.329122,New York,JFK Airport,40.74757476661632,-73.95291420347726,28.2,completed
NYC-00930,2026-09-26 19:03:44.329122,New York,Downtown Manhattan,40.71532916814802,-74.01292359601092,5.8,completed
NYC-04064,2026-09-26 19:13:10.329122,New York,Williamsburg,40.795211862148946,-73.97460573661311,19.1,completed
NYC-03187,2026-09-26 19:24:16.329122,New York,Upper East Side,40.73891680746101,-73.9357486985614,13.5,completed
NYC-01399,2026-09-26 19:28:49.329122,New York,Harlem,40.7777454938574,-73.94287448831176,10.7,completed
NYC-00144,2026-09-26 19:28:51.329122,New York,Upper West Side,40.73133245438152,-73.98342251170834,15.6,completed
NYC-01538,2026-09-26 19:37:00.329122,New York,Harlem,40.719958218246525,-73.97860522438354,7.2,completed
NYC-00576,2026-09-26 19:37:54.329122,New York,Coney Island,40.716178082902196,-73.96148315501989,5.8,completed
NYC-00756,2026-09-26 19:40:13.329122,New York,Downtown Manhattan,40.76820800315214,-73.96324282345152,19.1,completed
NYC-03783,2026-09-26 19:42:12.329122,New York,Times Square,40.79092061816106,-73.9607030136196,5.1,completed
NYC-02581,2026-09-26 19:42:52.329122,New York,Brooklyn Heights,40.7977524988292,-73.98450929682843,70.0,completed
NYC-04498,2026-09-26 19:48:24.329122,New York,Brooklyn Heights,40.7287466319674,-73.93395822605622,14.9,completed
NYC-01530,2026-09-26 19:55:26.329122,New York,Downtown Manhattan,40.73424384690716,-73.970084155791,5.8,completed
NYC-00513,2026-09-26 20:06:40.329122,New York,Staten Island Ferry,40.79526702784505,-73.95631414728335,7.2,completed
NYC-00805,2026-09-26 20:25:01.329122,New York,Times Square,40.78100886591872,-74.01204427295679,70.0,completed
NYC-00037,2026-09-26 20:40:23.329122,New York,DUMBO,40.71074393254071,-73.93271630218297,37.3,completed
NYC-03335,2026-09-26 20:47:41.329122,New York,Queensbridge,40.78249755782973,-73.97837888646414,19.1,completed
NYC-00543,2026-09-26 20:50:08.329122,New York,Downtown Manhattan,40.77388707528465,-73.9454632717609,10.7,completed
NYC-03237,2026-09-26 20:52:04.329122,New York,Downtown Manhattan,40.805584908298485,-73.94865669347973,8.6,completed
NYC-03704,2026-09-26 21:03:46.329122,New York,Wall Street,40.80418776091903,-73.99636297488705,12.8,completed
NYC-01848,2026-09-26 21:27:58.329122,New York,Staten Island Ferry,40.797561739023024,-73.96608900602078,12.8,completed
NYC-04730,2026-09-26 21:41:43.329122,New York,Upper East Side,40.7132399933831,-74.00754592937122,18.4,completed
NYC-04095,2026-09-26 21:42:25.329122,New York,Queensbridge,40.751187062733344,-73.94151045426281,11.4,completed
NYC-02586,2026-09-26 21:43:58.329122,New York,Upper West Side,40.70789533868492,-73.98242965444932,7.2,completed
NYC-04560,2026-09-26 22:05:41.329122,New York,Upper West Side,40.77921732070241,-73.94504988360791,12.8,completed
NYC-02299,2026-09-26 22:20:15.329122,New York,Williamsburg,40.737274671427265,-73.96245522206914,8.6,completed
NYC-03420,2026-09-26 22:30:31.329122,New York,Midtown,40.78407887250801,-73.96853541059356,10.7,completed
NYC-04659,2026-09-26 22:33:30.329122,New York,Downtown Manhattan,40.779242239844514,-73.94644666579113,24.7,completed
NYC-04534,2026-09-26 23:03:01.329122,New York,DUMBO,40.761064716542855,-73.98234549960581,15.6,completed
NYC-04979,2026-09-26 23:06:54.329122,New York,Upper East Side,40.704319155681354,-73.96291726118936,16.3,completed
NYC-04581,2026-09-26 23:13:56.329122,New York,Central Park,40.73337240979921,-73.97071492142715,68.65,completed
NYC-00682,2026-09-26 23:14:35.329122,New York,Queensbridge,40.71879763461291,-73.93766485450028,14.9,completed
NYC-04541,2026-09-26 23:16:18.329122,New York,Central Park,40.75698852478444,-73.98886454339231,17.7,completed
NYC-03985,2026-09-26 23:16:47.329122,New York,Midtown,40.802343826218625,-73.95731435348708,10.0,completed
NYC-02125,2026-09-26 23:52:35.329122,New York,Astoria,40.7734711998684,-73.97662045740404,6.5,completed
NYC-03666,2026-09-26 23:55:44.329122,New York,Empire State Building,40.79230984344783,-73.95636719476094,14.2,completed
NYC-03680,2026-09-27 00:08:04.329122,New York,Central Park,40.78258466141322,-74.0191682570435,8.6,completed
NYC-03914,2026-09-27 00:20:54.329122,New York,Empire State Building,40.80623219308018,-74.01245762568144,17.7,completed
NYC-02758,2026-09-27 00:33:09.329122,New York,Times Square,40.77784934852943,-73.93973618097341,8.6,completed
NYC-04124,2026-09-27 00:42:46.329122,New York,JFK Airport,40.787141031428185,-73.98463443115078,15.6,completed
NYC-04276,2026-09-27 00:46:02.329122,New York,Wall Street,40.7441607956998,-73.99387446904167,9.3,completed
NYC-03711,2026-09-27 01:13:39.329122,New York,Queensbridge,40.77876549705664,-73.99394519213922,14.2,completed
NYC-04899,2026-09-27 01:43:34.329122,New York,Brooklyn Heights,40.8001908891155,-74.01625636393692,41.5,completed
NYC-03844,2026-09-27 01:46:48.329122,New York,Broadway,40.71773406931727,-74.01828609316532,9.3,completed
NYC-02254,2026-09-27 02:00:42.329122,New York,Downtown Manhattan,40.79668767903105,-73.99114035207371,7.9,completed
NYC-01767,2026-09-27 02:03:32.329122,New York,Queensbridge,40.75236199423057,-73.99909393113131,10.7,completed
NYC-03553,2026-09-27 02:14:32.329122,New York,Downtown Manhattan,40.755605963642886,-73.98281249690775,12.1,completed
NYC-00650,2026-09-27 02:19:29.329122,New York,Astoria,40.70956123168962,-73.95324842839074,11.4,completed
NYC-00801,2026-09-27 02:19:49.329122,New York,Harlem,40.716779294720574,-74.01098605022439,18.89,completed
NYC-02297,2026-09-27 02:20:32.329122,New York,Broadway,40.704039349875096,-73.97612789480824,41.5,completed
NYC-00718,2026-09-27 02:28:14.329122,New York,Harlem,40.713672694583416,-74.01162843316635,8.6,completed
NYC-03683,2026-09-27 02:55:13.329122,New York,Astoria,40.72606266573973,-73.96544050220014,17.7,completed
NYC-02228,2026-09-27 02:57:14.329122,New York,LaGuardia Airport,40.73269615884795,-73.93473148017462,12.8,completed
NYC-01436,2026-09-27 03:03:28.329122,New York,Astoria,40.73387229357503,-73.9702566498959,14.9,completed
NYC-04545,2026-09-27 03:06:31.329122,New York,Midtown,40.78930527364115,-74.01033749933944,12.1,completed
NYC-01242,2026-09-27 03:13:41.329122,New York,Wall Street,40.78480140291085,-73.97102865982332,19.8,completed
NYC-01504,2026-09-27 03:22:21.329122,New York,Astoria,40.741821518066445,-74.01237104610162,21.9,completed
NYC-01489,2026-09-27 03:32:00.329122,New York,Midtown,40.74935629848848,-73.95567735198941,118.0,completed
NYC-00952,2026-09-27 03:35:11.329122,New York,Times Square,40.71929084064858,-73.94889250750258,15.39,completed
NYC-01796,2026-09-27 03:42:43.329122,New York,Wall Street,40.778795572686896,-73.9334549701971,11.22,completed
NYC-04919,2026-09-27 04:09:30.329122,New York,Empire State Building,40.73727058306651,-73.98094582753318,11.4,completed
NYC-00437,2026-09-27 04:18:50.329122,New York,Flushing,40.79040460652194,-73.94425401932115,20.5,completed
NYC-04674,2026-09-27 04:28:28.329122,New York,Harlem,40.744855583784684,-73.98416654558294,21.99,completed
NYC-00874,2026-09-27 04:38:41.329122,New York,Harlem,40.702792499122644,-73.98259349961738,70.0,completed
NYC-04523,2026-09-27 04:40:58.329122,New York,Broadway,40.76566397457545,-73.95954296435703,14.9,completed
NYC-03809,2026-09-27 04:43:55.329122,New York,Flushing,40.70580417836456,-74.0089379935712,106.0,completed
NYC-01068,2026-09-27 04:56:43.329122,New York,Flushing,40.73900843734049,-74.01038611063323,11.4,completed
NYC-04330,2026-09-27 05:03:17.329122,New York,Downtown Manhattan,40.73083682278066,-73.95738901031062,3.7,completed
NYC-00669,2026-09-27 05:28:14.329122,New York,Broadway,40.731360468556325,-73.95272314269282,24.0,completed
NYC-00807,2026-09-27 05:37:40.329122,New York,Queensbridge,40.801812536419746,-73.93167549991828,14.2,completed
NYC-03407,2026-09-27 05:39:10.329122,New York,Wall Street,40.80973911271424,-73.99826443958295,10.0,completed
NYC-02980,2026-09-27 06:15:36.329122,New York,Flushing,40.748142746096306,-74.00196941610132,14.9,completed
NYC-01815,2026-09-27 06:22:31.329122,New York,DUMBO,40.80646460383296,-74.00822069753018,10.7,completed
NYC-01048,2026-09-27 06:23:38.329122,New York,Brooklyn Heights,40.79571087612911,-73.94668374495767,24.7,completed
NYC-00603,2026-09-27 06:28:22.329122,New York,Astoria,40.709757278713276,-73.96100410253385,14.9,completed
NYC-03311,2026-09-27 06:34:47.329122,New York,Central Park,40.77224024331938,-73.99563928546313,23.36,completed
NYC-03797,2026-09-27 06:38:33.329122,New York,Broadway,40.71135915097626,-73.9743906963354,8.6,completed
NYC-04116,2026-09-27 06:55:58.329122,New York,Upper East Side,40.80089948732355,-73.965747322096,9.3,completed
NYC-02554,2026-09-27 07:06:11.329122,New York,Harlem,40.70795481227837,-73.96324701724224,16.3,completed
NYC-03586,2026-09-27 07:28:14.329122,New York,Wall Street,40.74993889023197,-73.94137822248163,11.4,completed
NYC-01978,2026-09-27 07:39:43.329122,New York,Coney Island,40.79600032755331,-73.95058812333701,6.5,completed
NYC-01076,2026-09-27 08:00:43.329122,New York,Astoria,40.74227593118757,-73.99091693044485,11.4,completed
NYC-01258,2026-09-27 08:44:43.329122,New York,DUMBO,40.707062983078266,-73.94473378182079,28.9,completed
NYC-01238,2026-09-27 08:47:30.329122,New York,Astoria,40.80650127707062,-73.94198606628804,14.9,completed
NYC-00810,2026-09-27 08:51:04.329122,New York,Coney Island,40.80833253188586,-74.00501153378525,28.2,completed
NYC-03042,2026-09-27 08:56:52.329122,New York,Empire State Building,40.712463385520024,-74.01631195999751,13.5,completed
NYC-03570,2026-09-27 09:28:25.329122,New York,Queensbridge,40.73452630463947,-73.98461466088922,5.1,completed
NYC-00389,2026-09-27 09:33:01.329122,New York,Times Square,40.7887518213194,-73.94229115799897,27.5,completed
NYC-04937,2026-09-27 09:35:49.329122,New York,Times Square,40.76258510316101,-73.95905852602836,5.8,completed
NYC-03885,2026-09-27 09:37:35.329122,New York,Central Park,40.80277345255843,-73.95792686186243,25.4,completed
NYC-02272,2026-09-27 09:39:11.329122,New York,DUMBO,40.75364337754834,-73.9622578286881,9.3,completed
NYC-04431,2026-09-27 09:45:22.329122,New York,Astoria,40.760162176358406,-74.00300168319134,13.5,completed
NYC-03061,2026-09-27 09:47:13.329122,New York,Astoria,40.710127368469074,-73.99685933464012,6.5,completed
NYC-02947,2026-09-27 09:54:23.329122,New York,Staten Island Ferry,40.75597796111502,-73.95440165414603,12.8,completed
NYC-00152,2026-09-27 10:09:51.329122,New York,Queensbridge,40.715938435930035,-73.93820561520549,14.2,completed
NYC-02144,2026-09-27 10:13:01.329122,New York,Williamsburg,40.751828468882614,-73.9359766170669,52.5,completed
NYC-01965,2026-09-27 10:20:25.329122,New York,LaGuardia Airport,40.764654629694846,-74.00861821791368,3.0,completed
NYC-03768,2026-09-27 10:21:44.329122,New York,Williamsburg,40.71808460819868,-73.98412966982703,13.5,completed
NYC-04154,2026-09-27 10:35:44.329122,New York,Upper East Side,40.72799294647801,-74.00478064896214,12.1,completed
NYC-04349,2026-09-27 10:38:16.329122,New York,Astoria,40.76946046718413,-73.9429343384758,5.8,completed
NYC-02333,2026-09-27 10:59:00.329122,New York,Wall Street,40.77552489048419,-73.9733356322552,19.1,completed
NYC-00200,2026-09-27 10:59:11.329122,New York,Staten Island Ferry,40.770623481076974,-73.99259586180814,24.0,completed
NYC-02047,2026-09-27 11:11:27.329122,New York,DUMBO,40.777861860695275,-74.0181693026306,5.1,completed
NYC-02443,2026-09-27 11:20:23.329122,New York,Upper East Side,40.791701495813136,-73.96197189460689,5.8,completed
NYC-00765,2026-09-27 11:22:52.329122,New York,Upper West Side,40.76268786533585,-73.95363117027156,6.5,completed
NYC-01109,2026-09-27 11:23:24.329122,New York,JFK Airport,40.716928549697386,-73.93506102560093,14.9,completed
NYC-00025,2026-09-27 11:30:46.329122,New York,Wall Street,40.78636935575324,-73.9725170824055,14.2,completed
NYC-00881,2026-09-27 11:44:53.329122,New York,Flushing,40.77390820179586,-73.96358776329417,9.3,completed
NYC-01931,2026-09-27 11:48:42.329122,New York,Astoria,40.76176330467555,-74.01158318887619,42.9,completed
NYC-01170,2026-09-27 12:02:07.329122,New York,Upper East Side,40.76786196102133,-74.01524566954822,24.0,completed
NYC-00000,2026-09-27 12:18:27.329122,New York,LaGuardia Airport,40.74119941307321,-73.98457280317503,70.0,completed
NYC-04543,2026-09-27 12:19:35.329122,New York,Flushing,40.731161284384186,-73.97778456938009,30.3,completed
NYC-02860,2026-09-27 12:26:58.329122,New York,Midtown,40.79534473899566,-74.0150200851553,6.5,completed
NYC-00741,2026-09-27 12:42:08.329122,New York,Broadway,40.73315156615806,-73.96874524673333,14.9,completed
NYC-00806,2026-09-27 12:46:06.329122,New York,Coney Island,40.80278037162459,-73.9891997027699,5.8,completed
NYC-00702,2026-09-27 12:46:52.329122,New York,JFK Airport,40.737026470601336,-73.96918653268388,11.4,completed
NYC-00184,2026-09-27 13:01:21.329122,New York,Williamsburg,40.72837357904867,-73.95237190142218,10.0,completed
NYC-02731,2026-09-27 13:07:43.329122,New York,Midtown,40.75211908112378,-74.00729864935306,10.7,completed
NYC-00118,2026-09-27 13:11:12.329122,New York,Flushing,40.7981814898339,-73.95180010956624,10.0,completed
NYC-04123,2026-09-27 13:14:52.329122,New York,Brooklyn Heights,40.79902905223223,-73.93944399493574,9.3,completed
NYC-02267,2026-09-27 13:18:04.329122,New York,Williamsburg,40.77728971503941,-73.98523872442308,25.4,completed
NYC-04104,2026-09-27 14:12:35.329122,New York,JFK Airport,40.73255252323803,-74.00781230351639,46.4,completed
NYC-01998,2026-09-27 14:14:30.329122,New York,Times Square,40.706276019326644,-73.98889418479892,24.0,completed
NYC-04544,2026-09-27 14:22:08.329122,New York,Midtown,40.74403441197903,-73.98992772293114,48.5,completed
NYC-02691,2026-09-27 14:23:46.329122,New York,Queensbridge,40.76546448423963,-73.94070053664791,5.1,completed
NYC-03514,2026-09-27 14:36:55.329122,New York,Central Park,40.79378021633706,-73.99126148079807,90.9,completed
NYC-00981,2026-09-27 14:47:26.329122,New York,Harlem,40.78480034241204,-74.0184727783616,12.8,completed
NYC-04793,2026-09-27 14:47:30.329122,New York,Queensbridge,40.732741530532515,-73.99619083423966,41.5,completed
NYC-00314,2026-09-27 14:51:35.329122,New York,Queensbridge,40.791957813256346,-73.97419368636201,37.34,completed
NYC-00308,2026-09-27 14:59:59.329122,New York,LaGuardia Airport,40.78747048142456,-73.94013179181667,28.2,completed
NYC-00481,2026-09-27 15:19:27.329122,New York,Midtown,40.77653235578831,-73.99354749155455,11.4,completed
NYC-03528,2026-09-27 16:01:49.329122,New York,Downtown Manhattan,40.806453761179654,-73.95879585492632,7.9,completed
NYC-01835,2026-09-27 16:01:54.329122,New York,Williamsburg,40.772212646806466,-74.00591237079259,26.8,completed
NYC-04620,2026-09-27 16:04:28.329122,New York,Downtown Manhattan,40.79429540311068,-73.98020594756984,21.9,completed
NYC-00369,2026-09-27 16:06:41.329122,New York,Flushing,40.70762974309627,-74.00465837395765,70.0,completed
NYC-00735,2026-09-27 16:36:17.329122,New York,Staten Island Ferry,40.796492059489445,-73.95855959627835,17.0,completed
NYC-01915,2026-09-27 16:40:02.329122,New York,DUMBO,40.7794278032023,-74.0044518413547,24.0,completed
NYC-03788,2026-09-27 16:55:45.329122,New York,Coney Island,40.713058000506,-74.01210043772889,12.8,completed
NYC-01518,2026-09-27 17:15:46.329122,New York,Williamsburg,40.7267830526234,-73.93173149430501,14.9,completed
NYC-03619,2026-09-27 17:32:44.329122,New York,Williamsburg,40.71926354541434,-74.00550099790692,12.1,completed
NYC-04135,2026-09-27 17:40:30.329122,New York,Central Park,40.701786778753046,-73.97029999478436,12.1,completed
NYC-00128,2026-09-27 17:42:40.329122,New York,Upper West Side,40.70076473435844,-73.9891052059842,77.2,completed
NYC-04406,2026-09-27 17:46:12.329122,New York,JFK Airport,40.80438787337517,-73.99909539716886,3.0,completed
NYC-00903,2026-09-27 18:01:14.329122,New York,Williamsburg,40.76413457170667,-73.98617609028929,9.3,completed
NYC-01083,2026-09-27 18:22:07.329122,New York,Flushing,40.79670301383184,-73.9967595868066,17.0,completed
NYC-04728,2026-09-27 18:39:18.329122,New York,Brooklyn Heights,40.78165214546357,-74.00324514678285,11.4,completed
NYC-03585,2026-09-27 18:42:00.329122,New York,Flushing,40.73610564162462,-73.97767083568566,13.5,completed
NYC-00885,2026-09-27 18:42:43.329122,New York,LaGuardia Airport,40.71963991282598,-73.97627029544293,6.5,completed
NYC-00065,2026-09-27 19:02:49.329122,New York,Central Park,40.75969656914741,-74.01669583508652,6.5,completed
NYC-02844,2026-09-27 19:04:27.329122,New York,Williamsburg,40.76348348446422,-73.94613377432658,18.4,completed
NYC-03938,2026-09-27 19:13:17.329122,New York,JFK Airport,40.7188030042663,-73.98496602428719,29.6,completed
NYC-03032,2026-09-27 19:16:44.329122,New York,Wall Street,40.78260337781997,-73.9978931583356,27.5,completed
NYC-03396,2026-09-27 19:33:07.329122,New York,Empire State Building,40.790795723053634,-73.96692438675312,7.2,completed
NYC-04007,2026-09-27 19:39:59.329122,New York,Upper West Side,40.744930113954936,-73.96795931924474,7.2,completed
NYC-00581,2026-09-27 19:43:58.329122,New York,Astoria,40.807803583281405,-73.98739358589998,70.0,completed
NYC-00499,2026-09-27 19:59:56.329122,New York,Upper East Side,40.80848318189276,-73.96314498235061,21.2,completed
NYC-04521,2026-09-27 20:00:10.329122,New York,Queensbridge,40.76348287906267,-73.96506455200203,6.5,completed
NYC-03164,2026-09-27 20:00:15.329122,New York,Coney Island,40.706179368508224,-73.98613193647405,10.0,completed
NYC-02417,2026-09-27 20:01:37.329122,New York,DUMBO,40.70428956138324,-74.00363723808998,10.0,completed
NYC-04736,2026-09-27 20:06:53.329122,New York,DUMBO,40.75636321028053,-73.95822700540792,9.3,completed
NYC-01966,2026-09-27 20:07:19.329122,New York,DUMBO,40.7202923878447,-73.94417009486814,7.2,completed
NYC-00213,2026-09-27 20:16:50.329122,New York,Queensbridge,40.724669624040665,-73.9519426989304,13.5,completed
NYC-00850,2026-09-27 20:31:52.329122,New York,DUMBO,40.70737841251273,-74.00537400412323,6.5,completed
NYC-00197,2026-09-27 20:43:04.329122,New York,LaGuardia Airport,40.798682128594784,-74.01425848993718,8.6,completed
NYC-04809,2026-09-27 20:47:38.329122,New York,Broadway,40.79456098798879,-73.97197692429006,11.4,completed
NYC-00924,2026-09-27 20:49:48.329122,New York,JFK Airport,40.746773485491616,-73.9979090983715,6.5,completed
NYC-00044,2026-09-27 21:00:12.329122,New York,Upper East Side,40.72846579797601,-73.96389583906361,25.4,completed
NYC-02312,2026-09-27 21:03:28.329122,New York,Astoria,40.754290123837414,-73.99270470765411,41.5,completed
NYC-00730,2026-09-27 21:03:33.329122,New York,Astoria,40.71806923777241,-73.94606758725014,70.0,completed
NYC-02563,2026-09-27 21:13:53.329122,New York,DUMBO,40.70801920189047,-73.95514453384027,12.8,completed
NYC-00356,2026-09-27 21:22:49.329122,New York,Coney Island,40.70291624415958,-74.00477542955419,21.2,completed
NYC-02738,2026-09-27 21:27:17.329122,New York,Broadway,40.80590451852785,-73.96012544473868,10.0,completed
NYC-03569,2026-09-27 21:36:43.329122,New York,Staten Island Ferry,40.7948423271024,-73.99530286315279,5.8,completed
NYC-04112,2026-09-27 21:43:15.329122,New York,Wall Street,40.707633349449466,-73.97139737269654,39.4,completed
NYC-03395,2026-09-27 21:52:33.329122,New York,Flushing,40.809577344084865,-73.95663060753056,47.8,completed
NYC-01745,2026-09-27 21:53:01.329122,New York,Williamsburg,40.75294785667989,-73.9304892168984,18.4,completed
NYC-03523,2026-09-27 22:01:08.329122,New York,Times Square,40.71110759174996,-73.98162345491572,5.1,completed
NYC-04041,2026-09-27 22:04:16.329122,New York,Staten Island Ferry,40.731838347378144,-73.9915336886147,10.0,completed
NYC-04220,2026-09-27 22:15:13.329122,New York,Brooklyn Heights,40.73385479958225,-74.01162726627332,17.7,completed
NYC-04225,2026-09-27 22:16:30.329122,New York,Midtown,40.7803243889533,-73.93653702314846,12.8,completed
NYC-00624,2026-09-27 22:18:51.329122,New York,Queensbridge,40.76800802486834,-74.01561103130682,70.0,completed
NYC-01715,2026-09-27 22:19:34.329122,New York,Queensbridge,40.80943529488868,-73.98264035408306,70.0,completed
NYC-01275,2026-09-27 22:35:40.329122,New York,Williamsburg,40.711542319626005,-73.96125446886005,24.7,completed
NYC-03219,2026-09-27 22:38:21.329122,New York,Queensbridge,40.78056411539642,-73.95399383355986,8.6,completed
NYC-01896,2026-09-27 22:40:20.329122,New York,DUMBO,40.767758399528624,-73.94739629730294,56.2,completed
NYC-04037,2026-09-27 22:40:28.329122,New York,Upper West Side,40.78731999142989,-73.94384927330005,9.3,completed
NYC-04943,2026-09-27 22:48:05.329122,New York,Upper West Side,40.73995808868434,-73.96047956975474,18.4,completed
NYC-03973,2026-09-27 22:50:38.329122,New York,Queensbridge,40.778038275109736,-74.01283193838687,21.9,completed
NYC-01205,2026-09-27 22:55:42.329122,New York,Williamsburg,40.78474481595886,-73.93469290894717,7.2,completed
NYC-01191,2026-09-27 23:05:58.329122,New York,Downtown Manhattan,40.76403875061939,-73.96214740680225,15.6,completed
NYC-00686,2026-09-27 23:16:34.329122,New York,Staten Island Ferry,40.76287739584169,-73.97494424208995,66.0,completed
NYC-03325,2026-09-27 23:27:09.329122,New York,DUMBO,40.782692169163546,-73.94572224378193,12.8,completed
NYC-03255,2026-09-27 23:27:11.329122,New York,Brooklyn Heights,40.71571261612958,-73.94261309586985,11.4,completed
NYC-00275,2026-09-27 23:33:21.329122,New York,Times Square,40.755166792415594,-73.99952665566758,27.5,completed
