trip_id,request_time,city,zone,pickup_lat,pickup_lon,fare_amount,status
T03357,2023-12-31 11:00:00,San Francisco,Downtown,37.85124670211279,-122.41556686583318,13.160909204957342,completed
T03679,2023-12-31 16:00:00,New York,Downtown,40.666517870737394,-74.01279071550142,11.473541058889982,completed
T00408,2023-12-31 18:00:00,New York,Downtown,40.73275930297532,-74.01682269153461,73.48255360567683,completed
T04211,2023-12-31 19:00:00,London,Suburbs,51.530196139949346,-0.09416522464999491,8.363205618699777,completed
T00130,2023-12-31 21:00:00,San Francisco,Downtown,37.77168031089245,-122.35282567384255,10.93479287918301,completed
T01979,2023-12-31 22:00:00,San Francisco,Downtown,37.78325023871138,-122.39166334046728,19.137343504895714,completed
T02943,2023-12-31 23:00:00,New York,Downtown,40.67754519716572,-74.07959147792526,11.940096054039438,completed
T02874,2024-01-01 00:00:00,New York,Downtown,40.67389206419188,-73.96361692564396,22.601999563372267,completed
T02706,2024-01-01 00:00:00,New York,Downtown,40.65910684110821,-74.01140511826722,10.787917736966183,completed
T00735,2024-01-01 00:00:00,New York,Suburbs,40.777802220124066,-73.97830823358484,22.291915797112427,completed
T00195,2024-01-01 00:00:00,New York,Downtown,40.641925287762135,-73.96989226168115,15.22424878586454,completed
T00068,2024-01-01 01:00:00,New York,Downtown,40.73463021892868,-74.07314210462255,28.699217003879554,completed
T04531,2024-01-01 02:00:00,San Francisco,Downtown,37.65966866662123,-122.35948773322919,29.36954108656281,completed
T00914,2024-01-01 02:00:00,San Francisco,Airport,37.752321966782105,-122.48824666851446,46.78672414333738,completed
T03324,2024-01-01 02:00:00,San Francisco,Airport,37.76559206478673,-122.43181280474128,53.80215581106078,completed
T00803,2024-01-01 03:00:00,San Francisco,Downtown,37.727804523606736,-122.460444204615,10.270400724577087,completed
T03445,2024-01-01 03:00:00,New York,Downtown,40.722661336542714,-74.14349124364581,39.76018273466885,completed
T03926,2024-01-01 03:00:00,New York,Downtown,40.67834386422687,-74.0701721532847,27.453311528110476,completed
T04273,2024-01-01 03:00:00,New York,Suburbs,40.69599998589525,-73.93987330218103,20.27131747181648,completed
T04175,2024-01-01 03:00:00,San Francisco,Downtown,37.76422388707549,-122.38660362878942,26.943704232325885,completed
T00096,2024-01-01 03:00:00,San Francisco,Airport,37.78268918913283,-122.43793097988508,8.467526938780962,completed
T03684,2024-01-01 03:00:00,New York,Downtown,40.73483006087914,-73.95464287273457,32.71972060595655,completed
T00473,2024-01-01 03:00:00,New York,Suburbs,40.646216465860455,-73.93587561029462,29.276267237864072,completed
T04035,2024-01-01 04:00:00,New York,Downtown,40.71115528367761,-73.94002599921505,13.831321188998784,completed
T04630,2024-01-01 04:00:00,San Francisco,Suburbs,37.84798710605408,-122.40943565449392,27.295644205943685,cancelled
T03776,2024-01-01 05:00:00,San Francisco,Downtown,37.75458406632821,-122.45773611706336,7.226962608269755,completed
T04279,2024-01-01 05:00:00,New York,Downtown,40.77516710673323,-74.0839025695221,30.876152019047495,completed
T03541,2024-01-01 05:00:00,San Francisco,Suburbs,37.803017156683424,-122.42167769628826,7.549028627000021,completed
T04177,2024-01-01 05:00:00,New York,Downtown,40.7645900415585,-74.03133930152322,21.682484568178545,cancelled
T03513,2024-01-01 05:00:00,San Francisco,Suburbs,37.79911105795095,-122.42701149102443,17.827960071887315,completed
T01580,2024-01-01 05:00:00,New York,Downtown,40.72245190373375,-73.97330774186274,19.980293139597535,completed
T02982,2024-01-01 05:00:00,New York,Suburbs,40.74132238870765,-74.03405715831094,22.956799830294294,completed
T03432,2024-01-01 05:00:00,New York,Downtown,40.74279377103,-73.9443488884829,10.518131174612027,completed
T02842,2024-01-01 05:00:00,London,Airport,51.48916110704482,-0.0870490889664721,20.909823730953867,completed
T04206,2024-01-01 05:00:00,New York,Suburbs,40.78355945894005,-74.04465335313547,19.478877844451276,completed
T03305,2024-01-01 06:00:00,London,Airport,51.57587550712041,-0.08787808175702294,23.61406271433878,completed
T00976,2024-01-01 06:00:00,San Francisco,Downtown,37.81313151806599,-122.39589185056134,58.52981111272755,completed
T02950,2024-01-01 06:00:00,New York,Suburbs,40.72966917406953,-74.118630858288,30.57757705514337,completed
T04551,2024-01-01 06:00:00,San Francisco,Downtown,37.79583107307771,-122.39145536688092,22.19488197842087,completed
T02793,2024-01-01 06:00:00,London,Downtown,51.4995823155284,-0.10888103706273744,28.25084801417884,completed
T00007,2024-01-01 07:00:00,New York,Downtown,40.75552981804867,-74.07560479408129,39.1635281709419,completed
T03208,2024-01-01 07:00:00,New York,Downtown,40.690920690390236,-74.0665529258674,13.616610953217664,no_driver
T04219,2024-01-01 07:00:00,New York,Downtown,40.844633105573465,-73.98427186966703,14.707777059497992,completed
T04329,2024-01-01 07:00:00,London,Downtown,51.54114612672214,-0.165796462087483,12.75827495213854,completed
T01881,2024-01-01 07:00:00,New York,Downtown,40.748929154909625,-73.91696425661054,27.126487064739514,completed
T04541,2024-01-01 08:00:00,New York,Downtown,40.70531040376049,-74.0553338135304,7.754640184369096,completed
T01280,2024-01-01 08:00:00,London,Suburbs,51.57205120643246,-0.13077779001297776,23.907500366845674,completed
T02257,2024-01-01 08:00:00,New York,Downtown,40.740705140657056,-73.9987135852895,9.28902084950029,completed
T04189,2024-01-01 08:00:00,New York,Airport,40.76202707579725,-74.04605971358622,9.370253082829734,completed
T01324,2024-01-01 08:00:00,London,Suburbs,51.46708076781296,-0.14144149397127143,16.495760673069885,completed
T03358,2024-01-01 09:00:00,New York,Airport,40.668075788022776,-73.92086836435516,38.98289551395214,completed
T02633,2024-01-01 09:00:00,San Francisco,Suburbs,37.75157852291212,-122.38446488033982,9.49704099670241,completed
T03599,2024-01-01 09:00:00,New York,Downtown,40.6665529205895,-73.93765439542149,11.816239073706026,completed
T02456,2024-01-01 09:00:00,London,Downtown,51.447174614436186,-0.11548214469368838,9.331602670691272,completed
T00110,2024-01-01 09:00:00,New York,Downtown,40.68556806279646,-74.03929506600879,24.285191469997642,completed
T02939,2024-01-01 09:00:00,New York,Airport,40.71633611217004,-73.96756299378177,7.262049959199281,completed
T00797,2024-01-01 09:00:00,New York,Airport,40.76202519027867,-74.01856983352066,37.85755198253747,completed
T01203,2024-01-01 09:00:00,New York,Suburbs,40.67771119267464,-74.05768301152956,43.00264129779676,completed
T03770,2024-01-01 09:00:00,London,Downtown,51.58338370292108,-0.04521790688216913,44.86015542291935,completed
T04388,2024-01-01 10:00:00,New York,Downtown,40.71613985728913,-74.05199955055895,31.662915983590327,completed
T03204,2024-01-01 10:00:00,New York,Suburbs,40.69112573586134,-74.06600466674654,8.460658858822903,completed
T04756,2024-01-01 10:00:00,London,Airport,51.47792065107758,-0.14852321960949205,18.151309823672797,completed
T00931,2024-01-01 10:00:00,New York,Airport,40.748737683144526,-73.92882433993087,5.895010691440059,completed
T03168,2024-01-01 10:00:00,San Francisco,Downtown,37.75809062952769,-122.4205504242513,15.399145701586928,completed
T03002,2024-01-01 10:00:00,London,Downtown,51.48662755798672,-0.08713998915564163,33.373665009229434,completed
T03325,2024-01-01 11:00:00,London,Downtown,51.49826874249973,-0.09174717938791244,11.733891895770965,completed
T00461,2024-01-01 11:00:00,New York,Suburbs,40.752007208662405,-74.07906250128252,21.928020622764333,completed
T01321,2024-01-01 11:00:00,New York,Downtown,40.7201227976834,-73.98100048546593,52.14162983273005,completed
T00119,2024-01-01 11:00:00,New York,Suburbs,40.75745739125435,-73.93455866987654,30.031335961565215,completed
T00282,2024-01-01 11:00:00,London,Suburbs,51.486119743301906,-0.12943091928640685,35.34328223151634,completed
T00703,2024-01-01 11:00:00,San Francisco,Suburbs,37.764458792750325,-122.39401473956113,53.16721672798063,completed
T01496,2024-01-01 11:00:00,London,Airport,51.456462609969286,-0.21378855589802342,26.753892250575703,completed
T03145,2024-01-01 11:00:00,London,Downtown,51.50769508861421,-0.08701077902540477,27.18553827827951,completed
T01454,2024-01-01 11:00:00,San Francisco,Downtown,37.72100908174246,-122.43795929263291,12.747891926774734,completed
T04052,2024-01-01 12:00:00,New York,Downtown,40.695000895133624,-73.97968757306585,57.02981660146694,completed
T00705,2024-01-01 12:00:00,London,Downtown,51.49456274883737,-0.17820458326320884,17.055707059746155,completed
T00815,2024-01-01 12:00:00,New York,Downtown,40.742399591045924,-74.0879663958669,10.976515465353256,no_driver
T01924,2024-01-01 12:00:00,San Francisco,Downtown,37.735644967506275,-122.44854560212251,22.286416755466007,completed
T00534,2024-01-01 12:00:00,New York,Downtown,40.59130442724621,-73.95061097065515,16.795295277190917,completed
T03702,2024-01-01 12:00:00,New York,Airport,40.694258059531265,-74.00513447876322,22.666999536946037,completed
T01801,2024-01-01 12:00:00,New York,Downtown,40.745533033804826,-74.00941412489277,35.8155163167317,completed
T00909,2024-01-01 13:00:00,San Francisco,Downtown,37.81503291940542,-122.38806111121623,35.58512497737808,completed
T02632,2024-01-01 13:00:00,New York,Suburbs,40.70718203993663,-74.0231557133619,20.86894443879033,no_driver
T02106,2024-01-01 13:00:00,New York,Downtown,40.70851364960651,-73.9558449316423,39.566241243373284,cancelled
T02636,2024-01-01 13:00:00,London,Downtown,51.41995194573552,-0.022139671035627223,9.387936191008919,completed
T03151,2024-01-01 13:00:00,London,Downtown,51.59149097658754,-0.175008810487283,30.070806029719385,completed
T04235,2024-01-01 13:00:00,New York,Suburbs,40.67705087709332,-73.98146978380316,17.64144967355351,completed
T01325,2024-01-01 13:00:00,New York,Downtown,40.6727518524892,-73.98624347700877,50.76103217595447,completed
T02408,2024-01-01 13:00:00,San Francisco,Downtown,37.80713406126425,-122.39443024331914,13.000781695348923,cancelled
T01892,2024-01-01 13:00:00,San Francisco,Downtown,37.82919630548432,-122.45475197506215,32.38615941614789,completed
T02088,2024-01-01 14:00:00,London,Suburbs,51.44348788487104,-0.13039886887120203,31.361185984049676,completed
T01648,2024-01-01 14:00:00,New York,Airport,40.62341823183641,-74.0138410488141,18.03421784435205,completed
T00276,2024-01-01 14:00:00,San Francisco,Suburbs,37.72296801447035,-122.46912541753419,26.823077289424084,completed
T03940,2024-01-01 14:00:00,New York,Downtown,40.6778301614009,-73.99908705734236,28.900050455993508,completed
T04004,2024-01-01 14:00:00,San Francisco,Suburbs,37.735441593133565,-122.47214403800487,30.808201785563718,completed
T00150,2024-01-01 14:00:00,New York,Downtown,40.73488356884113,-73.93131170918194,35.82685331162172,completed
T01759,2024-01-01 14:00:00,San Francisco,Airport,37.79343118830628,-122.47804181488107,11.62663931405234,completed
T01816,2024-01-01 14:00:00,New York,Downtown,40.72960920295831,-73.9996190390952,21.318327765405645,no_driver
T03351,2024-01-01 14:00:00,San Francisco,Downtown,37.82205448674683,-122.41124633570979,37.639448344704135,completed
T00046,2024-01-01 14:00:00,New York,Suburbs,40.72180229746179,-74.06053671466304,13.796940782081895,completed
T03104,2024-01-01 14:00:00,San Francisco,Downtown,37.72078871254466,-122.31632557458514,13.066049838695438,cancelled
T03261,2024-01-01 14:00:00,London,Downtown,51.4676547885751,-0.08369312863400227,27.36513326906319,completed
T01268,2024-01-01 14:00:00,New York,Downtown,40.74353978535059,-74.01441011065954,27.823341823077506,cancelled
T01355,2024-01-01 15:00:00,New York,Downtown,40.657283103568176,-73.97080202236515,44.10944981247002,completed
T04850,2024-01-01 15:00:00,San Francisco,Downtown,37.74537839519927,-122.51376313515748,26.756174014489638,completed
T02694,2024-01-01 15:00:00,London,Suburbs,51.4813337160709,-0.12039202681311009,9.938560988973212,completed
T01530,2024-01-01 15:00:00,New York,Suburbs,40.72537453584889,-73.95258162673541,23.07661505362216,completed
T02590,2024-01-01 16:00:00,New York,Downtown,40.7949407898395,-74.03253737335244,38.8612079676286,completed
T00257,2024-01-01 16:00:00,New York,Downtown,40.66403259815515,-73.95738492423652,58.381194328842824,completed
T04000,2024-01-01 16:00:00,London,Suburbs,51.49220191861056,-0.16358561929825882,10.041392066002281,cancelled
T00098,2024-01-01 16:00:00,New York,Downtown,40.67743058214687,-73.97384443507099,9.980161434902554,completed
T00626,2024-01-01 16:00:00,San Francisco,Suburbs,37.73551444085604,-122.34248099179105,37.25174283954841,completed
T04223,2024-01-01 16:00:00,San Francisco,Suburbs,37.79733267857258,-122.41795349625585,40.63079287305855,completed
T03254,2024-01-01 16:00:00,London,Downtown,51.47902538376124,-0.09165551232163405,17.27345043030271,completed
T00200,2024-01-01 17:00:00,New York,Downtown,40.66682880189722,-73.97157417819113,38.93040138935996,completed
T01711,2024-01-01 17:00:00,New York,Suburbs,40.690554049319005,-73.93319941062008,8.051517074271095,completed
T04679,2024-01-01 17:00:00,New York,Downtown,40.628390023591066,-74.00589525003288,10.201357908575567,no_driver
T04153,2024-01-01 17:00:00,New York,Downtown,40.74750442323969,-74.00158000610396,36.29818411780313,no_driver
T04264,2024-01-01 17:00:00,New York,Airport,40.760115875828134,-74.01105742997916,23.422541978400943,completed
T00064,2024-01-01 17:00:00,New York,Downtown,40.69581214485809,-73.97247106825928,77.49130197005334,completed
T01768,2024-01-01 17:00:00,New York,Airport,40.73075872343298,-74.00748576410358,43.08687514245585,completed
T01038,2024-01-01 18:00:00,San Francisco,Downtown,37.7913630708911,-122.48097568250162,22.084540424114238,completed
T02685,2024-01-01 18:00:00,New York,Downtown,40.690589531296204,-74.02883177482754,11.375967709303229,completed
T00760,2024-01-01 18:00:00,New York,Downtown,40.70767925394514,-74.07310825941076,23.479182186014828,completed
T02521,2024-01-01 18:00:00,New York,Airport,40.680920419988546,-73.97956898888908,40.378325397685245,cancelled
T00044,2024-01-01 18:00:00,New York,Downtown,40.71310216304793,-73.99686518405176,17.342992863750858,completed
T01403,2024-01-01 18:00:00,London,Suburbs,51.54907551366423,-0.10549715279120664,8.851939299562964,completed
T03979,2024-01-01 19:00:00,San Francisco,Suburbs,37.70340648799923,-122.4305000994053,9.801127114844482,completed
T04095,2024-01-01 19:00:00,New York,Downtown,40.685691253856255,-73.92730191716976,14.021846486430151,completed
T03501,2024-01-01 19:00:00,San Francisco,Airport,37.800919400131065,-122.46421050143884,24.08928766478833,completed
T00756,2024-01-01 19:00:00,San Francisco,Downtown,37.825569567270925,-122.41407635581074,12.202445693452507,cancelled
T01785,2024-01-01 19:00:00,London,Downtown,51.48359206235473,-0.07170804139426845,8.584891580375846,completed
T03404,2024-01-01 20:00:00,New York,Downtown,40.66279737124021,-73.97084941950652,6.7948580789596855,completed
T01798,2024-01-01 20:00:00,San Francisco,Airport,37.84518125602976,-122.38685284154091,14.913573529384731,completed
T03698,2024-01-01 20:00:00,San Francisco,Downtown,37.756823202255404,-122.43671964943435,19.35837988721132,completed
T04492,2024-01-01 20:00:00,New York,Suburbs,40.67296513767551,-74.05180374798769,15.076109215218697,completed
T02353,2024-01-01 20:00:00,New York,Suburbs,40.74660996485902,-74.13346909400529,6.583699525697759,completed
T00573,2024-01-01 20:00:00,New York,Downtown,40.84508507937917,-73.96591041829346,27.445125427772233,cancelled
T04922,2024-01-01 20:00:00,San Francisco,Downtown,37.782362377950165,-122.41184313091681,13.009753445852432,cancelled
T04135,2024-01-01 21:00:00,New York,Suburbs,40.71119007470342,-73.96806266541643,43.55372087265242,completed
T01387,2024-01-01 21:00:00,London,Suburbs,51.552502912339634,-0.14229922959159508,35.65730280708034,completed
T04244,2024-01-01 21:00:00,San Francisco,Downtown,37.74821903386733,-122.37138975411516,37.487883149594865,completed
T02331,2024-01-01 21:00:00,New York,Downtown,40.7524324734874,-73.95992970394973,14.534019313830234,completed
T03259,2024-01-01 22:00:00,New York,Downtown,40.711499737100105,-74.00700447634078,13.009904503416784,completed
T00181,2024-01-01 22:00:00,San Francisco,Downtown,37.80242384689204,-122.40286263373999,14.994825942334888,completed
T01538,2024-01-01 23:00:00,New York,Airport,40.75464537347324,-73.94202891102016,18.711363621086115,completed
T01702,2024-01-01 23:00:00,London,Suburbs,51.52407540233779,-0.017978915027557052,15.964251733647899,completed
T02252,2024-01-01 23:00:00,London,Downtown,51.67599104072084,-0.20365502884482709,23.771519986053818,completed
T01030,2024-01-01 23:00:00,New York,Downtown,40.69722899592472,-74.08274643206869,13.557758402576676,completed
T00747,2024-01-01 23:00:00,San Francisco,Airport,37.7533218779566,-122.3935152361401,20.49870824963778,completed
T02611,2024-01-01 23:00:00,New York,Downtown,40.75016402778739,-73.99139036651206,19.74280849064038,completed
T00850,2024-01-01 23:00:00,San Francisco,Downtown,37.811798637604014,-122.37132299080504,24.903606632427618,completed
T02490,2024-01-01 23:00:00,New York,Downtown,40.75608925560062,-74.01738108923712,34.47567987476105,cancelled
T03019,2024-01-02 00:00:00,New York,Suburbs,40.68779759578728,-74.06126117796718,11.799866222351893,completed
T01285,2024-01-02 00:00:00,New York,Downtown,40.71384289469077,-74.01116782573594,12.206258054432357,completed
T01413,2024-01-02 00:00:00,San Francisco,Downtown,37.875830952640946,-122.37197440988902,35.8818316698195,completed
T00081,2024-01-02 00:00:00,San Francisco,Downtown,37.7941986887481,-122.46227206916998,14.03566961170718,completed
T02505,2024-01-02 00:00:00,San Francisco,Downtown,37.794329947521256,-122.42055716884578,14.216206417581793,completed
T04742,2024-01-02 00:00:00,San Francisco,Suburbs,37.76685325288425,-122.35388105758675,19.00304354986889,cancelled
T00596,2024-01-02 00:00:00,New York,Downtown,40.74443594531595,-73.95957007394766,40.527913136492316,completed
T02475,2024-01-02 00:00:00,New York,Downtown,40.672986348560286,-73.98109011364028,12.94877974797517,completed
T04164,2024-01-02 01:00:00,London,Downtown,51.46397735152365,-0.14248980950281187,18.99143341774815,completed
T03948,2024-01-02 01:00:00,New York,Airport,40.69696533331379,-73.95755360852898,9.89124857009351,completed
T00410,2024-01-02 02:00:00,New York,Downtown,40.70908128267578,-73.93827335673623,15.711827354634222,completed
T01937,2024-01-02 02:00:00,San Francisco,Downtown,37.8150251062329,-122.38484642627809,17.397362238311004,completed
T00201,2024-01-02 02:00:00,New York,Downtown,40.621209019603526,-74.07568649114317,41.51078729063016,completed
T04425,2024-01-02 02:00:00,San Francisco,Suburbs,37.73330742181076,-122.43051117040234,6.863106494514726,completed
T03297,2024-01-02 02:00:00,London,Airport,51.47531364920287,-0.18869018535252555,23.265224392898634,completed
T00490,2024-01-02 02:00:00,New York,Airport,40.64521013610536,-74.11486975638289,38.18293779968266,completed
T02957,2024-01-02 02:00:00,San Francisco,Downtown,37.777704119815255,-122.45191934149469,26.69141350452776,completed
T00893,2024-01-02 02:00:00,New York,Airport,40.77434575641273,-73.97218434768418,11.440594516773235,completed
T00500,2024-01-02 02:00:00,New York,Downtown,40.732891440360646,-74.01288939066507,18.407511853255123,completed
T02046,2024-01-02 03:00:00,San Francisco,Suburbs,37.79676427447875,-122.44934138554106,9.113134607311249,completed
T04047,2024-01-02 03:00:00,London,Downtown,51.4698967591774,-0.12973970192303932,43.31982276351522,completed
T01653,2024-01-02 03:00:00,San Francisco,Downtown,37.71710762061975,-122.38314979581291,17.69949980914881,completed
T03458,2024-01-02 03:00:00,San Francisco,Suburbs,37.73701300421278,-122.57644468957494,28.59946743722596,completed
T01307,2024-01-02 03:00:00,New York,Airport,40.70291597536374,-74.03499950509786,17.464691788710102,completed
T04249,2024-01-02 03:00:00,New York,Downtown,40.67588532251806,-73.97503619050309,24.656172421668327,completed
T02888,2024-01-02 03:00:00,San Francisco,Airport,37.743844752767046,-122.40427764479263,57.451110451568056,no_driver
T00666,2024-01-02 03:00:00,New York,Airport,40.75080708410832,-73.94716322303421,11.622056756416644,completed
T01511,2024-01-02 03:00:00,New York,Downtown,40.69564732361002,-73.9208149680808,14.986383389696186,completed
T02826,2024-01-02 04:00:00,New York,Downtown,40.67717090853527,-74.03972342196792,9.985575221415523,completed
T00116,2024-01-02 04:00:00,New York,Airport,40.79597258618844,-74.02285266937128,30.57253732174815,no_driver
T04469,2024-01-02 04:00:00,New York,Suburbs,40.729699906034796,-73.85706769065271,27.30543186794793,no_driver
T02446,2024-01-02 04:00:00,San Francisco,Airport,37.783889597764706,-122.53383961917733,7.763835388523917,completed
T01697,2024-01-02 04:00:00,New York,Downtown,40.805757986006206,-74.0130469250792,18.485944448719756,completed
T01131,2024-01-02 04:00:00,San Francisco,Downtown,37.805647009085504,-122.43517836803618,10.705439046209223,completed
T03817,2024-01-02 04:00:00,London,Suburbs,51.40897443853355,-0.13290357824054885,50.686384896758625,completed
T00517,2024-01-02 04:00:00,San Francisco,Suburbs,37.77632075634223,-122.48058686826978,26.892414752862127,completed
T02080,2024-01-02 04:00:00,London,Airport,51.49258439967392,-0.13030937119138347,20.419966431777347,cancelled
T02878,2024-01-02 04:00:00,New York,Downtown,40.682421729461396,-74.02220771686281,19.52554201718938,completed
T02199,2024-01-02 04:00:00,San Francisco,Suburbs,37.8339740032792,-122.45107832648226,7.56352216552785,completed
T01041,2024-01-02 05:00:00,New York,Downtown,40.81508603225795,-73.98509229783873,21.824513417470886,completed
T03420,2024-01-02 05:00:00,New York,Airport,40.67668983594393,-74.03122437589919,13.437938887932097,no_driver
T03436,2024-01-02 05:00:00,New York,Airport,40.66017066631598,-73.97798515667678,39.992416227194,completed
T04325,2024-01-02 05:00:00,San Francisco,Downtown,37.71221110383162,-122.4815954254881,32.196784719161535,completed
T04837,2024-01-02 05:00:00,San Francisco,Suburbs,37.77201176453222,-122.40572491138467,12.170900937720742,cancelled
T01863,2024-01-02 05:00:00,London,Downtown,51.5048161171149,-0.12742989806174937,37.8398377149149,completed
T02420,2024-01-02 05:00:00,London,Suburbs,51.49293793940629,-0.10582647867031725,19.46105880393553,completed
T02319,2024-01-02 05:00:00,San Francisco,Airport,37.84642087492011,-122.4722255145936,15.138500067277633,completed
T03621,2024-01-02 06:00:00,New York,Downtown,40.72180135778986,-74.04254912517916,24.694376098293272,completed
T01410,2024-01-02 06:00:00,New York,Suburbs,40.652232621244295,-74.02763702643277,11.982824229498839,completed
T00207,2024-01-02 06:00:00,San Francisco,Downtown,37.71065902909508,-122.50551500498135,9.298162806190494,cancelled
T00751,2024-01-02 06:00:00,London,Downtown,51.50069245186284,-0.008701593205321032,26.766517737593404,completed
T01828,2024-01-02 07:00:00,London,Downtown,51.5219846008695,-0.14659460613749686,44.89616793170636,completed
T02155,2024-01-02 07:00:00,San Francisco,Downtown,37.766019189611335,-122.4624298374588,15.334114535609416,completed
T00936,2024-01-02 07:00:00,San Francisco,Downtown,37.73859252413549,-122.4395032706279,54.29133816259806,completed
T00395,2024-01-02 07:00:00,New York,Suburbs,40.726851765317335,-73.9482268586907,8.638121674411392,completed
T03821,2024-01-02 07:00:00,New York,Suburbs,40.6048395313305,-73.99277288666782,19.193507778271808,no_driver
T00359,2024-01-02 07:00:00,New York,Downtown,40.72549957111847,-73.93054923115879,20.898735843170236,cancelled
T03573,2024-01-02 07:00:00,San Francisco,Downtown,37.78881016315628,-122.36357876623528,40.33322236568004,completed
T03715,2024-01-02 08:00:00,New York,Suburbs,40.73102690562146,-73.95173895328213,56.80194434879986,completed
T00309,2024-01-02 08:00:00,New York,Downtown,40.61703160620014,-74.03570404285192,86.01187733946065,completed
T00622,2024-01-02 08:00:00,New York,Downtown,40.72344240843019,-74.07108099736085,10.91836049268576,completed
T04015,2024-01-02 08:00:00,New York,Downtown,40.71021443502687,-74.00729118260662,21.193752005724743,completed
T00429,2024-01-02 08:00:00,New York,Downtown,40.700681061330684,-74.01799171434645,6.909317333425827,completed
T02411,2024-01-02 08:00:00,New York,Suburbs,40.627403648576035,-74.04716200191291,31.948341498849743,completed
T00299,2024-01-02 09:00:00,New York,Airport,40.74169641130427,-73.94553913907325,32.82986229990712,completed
T00474,2024-01-02 09:00:00,New York,Suburbs,40.64487602994908,-73.98032198559447,32.84682190251435,completed
T03496,2024-01-02 09:00:00,San Francisco,Airport,37.83007725337623,-122.44769253894161,21.244603639417633,completed
T00420,2024-01-02 09:00:00,New York,Suburbs,40.80248473211403,-73.96000641622575,24.469251936512755,completed
T02278,2024-01-02 09:00:00,San Francisco,Downtown,37.775632602356225,-122.4299996849257,10.836223329913425,cancelled
T03317,2024-01-02 09:00:00,New York,Downtown,40.69025948550444,-73.94789822450699,31.290688141463153,completed
T02837,2024-01-02 09:00:00,New York,Suburbs,40.67834789378331,-73.99303865594798,39.780522134115905,completed
T03780,2024-01-02 09:00:00,London,Suburbs,51.535631281825395,-0.10654692834972915,21.193994476291472,completed
T03757,2024-01-02 10:00:00,New York,Airport,40.669361952129094,-73.97628265992796,50.306517834054596,completed
T03703,2024-01-02 10:00:00,New York,Airport,40.67749139221531,-73.92803694441366,63.65142591305282,completed
T00783,2024-01-02 10:00:00,New York,Suburbs,40.68246045883104,-73.98686764661511,34.616851315906025,completed
T03834,2024-01-02 10:00:00,New York,Downtown,40.705283542426685,-73.99590178650426,14.68795827848052,completed
T01412,2024-01-02 10:00:00,New York,Downtown,40.707240746572445,-74.05892479047978,51.50847762965231,completed
T04832,2024-01-02 10:00:00,London,Airport,51.46594597685801,-0.16660410916677582,36.04432136483628,completed
T01633,2024-01-02 10:00:00,San Francisco,Downtown,37.80196632766675,-122.42594753281878,32.80195721067827,completed
T03206,2024-01-02 10:00:00,San Francisco,Downtown,37.74239546489433,-122.48282780997208,14.702395759720153,completed
T03822,2024-01-02 10:00:00,San Francisco,Downtown,37.75458792759145,-122.46267555786595,17.854282102886554,completed
T02926,2024-01-02 10:00:00,San Francisco,Downtown,37.74889382408527,-122.37811090103506,24.170547750084626,completed
T04303,2024-01-02 11:00:00,New York,Suburbs,40.73319887724593,-74.02388810606571,18.282790133209346,completed
T02608,2024-01-02 11:00:00,London,Downtown,51.61234577397341,-0.0629388230002531,7.277753937913468,cancelled
T00321,2024-01-02 11:00:00,London,Downtown,51.58644798349409,-0.1658341343240619,10.431277059280134,cancelled
T02648,2024-01-02 11:00:00,London,Downtown,51.53570280124113,-0.18049940009768492,29.173748629119757,completed
T03108,2024-01-02 11:00:00,New York,Downtown,40.692989242136115,-73.97161608202619,25.437796781952233,completed
T04794,2024-01-02 11:00:00,New York,Downtown,40.699871451622876,-73.95005785701052,28.461441414067203,completed
T03927,2024-01-02 11:00:00,London,Downtown,51.47581950029367,-0.1587214276216566,8.122865560480491,completed
T02074,2024-01-02 11:00:00,London,Downtown,51.45943632386951,-0.12868931292284874,17.021980448599354,completed
T04823,2024-01-02 11:00:00,London,Downtown,51.497500781529666,-0.185486623849519,64.8230880845182,completed
T01067,2024-01-02 12:00:00,New York,Downtown,40.670297457715854,-73.9617432755231,46.003528539035145,completed
T00311,2024-01-02 12:00:00,San Francisco,Downtown,37.78896749465495,-122.4524594566328,24.264186598136927,completed
T03832,2024-01-02 12:00:00,London,Downtown,51.45940306927258,-0.07062569205701488,25.843889676486533,completed
T02251,2024-01-02 12:00:00,New York,Downtown,40.739753854873314,-74.0229578666725,45.38040464871129,completed
T01126,2024-01-02 13:00:00,New York,Suburbs,40.718453101452184,-73.93927003155487,16.45954472700715,completed
T02478,2024-01-02 13:00:00,London,Downtown,51.54206361899205,-0.15452984177547893,30.6003816795668,completed
T03154,2024-01-02 13:00:00,London,Suburbs,51.61246205557349,-0.09770277860966686,7.537869064235737,completed
T02224,2024-01-02 13:00:00,London,Suburbs,51.493726233598586,-0.11422580172930526,7.32176106150181,completed
T04044,2024-01-02 13:00:00,San Francisco,Downtown,37.83576204587663,-122.45109439702445,15.590154556161204,completed
T04816,2024-01-02 13:00:00,San Francisco,Downtown,37.755185205498215,-122.39977650539527,18.43368925091461,completed
T00945,2024-01-02 14:00:00,New York,Downtown,40.69052840302535,-73.94981857209535,16.783717891133453,cancelled
T00286,2024-01-02 14:00:00,New York,Airport,40.78012722316386,-73.95735684211226,22.649354322383488,completed
T01199,2024-01-02 14:00:00,San Francisco,Airport,37.803016106481884,-122.37438534298093,10.301175606572507,completed
T00842,2024-01-02 14:00:00,New York,Suburbs,40.72160249527617,-74.0380117737808,74.96795862090985,completed
T03610,2024-01-02 14:00:00,London,Downtown,51.50026393970462,-0.10387509576207013,51.98836323339506,completed
T03093,2024-01-02 14:00:00,London,Downtown,51.54552177335996,-0.17918293488223277,15.800819977093512,completed
T01488,2024-01-02 14:00:00,New York,Downtown,40.71905164358147,-73.98177809044012,43.88878649382869,completed
T01514,2024-01-02 14:00:00,San Francisco,Suburbs,37.78744454582942,-122.45026416036382,38.718662570287236,completed
T03559,2024-01-02 14:00:00,New York,Suburbs,40.680318983101415,-74.00337792461329,8.227919627574085,cancelled
T04778,2024-01-02 14:00:00,London,Downtown,51.55075552010114,-0.183652543384956,16.677832324159596,completed
T00822,2024-01-02 15:00:00,New York,Airport,40.74115969864016,-73.90200118716024,16.97991522494033,completed
T00807,2024-01-02 15:00:00,San Francisco,Airport,37.75947731927071,-122.47479820374407,31.16450669480605,completed
T04784,2024-01-02 15:00:00,London,Downtown,51.523773642612575,-0.1271937087580132,12.524975631126598,completed
T00105,2024-01-02 15:00:00,San Francisco,Suburbs,37.82352490121192,-122.48550641180252,23.65056523794729,completed
T04466,2024-01-02 15:00:00,London,Downtown,51.505483326390575,-0.15982431567680505,15.385544059408566,completed
T01000,2024-01-02 16:00:00,New York,Airport,40.720080318392604,-73.91619574391062,44.7227000669192,completed
T03792,2024-01-02 16:00:00,San Francisco,Downtown,37.735609893664325,-122.40724954351587,48.988723990913044,completed
T03868,2024-01-02 16:00:00,New York,Downtown,40.73859784143704,-73.99128051432352,71.85033721926068,cancelled
T04465,2024-01-02 16:00:00,New York,Downtown,40.67582155599603,-73.93949277473087,13.030799324688378,completed
T03478,2024-01-02 16:00:00,London,Downtown,51.572938835624655,-0.17169820177809053,19.61176249691018,completed
T03015,2024-01-02 16:00:00,San Francisco,Downtown,37.8189754293842,-122.48793926249964,9.690168162677658,completed
T04616,2024-01-02 16:00:00,New York,Suburbs,40.75469366141227,-74.03584362718873,34.76436979628383,completed
T04489,2024-01-02 16:00:00,London,Suburbs,51.49022957782946,-0.09142833609404849,16.96807798928978,completed
T01743,2024-01-02 17:00:00,London,Downtown,51.486780338055944,-0.029333812554008618,16.809080255914893,completed
T00683,2024-01-02 17:00:00,San Francisco,Downtown,37.729271568117085,-122.3975514786439,25.681268146342223,completed
T04344,2024-01-02 17:00:00,San Francisco,Downtown,37.69380668815553,-122.4150219527817,17.011963651868616,cancelled
T00928,2024-01-02 17:00:00,London,Airport,51.53046573897241,-0.03607331286726402,21.157659440596703,completed
T04402,2024-01-02 17:00:00,London,Downtown,51.40853990943728,-0.2039633013472919,23.453102183297936,completed
T00057,2024-01-02 18:00:00,New York,Suburbs,40.797043929859136,-74.03299071050654,13.444721643949931,completed
T02665,2024-01-02 18:00:00,New York,Downtown,40.74231326274014,-74.04122054636868,17.089633863145956,completed
T02544,2024-01-02 18:00:00,San Francisco,Airport,37.82302555259856,-122.39555144477568,31.74560780572667,completed
T02791,2024-01-02 18:00:00,London,Downtown,51.4542901585219,-0.061013499530747764,12.833119640200819,completed
T03181,2024-01-02 18:00:00,New York,Downtown,40.691971017463196,-74.00760209055845,33.87610544390429,completed
T00412,2024-01-02 18:00:00,London,Airport,51.50122404823995,-0.206176746434852,23.487646008176878,completed
T00242,2024-01-02 19:00:00,San Francisco,Downtown,37.726421522103124,-122.46261358359504,14.579943384862888,completed
T02516,2024-01-02 19:00:00,New York,Suburbs,40.70066654625481,-73.96830492067075,23.826354359172356,completed
T01007,2024-01-02 19:00:00,San Francisco,Downtown,37.78764431995016,-122.36504096044625,16.31939006275777,completed
T02266,2024-01-02 19:00:00,San Francisco,Suburbs,37.61720049722842,-122.3451128452254,20.927251936879713,completed
T00575,2024-01-02 19:00:00,New York,Downtown,40.640490145989425,-74.00819811387521,10.291061591155032,completed
T00710,2024-01-02 19:00:00,London,Downtown,51.43798569529761,-0.19310963986134638,16.039819549671932,completed
T00539,2024-01-02 19:00:00,New York,Suburbs,40.790904342603774,-74.03319106411507,22.616706114262747,cancelled
T00977,2024-01-02 20:00:00,London,Downtown,51.58914059620792,-0.10535388830677912,25.132420867800928,completed
T00742,2024-01-02 20:00:00,San Francisco,Suburbs,37.743176009446195,-122.40481616002971,18.99584244280093,completed
T01797,2024-01-02 21:00:00,San Francisco,Downtown,37.78095890128063,-122.38092183152729,13.67731325297273,cancelled
T00504,2024-01-02 21:00:00,London,Downtown,51.48656091057911,-0.11715163299026884,28.686550240156915,completed
T01415,2024-01-02 21:00:00,New York,Airport,40.81070187063971,-74.05758934320953,25.975818416975358,completed
T01470,2024-01-02 21:00:00,New York,Airport,40.66181094993903,-74.10528633739878,25.87861384291427,completed
T04560,2024-01-02 21:00:00,San Francisco,Downtown,37.72420611153056,-122.42687343115848,15.262828221039832,completed
T04353,2024-01-02 22:00:00,New York,Airport,40.734042803869116,-74.02263474051676,11.309942375164484,completed
T02130,2024-01-02 22:00:00,San Francisco,Downtown,37.72046825970752,-122.45563512967651,13.405709054547687,completed
T03889,2024-01-02 22:00:00,New York,Downtown,40.57325324555083,-73.97094388209507,37.61395603935381,completed
T02795,2024-01-02 22:00:00,New York,Airport,40.73229156632897,-74.07750450579827,27.528686782703748,completed
T04057,2024-01-02 22:00:00,London,Airport,51.52166214052718,-0.10493184737801414,16.014075779435963,completed
T03587,2024-01-02 23:00:00,San Francisco,Airport,37.76150423904039,-122.46996922448601,17.249767869903057,completed
T00087,2024-01-02 23:00:00,San Francisco,Downtown,37.722029043768586,-122.46259425722776,58.99838689367953,completed
T00542,2024-01-03 00:00:00,San Francisco,Downtown,37.752771886884624,-122.38061136760724,9.88571449110977,cancelled
T02770,2024-01-03 00:00:00,London,Airport,51.5312619811553,-0.15101701861644984,30.312735564872856,completed
T03416,2024-01-03 00:00:00,London,Downtown,51.52561891706466,-0.20111165153232746,13.904536331771567,completed
T01316,2024-01-03 00:00:00,San Francisco,Downtown,37.80032905171504,-122.41332714445578,9.85177623421919,completed
T00192,2024-01-03 00:00:00,San Francisco,Downtown,37.68988087526819,-122.35860513695627,15.34682423035102,completed
T02681,2024-01-03 00:00:00,New York,Suburbs,40.68347643285593,-73.988211672444,33.5803799651509,completed
T03719,2024-01-03 01:00:00,New York,Downtown,40.737933272758646,-74.00139508559282,11.096921411077563,completed
T02803,2024-01-03 01:00:00,London,Suburbs,51.51185280071159,-0.22295455199465392,25.960050896707486,completed
T04908,2024-01-03 01:00:00,New York,Downtown,40.69410761024209,-73.9799518698436,51.32238022126651,cancelled
T00883,2024-01-03 01:00:00,San Francisco,Downtown,37.70531195933069,-122.37480255582494,62.79153177646172,cancelled
T04819,2024-01-03 02:00:00,New York,Airport,40.778968202968535,-73.88588588203811,36.512303941251034,completed
T04234,2024-01-03 02:00:00,London,Airport,51.56882337545177,-0.15934809991235105,29.973657868472053,completed
T04519,2024-01-03 02:00:00,New York,Downtown,40.78670474094188,-73.99899964793603,15.34101851880623,completed
T03831,2024-01-03 02:00:00,San Francisco,Downtown,37.71962159002411,-122.4773366383574,39.92238595871301,completed
T02441,2024-01-03 02:00:00,San Francisco,Airport,37.75354884030221,-122.42305828595744,14.474242859559942,completed
T03791,2024-01-03 02:00:00,New York,Downtown,40.741193169237185,-73.96797500449814,11.702568889415321,cancelled
T04795,2024-01-03 02:00:00,New York,Downtown,40.755679976725496,-74.01890313518714,14.61628163650211,completed
T01976,2024-01-03 02:00:00,New York,Downtown,40.72809489879387,-73.98070906596543,6.682370532850831,completed
T02165,2024-01-03 02:00:00,London,Downtown,51.501102741705836,-0.10933371917767608,12.931925548422932,completed
T00663,2024-01-03 03:00:00,London,Downtown,51.51841611854928,-0.14551569483736274,24.501937588928374,completed
T01356,2024-01-03 03:00:00,London,Downtown,51.62392871467649,-0.16650206751829022,11.888979139566434,completed
T02781,2024-01-03 03:00:00,New York,Downtown,40.69216725395973,-73.94483953858894,7.193674040437841,completed
T00042,2024-01-03 03:00:00,London,Downtown,51.488933337032876,-0.0946825249278934,8.367011529831336,cancelled
T00386,2024-01-03 03:00:00,London,Downtown,51.50110892464311,-0.1276526555717029,20.73764270932393,completed
T03391,2024-01-03 03:00:00,New York,Suburbs,40.66315648167126,-74.00659471387404,12.346665875997347,cancelled
T00109,2024-01-03 03:00:00,San Francisco,Suburbs,37.86387042496093,-122.43609301629593,11.37936702240542,completed
T03652,2024-01-03 04:00:00,New York,Suburbs,40.74031812196159,-73.99002944588564,6.21089594249141,completed
T00313,2024-01-03 04:00:00,New York,Downtown,40.64591251991478,-73.94726538125241,22.59536662039336,completed
T04267,2024-01-03 04:00:00,San Francisco,Downtown,37.808633937041684,-122.45217010859703,39.24404500018504,completed
T03958,2024-01-03 04:00:00,London,Downtown,51.551813884582764,-0.087592805246232,21.47881013835136,completed
T00887,2024-01-03 04:00:00,London,Suburbs,51.52005917683943,-0.1275570156228196,25.74820911925819,completed
T00741,2024-01-03 04:00:00,San Francisco,Suburbs,37.7979569192452,-122.43187279067409,18.31654386448011,cancelled
T04127,2024-01-03 04:00:00,London,Downtown,51.540132036372775,-0.17158692485448598,22.79352019965325,completed
T00980,2024-01-03 05:00:00,New York,Downtown,40.72404849209728,-74.00056423656403,35.89567103557144,no_driver
T02433,2024-01-03 05:00:00,San Francisco,Suburbs,37.79342884357811,-122.49993391061064,14.225236136365503,completed
T00501,2024-01-03 05:00:00,New York,Downtown,40.63647543968266,-73.970613466661,35.06121544805545,completed
T00269,2024-01-03 05:00:00,London,Airport,51.519272883596834,-0.09164781133032976,61.68135764847551,completed
T00584,2024-01-03 05:00:00,London,Airport,51.46984160344551,-0.1300622268215527,16.278241666404945,completed
T04132,2024-01-03 05:00:00,San Francisco,Suburbs,37.76674290330016,-122.39356371625708,30.525127089849015,completed
T04810,2024-01-03 05:00:00,New York,Suburbs,40.69319705894676,-74.01811060664704,34.12274266311613,no_driver
T03905,2024-01-03 06:00:00,San Francisco,Suburbs,37.75741364494874,-122.52027062697898,14.641763087635733,completed
T02443,2024-01-03 06:00:00,San Francisco,Downtown,37.81715803994531,-122.39396817343223,35.24727896872125,completed
T04773,2024-01-03 06:00:00,New York,Downtown,40.756672855603234,-73.98807475214012,17.047459341081225,completed
T04003,2024-01-03 06:00:00,New York,Suburbs,40.743967137739894,-74.07256300701296,26.875840845032826,completed
T04906,2024-01-03 06:00:00,San Francisco,Downtown,37.7220613766096,-122.40308856447476,19.30461094122001,completed
T02900,2024-01-03 07:00:00,New York,Suburbs,40.67209666563328,-74.02357439982302,23.706998861879036,completed
T00339,2024-01-03 07:00:00,San Francisco,Downtown,37.89528259129285,-122.43685450987519,36.939345873044786,completed
T01263,2024-01-03 07:00:00,New York,Downtown,40.64100605462533,-73.9398172981836,28.655795857588544,completed
T01244,2024-01-03 07:00:00,San Francisco,Suburbs,37.859728380804206,-122.51824451593593,27.59686494367727,completed
T02830,2024-01-03 07:00:00,New York,Suburbs,40.726404179186964,-74.10949241116761,12.433266076484589,completed
T02085,2024-01-03 07:00:00,New York,Downtown,40.64024165968504,-74.01013477594454,40.410844789088934,completed
T04757,2024-01-03 07:00:00,New York,Downtown,40.75391242121435,-73.92286668933284,24.479544336731752,completed
T02435,2024-01-03 07:00:00,New York,Suburbs,40.74813449535612,-73.99714433399234,16.255748623358475,cancelled
T02203,2024-01-03 07:00:00,New York,Suburbs,40.80104400160853,-74.02732526598294,25.22208067627757,completed
T00911,2024-01-03 07:00:00,New York,Downtown,40.71790157083767,-74.01779007220435,20.74873764718486,completed
T01204,2024-01-03 07:00:00,London,Downtown,51.53862872508331,-0.22261245142749844,29.384008797604857,completed
T04659,2024-01-03 07:00:00,San Francisco,Downtown,37.84470676528893,-122.39323608183389,21.63436126821053,completed
T01397,2024-01-03 07:00:00,San Francisco,Downtown,37.77265499352783,-122.36478264294446,25.932597464567323,cancelled
T00598,2024-01-03 07:00:00,New York,Downtown,40.724885839703376,-74.02999088070156,22.810821493362468,completed
T01949,2024-01-03 07:00:00,San Francisco,Suburbs,37.747779321469494,-122.44845798826576,14.685302161524781,completed
T03894,2024-01-03 07:00:00,San Francisco,Airport,37.676265803797584,-122.41651327481324,39.24825729841126,completed
T04240,2024-01-03 07:00:00,London,Downtown,51.499764038147084,-0.20828178027391936,13.027544118947059,completed
T02248,2024-01-03 08:00:00,New York,Suburbs,40.74597007343333,-73.86442248243003,29.750581471158707,cancelled
T01854,2024-01-03 08:00:00,London,Downtown,51.51985226483053,-0.19044690608875847,20.63471005120804,completed
T03819,2024-01-03 08:00:00,New York,Downtown,40.73049043942192,-73.9701570009285,21.266293791744868,completed
T00611,2024-01-03 08:00:00,New York,Downtown,40.63904412420503,-74.01980028075374,21.57731343189499,completed
T04564,2024-01-03 09:00:00,New York,Downtown,40.65447777282758,-73.98104516913553,40.20272930322173,completed
T02863,2024-01-03 09:00:00,New York,Downtown,40.660006234902134,-73.96290164544463,24.192356331224914,completed
T01313,2024-01-03 09:00:00,San Francisco,Airport,37.90090638050103,-122.372489445087,63.98903226450959,completed
T02509,2024-01-03 09:00:00,San Francisco,Suburbs,37.69873944154312,-122.33645157327733,20.910118278583596,completed
T02540,2024-01-03 09:00:00,San Francisco,Downtown,37.77735185568905,-122.44557377578968,13.991176824724448,completed
T02479,2024-01-03 09:00:00,San Francisco,Downtown,37.7874061531453,-122.38951977505225,42.133928072759076,completed
T04384,2024-01-03 10:00:00,San Francisco,Airport,37.77726070420993,-122.37888388578982,19.79347720801556,completed
T03016,2024-01-03 10:00:00,New York,Downtown,40.64325575978428,-74.05024113706706,19.781926805677937,completed
T01393,2024-01-03 10:00:00,New York,Suburbs,40.69569088210261,-74.0404045404208,64.85497439738926,completed
T04747,2024-01-03 10:00:00,London,Downtown,51.51627600324762,-0.19785001828367502,32.012679701228095,completed
T02325,2024-01-03 10:00:00,New York,Downtown,40.67330334630688,-73.98882753170165,9.667499813035075,cancelled
T03090,2024-01-03 10:00:00,London,Suburbs,51.41692897365941,-0.22641203429479906,23.422912212086022,completed
T02370,2024-01-03 11:00:00,New York,Downtown,40.631501811816854,-74.02890652672092,20.14619607177766,completed
T00821,2024-01-03 11:00:00,San Francisco,Suburbs,37.79488619521995,-122.4686013523363,49.218409942763316,completed
T02759,2024-01-03 11:00:00,London,Downtown,51.58529758787152,-0.15802023393881837,14.919076630198845,completed
T04453,2024-01-03 11:00:00,London,Airport,51.505182272795366,-0.16005035682322968,22.648220101727368,completed
T01717,2024-01-03 11:00:00,London,Suburbs,51.482973685948565,-0.06600023025066509,61.429297292608936,completed
T04667,2024-01-03 11:00:00,London,Downtown,51.50062975344174,-0.19688607781813133,27.960303998839127,completed
T04655,2024-01-03 11:00:00,San Francisco,Airport,37.83160191388241,-122.46673739939652,12.76208133358427,completed
T03558,2024-01-03 11:00:00,New York,Downtown,40.67008580104661,-74.05453097845074,31.97000490530732,completed
T04440,2024-01-03 11:00:00,New York,Downtown,40.794543321771755,-73.93127897962924,22.427536757746463,completed
T01644,2024-01-03 11:00:00,New York,Airport,40.74519294640937,-73.99800885039456,20.00596885414073,completed
T04791,2024-01-03 11:00:00,New York,Downtown,40.69070311305639,-73.97193647857391,15.213347737607112,cancelled
T01832,2024-01-03 11:00:00,London,Airport,51.45039455699048,-0.19008481114751916,55.54275706629476,completed
T00233,2024-01-03 11:00:00,New York,Airport,40.75860375490485,-73.9161291020031,10.044458139195658,cancelled
T00733,2024-01-03 11:00:00,New York,Airport,40.6616188630434,-73.9213025958821,23.925565669224053,completed
T04379,2024-01-03 11:00:00,San Francisco,Downtown,37.68222618082763,-122.40394418378455,37.24147252495544,completed
T02661,2024-01-03 11:00:00,New York,Airport,40.69188266808812,-74.0858778789757,25.107778601579813,cancelled
T03838,2024-01-03 12:00:00,San Francisco,Suburbs,37.76019090540687,-122.45691773423748,23.48793743755021,completed
T03316,2024-01-03 12:00:00,New York,Airport,40.694615936396104,-74.05251023192682,9.93088831792965,completed
T04368,2024-01-03 12:00:00,San Francisco,Suburbs,37.747669708961716,-122.48292274415526,24.12706005312032,completed
T03268,2024-01-03 12:00:00,London,Airport,51.47268679010556,-0.14806796481017453,13.489901444523605,completed
T00566,2024-01-03 12:00:00,New York,Downtown,40.774554316113544,-73.99444636349023,19.79143133736079,completed
T00488,2024-01-03 12:00:00,New York,Airport,40.6143943909324,-74.09943346278698,33.383337503156284,cancelled
T03211,2024-01-03 12:00:00,New York,Downtown,40.876161008812595,-74.04513323866368,11.579912144836552,completed
T01483,2024-01-03 13:00:00,San Francisco,Downtown,37.75121760679892,-122.41973444654255,20.174122490048802,completed
T00989,2024-01-03 13:00:00,London,Airport,51.44615619067305,-0.07581801926477401,18.238670731187767,completed
T03226,2024-01-03 13:00:00,New York,Downtown,40.827560560011484,-73.9882297415153,33.594763752963686,completed
T04701,2024-01-03 13:00:00,New York,Suburbs,40.68210774645645,-73.95316663890364,22.19125459427721,completed
T01545,2024-01-03 13:00:00,New York,Airport,40.7971274998723,-73.98203286037314,45.34651458767958,completed
T01161,2024-01-03 13:00:00,San Francisco,Airport,37.73001419002509,-122.36508204977387,23.75607926566013,completed
T01304,2024-01-03 13:00:00,New York,Airport,40.739675804580834,-73.89944593595443,8.639174206596694,no_driver
T03361,2024-01-03 13:00:00,New York,Downtown,40.739454037018774,-74.11813498537354,18.29428700643053,completed
T01575,2024-01-03 13:00:00,New York,Downtown,40.73763098524579,-74.06408494131477,43.84718966458156,completed
T02004,2024-01-03 13:00:00,New York,Airport,40.766343688626215,-73.85648355829746,10.118720374754647,completed
T01490,2024-01-03 13:00:00,San Francisco,Downtown,37.75440967226991,-122.33136660453174,30.18146473201742,completed
T01190,2024-01-03 13:00:00,London,Suburbs,51.5289596689699,-0.10158723215308817,15.34308151737825,completed
T00045,2024-01-03 14:00:00,New York,Downtown,40.7528038381913,-74.00205726461131,39.31614297133609,completed
T04181,2024-01-03 14:00:00,New York,Airport,40.6380957763849,-73.93190811329225,15.42368017243078,completed
T02847,2024-01-03 14:00:00,New York,Suburbs,40.72817099304124,-74.04553156121939,25.683472968724676,completed
T03089,2024-01-03 14:00:00,London,Downtown,51.51555104566164,-0.20514696882034508,19.782836524294012,cancelled
T04516,2024-01-03 14:00:00,San Francisco,Airport,37.78670015156402,-122.43555572184846,31.26626286665955,completed
T02265,2024-01-03 15:00:00,London,Suburbs,51.526568323477434,-0.09731271340266233,27.981882656061018,completed
T04275,2024-01-03 15:00:00,San Francisco,Suburbs,37.770953904593576,-122.34263724253069,23.883178389159642,completed
T02995,2024-01-03 15:00:00,New York,Airport,40.6866978220437,-74.0633773642444,47.47262547574352,completed
T02075,2024-01-03 15:00:00,New York,Suburbs,40.74809145091624,-73.99801551788235,10.099646012456898,completed
T02788,2024-01-03 15:00:00,London,Suburbs,51.63156264759727,-0.09481230259842723,98.67557240591015,completed
T04416,2024-01-03 15:00:00,New York,Suburbs,40.75429894244395,-74.04838891568389,17.813313850197872,completed
T01904,2024-01-03 15:00:00,London,Suburbs,51.51363977837479,-0.15216564558170104,11.681080383021214,cancelled
T00203,2024-01-03 15:00:00,New York,Downtown,40.74899444585747,-74.14613053952142,12.382818425923752,completed
T01317,2024-01-03 15:00:00,New York,Airport,40.767396824068506,-73.98163097593425,32.23036107362837,completed
T01688,2024-01-03 15:00:00,New York,Downtown,40.66173662363443,-74.00492447755552,41.18966381246561,completed
T04588,2024-01-03 16:00:00,London,Downtown,51.48669391649923,-0.14901624579417208,29.83536615056184,completed
T01057,2024-01-03 16:00:00,New York,Downtown,40.6668117525579,-73.98333553901793,20.296805403465513,completed
T04839,2024-01-03 16:00:00,San Francisco,Downtown,37.77425195578556,-122.42842946054081,48.61593423781032,completed
T03408,2024-01-03 16:00:00,San Francisco,Downtown,37.77232483397767,-122.39901088561085,12.652522654510845,completed
T03216,2024-01-03 16:00:00,San Francisco,Suburbs,37.86145752904323,-122.37299516095618,10.07612978637444,completed
T03806,2024-01-03 16:00:00,London,Downtown,51.4830772935111,-0.12677781095139184,23.537710907011206,completed
T00140,2024-01-03 16:00:00,New York,Suburbs,40.7797570426669,-74.07347548376767,33.51571588535299,completed
T00036,2024-01-03 16:00:00,San Francisco,Airport,37.7251470929519,-122.46002595089469,16.48348603540743,completed
T00491,2024-01-03 17:00:00,San Francisco,Downtown,37.73789036818686,-122.38769781333897,39.62479127309498,completed
T01733,2024-01-03 17:00:00,New York,Downtown,40.76721257414626,-73.9091901401579,6.617842597128604,completed
T00326,2024-01-03 17:00:00,San Francisco,Suburbs,37.6632026751295,-122.43169381912777,15.612837944464776,completed
T03199,2024-01-03 17:00:00,New York,Downtown,40.687607616872114,-73.93152217966285,12.821739171855704,cancelled
T00576,2024-01-03 17:00:00,New York,Downtown,40.67578667879304,-73.94980967891291,23.203821584070834,cancelled
T03330,2024-01-03 18:00:00,London,Airport,51.48988457968216,-0.0432758853113652,38.27743644065853,completed
T03590,2024-01-03 18:00:00,New York,Downtown,40.723383263574114,-73.9400815772667,78.88950670273827,completed
T03088,2024-01-03 18:00:00,New York,Downtown,40.76671933838531,-74.00406755767868,76.06928820201145,completed
T04598,2024-01-03 19:00:00,New York,Downtown,40.65507695893354,-73.8999495389865,31.76276567446086,completed
T00037,2024-01-03 19:00:00,San Francisco,Downtown,37.72036533776493,-122.43502720779294,15.971175078094173,completed
T02539,2024-01-03 20:00:00,San Francisco,Airport,37.819109980845724,-122.45559613628339,18.307167416271767,completed
T03039,2024-01-03 20:00:00,New York,Airport,40.780537211680844,-73.9632649782557,20.644122447047916,completed
T04318,2024-01-03 20:00:00,London,Suburbs,51.55703442540629,-0.13918871178101164,20.413302339164666,completed
T01905,2024-01-03 20:00:00,New York,Downtown,40.59780620241934,-74.04238906912606,7.3568540944601715,completed
T04881,2024-01-03 20:00:00,London,Downtown,51.5518537195335,-0.07315693461362704,11.90420417671384,completed
T04054,2024-01-03 20:00:00,New York,Downtown,40.68632292740304,-73.96386481177603,13.553354502399301,completed
T00146,2024-01-03 20:00:00,New York,Downtown,40.60119235935694,-73.96139358173502,16.491909523014414,completed
T00183,2024-01-03 20:00:00,New York,Airport,40.724705416262715,-74.06963307508924,25.801859326727694,completed
T00113,2024-01-03 20:00:00,New York,Airport,40.61042227854896,-73.96256887257564,27.595319639628713,completed
T01848,2024-01-03 21:00:00,London,Downtown,51.48633452151335,-0.14554455349378267,20.059324978139585,completed
T01579,2024-01-03 21:00:00,New York,Suburbs,40.67744060564912,-73.98020142604202,11.936844320821095,completed
T04610,2024-01-03 21:00:00,San Francisco,Downtown,37.69211149697738,-122.39418254421402,16.99836643992783,completed
T03017,2024-01-03 21:00:00,New York,Downtown,40.705252225856555,-73.95927526029726,21.945046038304326,completed
T02010,2024-01-03 21:00:00,San Francisco,Airport,37.73418737719597,-122.34479404523859,24.05113837434224,completed
T00122,2024-01-03 22:00:00,San Francisco,Downtown,37.85774148103403,-122.50799292702804,16.44798840202897,completed
T02974,2024-01-03 22:00:00,London,Suburbs,51.41482218541353,-0.12250049011890946,17.381460929513494,completed
T02594,2024-01-03 22:00:00,London,Suburbs,51.51999997550801,-0.08042214189687177,45.10911530819289,cancelled
T00669,2024-01-03 22:00:00,New York,Airport,40.77153485661402,-73.92829233783482,32.12923566917381,completed
T03550,2024-01-03 23:00:00,New York,Suburbs,40.67886803219509,-74.06242214455565,15.724078626626,completed
T02889,2024-01-03 23:00:00,New York,Downtown,40.712582216791844,-74.10354706727146,15.01208201287299,completed
T04120,2024-01-03 23:00:00,London,Airport,51.51787329155873,-0.06421930728585412,38.35989735265594,completed
T00219,2024-01-03 23:00:00,New York,Airport,40.69050074412601,-74.00724033537638,40.28533271828326,no_driver
T04196,2024-01-04 00:00:00,San Francisco,Downtown,37.76214298577028,-122.40297325680952,28.355119708659807,completed
T03082,2024-01-04 00:00:00,San Francisco,Downtown,37.82370938189436,-122.39179197925596,13.281839226546385,completed
T00052,2024-01-04 00:00:00,London,Airport,51.51656103276516,-0.012058052893782464,6.3736773440804,completed
T00607,2024-01-04 00:00:00,London,Downtown,51.53907483520432,-0.08038493447709091,30.16093813680842,completed
T03214,2024-01-04 00:00:00,New York,Downtown,40.63269203709704,-73.94646805479215,41.52901901522496,completed
T03690,2024-01-04 00:00:00,London,Downtown,51.51040321851051,-0.03926445966887532,28.434841435659365,completed
T03401,2024-01-04 00:00:00,San Francisco,Suburbs,37.76662857171229,-122.38169030317918,15.43017974780016,completed
T04777,2024-01-04 00:00:00,San Francisco,Downtown,37.74999405863226,-122.47988439851026,13.59359052345269,completed
T03045,2024-01-04 00:00:00,San Francisco,Downtown,37.80501223481456,-122.32736855847864,12.21287135091873,completed
T02979,2024-01-04 00:00:00,New York,Downtown,40.66433190949764,-73.96671237745367,24.66805044473969,completed
T04627,2024-01-04 00:00:00,London,Downtown,51.612199364523434,-0.13279584075105474,18.638047313240868,completed
T00848,2024-01-04 00:00:00,London,Downtown,51.63306631870953,-0.08054955494797891,55.82018320204967,completed
T00369,2024-01-04 01:00:00,New York,Downtown,40.7180200515426,-73.99981521524552,22.27708421931625,completed
T00586,2024-01-04 01:00:00,London,Downtown,51.48878922071952,-0.09251346961580419,19.537444937244405,completed
T04090,2024-01-04 01:00:00,San Francisco,Downtown,37.76435949706554,-122.36848820995861,12.46300408695915,completed
T02418,2024-01-04 01:00:00,New York,Downtown,40.71017035545026,-74.01446328330942,48.345231496835304,completed
T03371,2024-01-04 02:00:00,New York,Downtown,40.67148047758333,-74.06110525908574,29.16103052173828,completed
T02239,2024-01-04 02:00:00,San Francisco,Downtown,37.80670358322616,-122.3925304718907,16.407798994963876,completed
T02924,2024-01-04 02:00:00,New York,Downtown,40.8069370752437,-74.02054880035062,23.660752367210623,completed
T03782,2024-01-04 02:00:00,New York,Suburbs,40.714605795188625,-74.06878173144315,30.787123346694347,completed
T00589,2024-01-04 02:00:00,London,Downtown,51.53736407237366,-0.07628358070793279,16.929539657722845,completed
T00924,2024-01-04 02:00:00,New York,Suburbs,40.72587113059504,-73.92414054023394,10.347789092920596,completed
T00834,2024-01-04 02:00:00,San Francisco,Airport,37.796639978051196,-122.37502123170432,71.28281097418326,completed
T03467,2024-01-04 02:00:00,New York,Airport,40.77973263125589,-74.09472630954863,23.32261716401263,completed
T04123,2024-01-04 02:00:00,New York,Downtown,40.697799934196794,-73.97939143518529,25.764037590784202,completed
T02098,2024-01-04 03:00:00,New York,Downtown,40.781425166775655,-74.00043647816088,10.946292042576001,completed
T04173,2024-01-04 03:00:00,London,Downtown,51.581134546813935,-0.10548074625600268,15.676167339478095,completed
T03788,2024-01-04 03:00:00,San Francisco,Downtown,37.8148647282901,-122.33517195120503,51.75699544326959,completed
T01874,2024-01-04 03:00:00,San Francisco,Airport,37.77906846696487,-122.44138887371885,38.94413949737164,completed
T04562,2024-01-04 03:00:00,San Francisco,Downtown,37.749407800535074,-122.40848303725808,21.699029567327273,completed
T00657,2024-01-04 03:00:00,San Francisco,Downtown,37.780654797701715,-122.35885287851683,37.477461807091,completed
T01613,2024-01-04 04:00:00,New York,Suburbs,40.64696047205409,-73.98483414668465,21.22952367446597,completed
T04340,2024-01-04 04:00:00,New York,Downtown,40.68644237712038,-74.00907803892146,24.482598167667874,completed
T01495,2024-01-04 04:00:00,London,Downtown,51.582061718141425,-0.06681365996763818,28.571063401656303,completed
T01039,2024-01-04 04:00:00,San Francisco,Suburbs,37.8020935329489,-122.43933409255773,14.304108928517628,completed
T02302,2024-01-04 04:00:00,New York,Airport,40.703124114540586,-73.96507463141577,20.36462242542935,completed
T00189,2024-01-04 04:00:00,New York,Downtown,40.6832680132664,-74.03006514262918,36.24167634735003,no_driver
T00325,2024-01-04 04:00:00,New York,Suburbs,40.717964598692994,-74.06554083566915,23.927250674815276,completed
T04063,2024-01-04 04:00:00,London,Suburbs,51.48575861175158,-0.13250020121842257,26.662980299289046,completed
T01870,2024-01-04 05:00:00,San Francisco,Downtown,37.826615111976025,-122.36142155615352,43.684816919598575,cancelled
T01252,2024-01-04 05:00:00,San Francisco,Downtown,37.76640756872871,-122.34847854162005,25.75584122395398,completed
T03583,2024-01-04 05:00:00,San Francisco,Airport,37.69521634374555,-122.44914830276579,14.76188078906846,completed
T02185,2024-01-04 05:00:00,New York,Suburbs,40.80028468066887,-74.01363978850235,12.771363256524342,completed
T01406,2024-01-04 05:00:00,San Francisco,Suburbs,37.85256115314381,-122.47998525964296,22.733942959249262,completed
T04720,2024-01-04 05:00:00,New York,Suburbs,40.63077658311412,-74.07345402256946,13.396928501660145,completed
T04426,2024-01-04 05:00:00,New York,Suburbs,40.6947126623418,-74.0181997499796,38.65477595087404,completed
T03536,2024-01-04 05:00:00,New York,Downtown,40.77033062684648,-73.94434748107172,12.149036620936446,no_driver
T04408,2024-01-04 05:00:00,New York,Suburbs,40.70625500426897,-73.91729021115752,12.62540932414852,completed
T00213,2024-01-04 05:00:00,London,Downtown,51.45308817499079,-0.10573919975343826,5.5197948225559745,completed
T02774,2024-01-04 06:00:00,San Francisco,Airport,37.735637128214385,-122.40302121689338,22.949050762590456,completed
T00861,2024-01-04 06:00:00,London,Downtown,51.498208714421445,-0.1877461670979878,19.75428820773721,completed
T03706,2024-01-04 06:00:00,London,Suburbs,51.44038333970664,-0.15632073843710093,17.634897782606323,completed
T00649,2024-01-04 06:00:00,San Francisco,Suburbs,37.80966944337596,-122.34411981431604,23.37160486810086,cancelled
T00864,2024-01-04 06:00:00,San Francisco,Downtown,37.89116910283412,-122.3561397154176,16.754344258770445,completed
T04808,2024-01-04 07:00:00,New York,Downtown,40.6572720308277,-73.95336686328598,8.642060518996306,completed
T03996,2024-01-04 07:00:00,San Francisco,Suburbs,37.73556135691229,-122.43602022746094,42.516092536771154,completed
T02714,2024-01-04 07:00:00,London,Airport,51.55024109257218,-0.04211164773952762,46.02863034761573,completed
T02807,2024-01-04 07:00:00,San Francisco,Downtown,37.84719083455197,-122.37158772295199,47.55201379601891,completed
T01083,2024-01-04 07:00:00,New York,Downtown,40.62509607240354,-73.99381145138553,21.20717541872083,completed
T01709,2024-01-04 07:00:00,New York,Suburbs,40.65793127090535,-74.00561541449397,13.870740398820887,completed
T01967,2024-01-04 07:00:00,London,Airport,51.49795043781655,-0.012733779531607606,16.339730126102566,completed
T00093,2024-01-04 07:00:00,San Francisco,Downtown,37.78180363329464,-122.41211060424061,31.264911411264453,completed
T01178,2024-01-04 07:00:00,London,Suburbs,51.3767365730415,-0.06547100224383179,38.972019422789316,completed
T01448,2024-01-04 08:00:00,San Francisco,Suburbs,37.880026702327186,-122.3571750125097,39.85389884435981,completed
T03998,2024-01-04 08:00:00,New York,Suburbs,40.63906234967745,-73.97980694692454,13.911980245719931,completed
T03805,2024-01-04 08:00:00,New York,Airport,40.678889859095825,-74.001780099454,61.65134843483639,completed
T00738,2024-01-04 08:00:00,New York,Downtown,40.68685177961898,-73.93863798654561,66.57532948496831,no_driver
T04732,2024-01-04 08:00:00,New York,Downtown,40.717260461622054,-74.03838967735767,33.93067352658081,completed
T02531,2024-01-04 08:00:00,New York,Downtown,40.710888402653254,-73.98370794852313,28.126452065979315,completed
T00571,2024-01-04 08:00:00,San Francisco,Downtown,37.73327109343062,-122.45410222215074,27.895652439476663,completed
T02070,2024-01-04 08:00:00,New York,Downtown,40.62592961297059,-73.99558844268583,23.255985359026916,completed
T04088,2024-01-04 09:00:00,New York,Downtown,40.72128890351347,-74.0079971887486,31.538662594775243,completed
T03745,2024-01-04 09:00:00,San Francisco,Downtown,37.72810715159727,-122.42708600493066,6.73117883965016,completed
T01251,2024-01-04 09:00:00,San Francisco,Airport,37.75845659208169,-122.43444516541604,25.208199984588585,completed
T01383,2024-01-04 09:00:00,London,Airport,51.50137485347469,-0.156064884823102,19.754348775365045,completed
T01290,2024-01-04 09:00:00,New York,Downtown,40.70388898054998,-74.06016196306028,25.4719274940048,completed
T00526,2024-01-04 09:00:00,London,Suburbs,51.53150480764802,-0.02915092147149545,9.90910833578199,completed
T04338,2024-01-04 09:00:00,New York,Airport,40.73999165833715,-73.88742946435381,22.940053415548327,completed
T01003,2024-01-04 09:00:00,New York,Airport,40.793229725690345,-74.02825709567892,43.768560242632326,no_driver
T02962,2024-01-04 09:00:00,London,Downtown,51.471707898137424,-0.167385165783773,21.4978095409518,completed
T01731,2024-01-04 09:00:00,San Francisco,Downtown,37.76354478818333,-122.40059560925845,17.717924480134744,completed
T04365,2024-01-04 09:00:00,London,Suburbs,51.535459262097056,-0.1659224487518936,36.52730231541877,completed
T02384,2024-01-04 10:00:00,New York,Suburbs,40.73115010916232,-74.06463479249436,16.7658323777591,completed
T02295,2024-01-04 10:00:00,London,Downtown,51.47552038144462,-0.14282385516011736,11.673373336670732,cancelled
T00247,2024-01-04 10:00:00,New York,Downtown,40.719076068754674,-74.06595305913918,31.11663624769846,completed
T00937,2024-01-04 10:00:00,San Francisco,Downtown,37.821316364347965,-122.34174868616053,29.635521418563865,completed
T03387,2024-01-04 10:00:00,New York,Downtown,40.72458589059563,-74.0206833069314,17.088163516670537,completed
T00431,2024-01-04 10:00:00,San Francisco,Downtown,37.760396267263424,-122.46694084923053,14.609259968568406,completed
T04203,2024-01-04 10:00:00,New York,Downtown,40.72307034706005,-73.95486924891907,28.162123903218607,completed
T02231,2024-01-04 10:00:00,New York,Downtown,40.68197712709344,-73.99368164426951,8.735322264837823,completed
T04938,2024-01-04 11:00:00,London,Downtown,51.47189914834495,-0.09049198503386147,44.76435859185905,completed
T04916,2024-01-04 11:00:00,New York,Suburbs,40.72256533699258,-74.0355292554444,23.030433050395956,completed
T03789,2024-01-04 11:00:00,New York,Suburbs,40.6924563820085,-74.0754814121081,17.52430815199583,completed
T02457,2024-01-04 11:00:00,New York,Suburbs,40.72330769993003,-74.04268165976863,27.477889720219522,completed
T04693,2024-01-04 11:00:00,New York,Airport,40.734166009355015,-74.03667250516514,11.793534885002,cancelled
T03156,2024-01-04 11:00:00,San Francisco,Downtown,37.80673490684634,-122.39708282937656,32.04504533673331,completed
T02725,2024-01-04 11:00:00,San Francisco,Downtown,37.76222555223232,-122.36720301816307,50.37638350476628,cancelled
T01558,2024-01-04 11:00:00,New York,Downtown,40.698571759481624,-73.99469193249182,21.20925988865966,completed
T04488,2024-01-04 11:00:00,London,Downtown,51.41404784776869,-0.07314825009087497,14.482682492472824,completed
T02148,2024-01-04 11:00:00,New York,Suburbs,40.71000606227553,-74.05761145679712,23.68064302346538,completed
T00743,2024-01-04 11:00:00,New York,Downtown,40.69279161810842,-74.04687969139232,15.895666492508338,completed
T01528,2024-01-04 12:00:00,New York,Downtown,40.775808616226996,-73.96358942801639,45.935091610320455,completed
T02602,2024-01-04 12:00:00,San Francisco,Downtown,37.73755652128816,-122.41427223583364,9.111765747224307,completed
T00896,2024-01-04 12:00:00,New York,Downtown,40.736668193699565,-74.0819683185958,14.821819936181841,completed
T01098,2024-01-04 12:00:00,London,Suburbs,51.44640236577916,-0.08585981022322714,29.256626744994225,completed
T04697,2024-01-04 12:00:00,San Francisco,Suburbs,37.781088137861666,-122.3767129813709,17.76102469395132,completed
T00430,2024-01-04 12:00:00,San Francisco,Airport,37.796429912350845,-122.39321541914798,21.926231430406176,completed
T02585,2024-01-04 13:00:00,San Francisco,Downtown,37.86001716153417,-122.37722159639196,10.760799519712293,completed
T00118,2024-01-04 13:00:00,New York,Airport,40.75421334893043,-74.09434609430872,31.326881023588843,completed
T02246,2024-01-04 13:00:00,London,Suburbs,51.48212962969126,-0.1669997964867004,15.209558975091612,completed
T00512,2024-01-04 13:00:00,New York,Downtown,40.704170081122385,-74.06801296336202,40.85200962778718,no_driver
T00441,2024-01-04 13:00:00,New York,Suburbs,40.8312717717962,-73.96927416271407,8.716468607819262,cancelled
T01656,2024-01-04 13:00:00,New York,Airport,40.77383560726086,-74.07793749515152,22.478971038802413,completed
T01427,2024-01-04 13:00:00,London,Downtown,51.463435710056764,-0.13509261073569762,35.269625869178626,completed
T01554,2024-01-04 13:00:00,New York,Airport,40.7294517842131,-73.99734685254548,26.101737289277466,cancelled
T04006,2024-01-04 13:00:00,London,Downtown,51.49758041300683,-0.08835937054695599,12.954976558387264,completed
T00796,2024-01-04 13:00:00,San Francisco,Airport,37.81571790508872,-122.34826620342133,29.108301136957753,completed
T01902,2024-01-04 13:00:00,New York,Downtown,40.71969282311349,-74.05396854372725,41.76371192222906,completed
T03850,2024-01-04 14:00:00,New York,Downtown,40.92019475251669,-74.01654300081383,18.22046311447235,completed
T02805,2024-01-04 14:00:00,London,Suburbs,51.51662166748203,-0.20443925091831172,15.837638919481954,no_driver
T01097,2024-01-04 14:00:00,London,Downtown,51.56722065946552,-0.12555960400708543,40.75682928040723,completed
T01718,2024-01-04 14:00:00,San Francisco,Airport,37.68917674677071,-122.39210920062878,32.81744368089025,completed
T01335,2024-01-04 15:00:00,New York,Airport,40.66748459312477,-73.96129581715557,30.66429168359702,completed
T03162,2024-01-04 15:00:00,London,Airport,51.46974795553617,-0.15607604576401365,20.261834187002954,completed
T02705,2024-01-04 15:00:00,San Francisco,Suburbs,37.880279656839285,-122.424176859742,19.371847132477033,no_driver
T02925,2024-01-04 15:00:00,New York,Suburbs,40.71388057157273,-73.94700524642606,30.496652797191082,cancelled
T02691,2024-01-04 15:00:00,New York,Downtown,40.75661667811442,-73.98816378597807,33.0279229456061,completed
T00023,2024-01-04 15:00:00,London,Downtown,51.53614982394882,-0.1318188712626318,11.430593250060127,completed
T04393,2024-01-04 15:00:00,New York,Downtown,40.76908070760357,-74.07111878743225,45.26188623036231,completed
T04474,2024-01-04 15:00:00,London,Downtown,51.58958156776733,-0.07656236941699474,35.11594869480568,completed
T01646,2024-01-04 15:00:00,New York,Suburbs,40.69463594442854,-74.0785825025867,9.353326229698268,completed
T00650,2024-01-04 16:00:00,New York,Airport,40.73453986809938,-73.98125061951889,48.490881811671834,completed
T01432,2024-01-04 16:00:00,New York,Downtown,40.65344677996895,-73.94814571204864,11.463447358169105,completed
T02396,2024-01-04 16:00:00,New York,Downtown,40.69618270370309,-74.04286352942347,11.771438031480065,completed
T01508,2024-01-04 16:00:00,New York,Suburbs,40.6612856798707,-74.01555436622094,13.22649125083192,completed
T02991,2024-01-04 16:00:00,New York,Downtown,40.72134977569452,-74.09533376426702,9.192765410421645,completed
T03171,2024-01-04 16:00:00,New York,Downtown,40.64784107965228,-74.06773347473906,34.83168461497005,completed
T03394,2024-01-04 16:00:00,New York,Suburbs,40.8108774361622,-73.96163892952649,8.929843839290692,completed
T03827,2024-01-04 17:00:00,San Francisco,Downtown,37.75316182117489,-122.41510725284965,23.369129446586182,completed
T02297,2024-01-04 17:00:00,San Francisco,Airport,37.715272774312325,-122.37836094362079,10.713356141760631,completed
T04498,2024-01-04 17:00:00,London,Downtown,51.479715463479295,-0.05903203509392631,15.594636752843334,completed
T02771,2024-01-04 17:00:00,New York,Downtown,40.652819446238226,-74.02870784134984,21.192947202176573,completed
T04645,2024-01-04 17:00:00,London,Suburbs,51.60367350575102,-0.16503959061099294,18.43173720182475,completed
T04129,2024-01-04 17:00:00,San Francisco,Downtown,37.84493030306689,-122.44656309544455,20.987050028221578,completed
T02299,2024-01-04 18:00:00,London,Downtown,51.4968176584624,-0.1599145509738098,29.254612408141647,completed
T01205,2024-01-04 18:00:00,London,Downtown,51.524048623354076,-0.13634499701044706,8.881394433237379,completed
T00157,2024-01-04 18:00:00,New York,Downtown,40.73200726677084,-74.01216334580903,25.316264108749845,completed
T00882,2024-01-04 18:00:00,San Francisco,Downtown,37.74417864318433,-122.44013266638994,14.575051652281779,completed
T00917,2024-01-04 18:00:00,San Francisco,Downtown,37.76964577278693,-122.51320813103902,35.87857656709372,completed
T02514,2024-01-04 19:00:00,New York,Downtown,40.76622509933888,-74.0452362295494,15.740619136167656,completed
T02903,2024-01-04 20:00:00,New York,Airport,40.74217968802692,-73.93688882753212,47.95486921441588,completed
T04403,2024-01-04 20:00:00,New York,Downtown,40.76416876305892,-73.96943884840023,17.2279070688449,completed
T00878,2024-01-04 20:00:00,San Francisco,Downtown,37.7575394675062,-122.45746057490759,22.251752078281324,completed
T02394,2024-01-04 20:00:00,London,Downtown,51.4540086463861,-0.13481992675236015,28.167468018482765,completed
T01312,2024-01-04 20:00:00,San Francisco,Downtown,37.80686683021217,-122.38149965815832,20.545373817718115,completed
T01591,2024-01-04 20:00:00,San Francisco,Downtown,37.7592776786677,-122.42554049206854,42.19966177734073,completed
T04059,2024-01-04 21:00:00,New York,Suburbs,40.68131954044053,-73.99878850144317,42.119897456522565,completed
T04459,2024-01-04 21:00:00,San Francisco,Suburbs,37.836272260455736,-122.44514686906562,69.67802827248123,completed
T04321,2024-01-04 21:00:00,San Francisco,Downtown,37.76580363682352,-122.37442666847522,16.75510458139084,completed
T01174,2024-01-04 21:00:00,San Francisco,Downtown,37.76513280978352,-122.34479963800824,44.76196316052401,completed
T03342,2024-01-04 21:00:00,London,Suburbs,51.4865929620995,-0.133191536485506,28.645510740161562,no_driver
T00991,2024-01-04 22:00:00,New York,Downtown,40.674002590861264,-73.96152468035872,8.18753426663045,completed
T02143,2024-01-04 22:00:00,London,Downtown,51.51404179714377,-0.15150752286150812,36.47620202170886,completed
T00275,2024-01-04 22:00:00,New York,Downtown,40.72420068646031,-74.03850905759631,41.11108641918717,completed
T03041,2024-01-04 22:00:00,New York,Airport,40.80516197174355,-74.05430676043892,21.880781374063748,completed
T02096,2024-01-04 22:00:00,New York,Downtown,40.755435150656396,-74.00479048980603,42.6688261581614,completed
T02796,2024-01-04 23:00:00,San Francisco,Downtown,37.80051847119729,-122.471748531765,47.429431971127556,completed
T04960,2024-01-04 23:00:00,New York,Downtown,40.68586133680921,-73.98852648622176,15.99906307838203,completed
T03561,2024-01-04 23:00:00,San Francisco,Airport,37.758328824968224,-122.46675632678145,76.82836934462797,completed
T04981,2024-01-04 23:00:00,San Francisco,Downtown,37.80373471086163,-122.37600980647704,11.199504513250925,no_driver
T03444,2024-01-04 23:00:00,San Francisco,Downtown,37.809940500954646,-122.38218128154165,43.94214370568546,completed
T02971,2024-01-05 00:00:00,New York,Airport,40.65800976736483,-74.00983883793783,14.736208167591634,completed
T00502,2024-01-05 00:00:00,New York,Airport,40.74286781552005,-74.0853414979005,37.949185320880375,no_driver
T04332,2024-01-05 00:00:00,New York,Downtown,40.79885806223421,-74.04595552714008,21.835178273095323,completed
T00806,2024-01-05 00:00:00,London,Airport,51.53258718787883,-0.09428990695399661,11.532092526032406,cancelled
T02173,2024-01-05 00:00:00,New York,Downtown,40.66292598278805,-73.97718603587306,33.675625957773576,completed
T02838,2024-01-05 00:00:00,New York,Downtown,40.61363672049466,-73.93886208823598,23.960073582834006,completed
T02461,2024-01-05 00:00:00,New York,Downtown,40.691066197270935,-73.97518042880692,27.661529785409577,completed
T01915,2024-01-05 00:00:00,San Francisco,Suburbs,37.698740350379126,-122.4035801749462,37.62969994668308,completed
T03777,2024-01-05 00:00:00,New York,Airport,40.70347807604071,-73.90027011902721,24.965966885208097,completed
T01741,2024-01-05 00:00:00,San Francisco,Downtown,37.78546469264376,-122.5356427339542,54.61269670791833,completed
T00687,2024-01-05 00:00:00,London,Suburbs,51.530182386496655,-0.09912102243657156,15.369105319150467,completed
T03923,2024-01-05 00:00:00,London,Suburbs,51.528632812667624,-0.10539966167623685,7.419177694312337,completed
T00771,2024-01-05 00:00:00,San Francisco,Suburbs,37.76570233507818,-122.4108340089921,9.637804728669842,cancelled
T01363,2024-01-05 01:00:00,New York,Downtown,40.680979203522305,-73.98360099203518,12.049848502614939,completed
T04294,2024-01-05 01:00:00,New York,Downtown,40.652206527086996,-74.05256062558209,23.272790313828025,completed
T03250,2024-01-05 01:00:00,London,Downtown,51.435577613211535,-0.10124602488367962,9.297807886145605,completed
T04278,2024-01-05 01:00:00,London,Downtown,51.4806733502663,-0.13915894303256882,24.918841458272787,completed
T04776,2024-01-05 01:00:00,New York,Suburbs,40.684314417467306,-74.00633046445097,47.61164187287423,completed
T03614,2024-01-05 01:00:00,New York,Downtown,40.722634376428495,-73.9490164218832,21.932233886419844,completed
T04037,2024-01-05 01:00:00,London,Downtown,51.40976912558213,-0.048485972985152545,19.31272858028794,completed
T02693,2024-01-05 02:00:00,London,Downtown,51.47596658801666,-0.1746656300950082,34.717973226656426,completed
T00860,2024-01-05 02:00:00,New York,Downtown,40.75421809787619,-73.94481450033936,17.12331900500235,completed
T03903,2024-01-05 02:00:00,San Francisco,Suburbs,37.85201097115732,-122.33720913747149,29.225315566040283,cancelled
T03744,2024-01-05 02:00:00,San Francisco,Downtown,37.781188129061306,-122.47966045021478,8.607315364531889,completed
T00778,2024-01-05 02:00:00,New York,Suburbs,40.658789409863836,-74.04022711655989,13.004489741019924,no_driver
T03570,2024-01-05 03:00:00,London,Airport,51.546665356855726,-0.17339727944275501,20.14228978220153,completed
T00393,2024-01-05 03:00:00,New York,Downtown,40.718435315586895,-74.03069861048667,18.07399566316995,completed
T00017,2024-01-05 03:00:00,London,Suburbs,51.578350209812555,-0.17177750981518794,9.03225004219354,completed
T02502,2024-01-05 03:00:00,New York,Suburbs,40.73677828619819,-73.94145262830298,26.887281710581515,cancelled
T04019,2024-01-05 03:00:00,London,Suburbs,51.47214512571356,-0.08938027877314275,54.97619030104041,completed
T02285,2024-01-05 03:00:00,London,Downtown,51.45412897373577,-0.08029895974524273,32.38476587141271,completed
T03169,2024-01-05 04:00:00,London,Suburbs,51.51700914125174,-0.1402648306513776,26.91024475221689,completed
T04128,2024-01-05 04:00:00,San Francisco,Airport,37.7718064011092,-122.47853203002995,26.75318878575738,completed
T04744,2024-01-05 04:00:00,San Francisco,Downtown,37.82131239050681,-122.42496298172176,21.403425257469333,completed
T03608,2024-01-05 04:00:00,New York,Downtown,40.704285135878926,-74.02293015020987,28.237285627384047,completed
T03647,2024-01-05 04:00:00,London,Downtown,51.55499043926718,-0.18104505048320235,18.367589163221133,completed
T02013,2024-01-05 04:00:00,New York,Suburbs,40.75838057315014,-73.96938373786185,41.51304786179185,completed
T01035,2024-01-05 05:00:00,London,Suburbs,51.46076819906697,-0.1660194190145631,11.517762121573224,completed
T00232,2024-01-05 05:00:00,San Francisco,Downtown,37.75710819378299,-122.38518032415615,11.905625448702668,completed
T01459,2024-01-05 05:00:00,New York,Suburbs,40.74025113172692,-74.01630380038318,23.226152837043205,completed
T03632,2024-01-05 05:00:00,New York,Suburbs,40.72932756747581,-73.95690575077279,20.858444054512113,cancelled
T01150,2024-01-05 05:00:00,New York,Suburbs,40.74281568957889,-74.01923184182469,23.788369609132797,completed
T02274,2024-01-05 05:00:00,San Francisco,Downtown,37.698775538254424,-122.34735035439535,32.53579273999999,completed
T01669,2024-01-05 05:00:00,London,Downtown,51.51368111553275,-0.043694062730991884,53.50697326785979,completed
T00985,2024-01-05 05:00:00,New York,Suburbs,40.70350938934777,-73.95635309062587,12.27165617126078,completed
T04286,2024-01-05 05:00:00,San Francisco,Downtown,37.79907533633407,-122.43217910702634,28.66217325425867,completed
T00235,2024-01-05 05:00:00,London,Downtown,51.506946983240546,-0.12548520635698868,43.72819858916983,completed
T02000,2024-01-05 05:00:00,New York,Downtown,40.64891939909814,-74.0058228973849,20.739818484243806,completed
T03960,2024-01-05 05:00:00,New York,Downtown,40.71703101614558,-73.94620861142079,23.15624199757218,completed
T00791,2024-01-05 06:00:00,New York,Downtown,40.654836190926574,-74.04275317902514,18.093222702823475,completed
T03825,2024-01-05 06:00:00,New York,Airport,40.67024991959463,-74.00744782558412,22.57847229898783,no_driver
T01627,2024-01-05 06:00:00,San Francisco,Downtown,37.851249569762885,-122.48721996781256,12.12951418592816,completed
T00184,2024-01-05 06:00:00,New York,Airport,40.706478531433525,-74.10315466780654,14.095528469566199,completed
T01758,2024-01-05 06:00:00,London,Downtown,51.48483179133724,-0.05213415501718971,28.726245751549815,completed
T04662,2024-01-05 06:00:00,London,Downtown,51.51437381976345,-0.07232836397406746,26.19879483555552,no_driver
T04951,2024-01-05 06:00:00,New York,Suburbs,40.75842539789396,-74.04907666884148,36.29386440633887,completed
T02017,2024-01-05 06:00:00,New York,Suburbs,40.7661979613368,-74.01175056627622,28.81028304794537,completed
T00897,2024-01-05 06:00:00,New York,Suburbs,40.6481313782375,-73.9919361085669,24.3229561700172,completed
T00047,2024-01-05 06:00:00,New York,Downtown,40.70989326525877,-74.02822132599668,27.728672095576204,completed
T02050,2024-01-05 06:00:00,San Francisco,Airport,37.80525844840975,-122.47914990990476,30.9808035853587,no_driver
T02927,2024-01-05 06:00:00,London,Downtown,51.51134110000013,-0.16210953540451103,21.72907336975046,completed
T01115,2024-01-05 07:00:00,New York,Airport,40.731495399273236,-74.0437128684811,23.118709725737794,completed
T03247,2024-01-05 07:00:00,San Francisco,Downtown,37.85831528318292,-122.54113121847055,20.326935069729675,completed
T04231,2024-01-05 07:00:00,London,Downtown,51.4732640525215,-0.09402858441807521,34.498064670671866,completed
T00388,2024-01-05 07:00:00,San Francisco,Downtown,37.72566112070755,-122.42368095654611,14.223874544374869,completed
T04896,2024-01-05 07:00:00,New York,Downtown,40.664225007826396,-74.0676899809941,29.837488083985328,completed
T02682,2024-01-05 07:00:00,London,Downtown,51.498612101505664,-0.17060579187047903,25.24987997659955,completed
T03363,2024-01-05 07:00:00,San Francisco,Suburbs,37.80712172513478,-122.440918601957,21.230375219001235,completed
T03077,2024-01-05 07:00:00,London,Downtown,51.46614009339233,-0.14097060164622907,14.001326849304842,completed
T03767,2024-01-05 07:00:00,New York,Suburbs,40.660766376356506,-73.94304941226328,22.057496178653007,completed
T03422,2024-01-05 08:00:00,New York,Suburbs,40.671061906032904,-73.99065768803565,10.135567086641217,completed
T04851,2024-01-05 08:00:00,New York,Airport,40.71798197564152,-73.99700467833351,36.75234443513603,completed
T00994,2024-01-05 08:00:00,London,Suburbs,51.47351372478773,-0.034402051398999295,28.32397160314394,no_driver
T00995,2024-01-05 08:00:00,San Francisco,Suburbs,37.696656260356924,-122.46148038743121,27.322069065756338,completed
T03759,2024-01-05 08:00:00,San Francisco,Downtown,37.71533895769947,-122.44493926588146,38.16958239013347,completed
T01092,2024-01-05 08:00:00,London,Downtown,51.52059690296937,-0.049145889623947406,60.9174150406841,completed
T04563,2024-01-05 08:00:00,New York,Downtown,40.76485989678766,-74.04599422382407,9.311194328330174,completed
T02061,2024-01-05 08:00:00,New York,Downtown,40.7733429054732,-74.01017234378452,31.944670546589904,completed
T03397,2024-01-05 08:00:00,San Francisco,Suburbs,37.8119393996636,-122.38930267915352,28.012947845002248,completed
T01968,2024-01-05 08:00:00,New York,Downtown,40.671151576623984,-73.93821287838765,20.91649286683595,completed
T01463,2024-01-05 09:00:00,San Francisco,Downtown,37.72722144082311,-122.43863783598796,25.287853120915713,no_driver
T02718,2024-01-05 09:00:00,London,Downtown,51.515820045972916,-0.11447497001998441,15.722470093047626,completed
T00494,2024-01-05 09:00:00,New York,Downtown,40.64505017573255,-74.01351182537472,10.604491379005651,completed
T02245,2024-01-05 09:00:00,New York,Downtown,40.752713224731544,-73.92987191514707,33.611168656731806,completed
T02166,2024-01-05 09:00:00,New York,Downtown,40.75062090253352,-74.05605129516309,20.510091668446837,completed
T01308,2024-01-05 10:00:00,San Francisco,Downtown,37.76141600191377,-122.41370396280674,19.19481164337231,completed
T02233,2024-01-05 10:00:00,New York,Suburbs,40.75423084494531,-74.00756867468424,39.71008015057464,completed
T03620,2024-01-05 10:00:00,London,Suburbs,51.5381596411174,-0.13877451747900985,25.55986331375053,cancelled
T01885,2024-01-05 10:00:00,New York,Downtown,40.69093796046627,-74.03723910417663,50.06204616124759,completed
T03417,2024-01-05 10:00:00,San Francisco,Downtown,37.758316578938135,-122.41387623780524,16.645066648054826,completed
T02736,2024-01-05 10:00:00,New York,Downtown,40.717972596885524,-73.92844514848586,21.52686395722117,completed
T01541,2024-01-05 10:00:00,New York,Downtown,40.70075398574336,-74.10887181789258,20.70664825403935,completed
T00243,2024-01-05 10:00:00,New York,Suburbs,40.69690345204502,-73.95881411303947,11.602186810820811,completed
T02308,2024-01-05 11:00:00,New York,Suburbs,40.76055704434838,-74.0427003301684,21.16726022332503,no_driver
T04901,2024-01-05 11:00:00,New York,Downtown,40.73921995079281,-74.04754401555262,28.03700495953551,completed
T02997,2024-01-05 11:00:00,New York,Downtown,40.69432167940636,-73.92758041469983,23.5043694949313,no_driver
T00014,2024-01-05 11:00:00,New York,Downtown,40.62434049389334,-74.05105431642596,7.741177966831794,completed
T03950,2024-01-05 11:00:00,London,Airport,51.55673168850381,-0.1430442688798427,36.266715901229986,cancelled
T03004,2024-01-05 11:00:00,New York,Downtown,40.83896853088318,-73.95110922584591,12.15934707750807,completed
T04503,2024-01-05 11:00:00,London,Downtown,51.57096751285794,-0.030678940619625464,12.74989361080604,completed
T00671,2024-01-05 11:00:00,New York,Downtown,40.704567565181414,-74.02960137275804,36.30797882803609,completed
T04352,2024-01-05 12:00:00,San Francisco,Downtown,37.71360777800658,-122.35544654046093,15.791096031550989,completed
T04201,2024-01-05 12:00:00,New York,Airport,40.695272044153874,-73.96650790927245,18.627355273082326,completed
T00515,2024-01-05 12:00:00,London,Downtown,51.4824761512172,-0.17510964013297503,21.65436478872322,completed
T00986,2024-01-05 12:00:00,San Francisco,Downtown,37.81058921523209,-122.50368183592579,36.81454694829316,completed
T04739,2024-01-05 12:00:00,San Francisco,Downtown,37.861020696156764,-122.52958057116727,15.596969962515034,completed
T01773,2024-01-05 12:00:00,San Francisco,Suburbs,37.739833187369484,-122.47327507861105,35.95930514671595,completed
T01519,2024-01-05 12:00:00,San Francisco,Suburbs,37.79246993177837,-122.39789764306825,36.94671411519714,completed
T00304,2024-01-05 13:00:00,New York,Suburbs,40.73184683627781,-73.94420548450505,55.51725446341271,completed
T03182,2024-01-05 13:00:00,New York,Suburbs,40.78434392262616,-73.97488985906912,17.02144557490863,completed
T02395,2024-01-05 13:00:00,New York,Downtown,40.6853186573257,-74.00685812303529,52.54547006357818,completed
T03099,2024-01-05 13:00:00,New York,Suburbs,40.76029201361175,-74.03247216442097,45.08451830863674,completed
T04865,2024-01-05 13:00:00,San Francisco,Downtown,37.69305209058964,-122.39747743041652,10.109155196826507,completed
T04841,2024-01-05 14:00:00,New York,Downtown,40.68033505485921,-74.05396022414948,17.066951757480876,completed
T00079,2024-01-05 14:00:00,London,Downtown,51.53324575773012,-0.1790412213765193,24.30760253607163,completed
T00290,2024-01-05 14:00:00,New York,Suburbs,40.70062340664539,-74.02125373464325,24.467154250103867,completed
T04798,2024-01-05 14:00:00,New York,Downtown,40.68745986744885,-73.95488638599724,29.007932879721633,completed
T03904,2024-01-05 14:00:00,New York,Downtown,40.76168691177841,-74.06253219764511,35.894379415380264,completed
T00138,2024-01-05 14:00:00,New York,Downtown,40.73121245037418,-74.00097055862956,16.248252793803324,completed
T01562,2024-01-05 14:00:00,London,Downtown,51.48988957261885,-0.09481625761541672,6.8503830568124595,completed
T01551,2024-01-05 14:00:00,New York,Downtown,40.78396788974025,-73.98406353779774,30.573410283511635,completed
T03253,2024-01-05 15:00:00,New York,Suburbs,40.70408086907687,-73.99113724825092,24.203119099345482,completed
T03796,2024-01-05 15:00:00,New York,Downtown,40.65875221120058,-74.0146328717644,14.099904323089676,completed
T02852,2024-01-05 15:00:00,New York,Airport,40.620149758886726,-74.0570920757683,11.629653802534271,completed
T02541,2024-01-05 15:00:00,New York,Downtown,40.634254321217654,-74.01361436077664,12.924499660525438,completed
T02102,2024-01-05 15:00:00,New York,Suburbs,40.6847807172645,-74.0266685665102,10.648502269373612,completed
T01452,2024-01-05 15:00:00,San Francisco,Downtown,37.72849147237905,-122.43317426608499,19.583969813408885,completed
T02857,2024-01-05 15:00:00,San Francisco,Downtown,37.7709475747634,-122.3666225968363,21.397064257956295,completed
T04602,2024-01-05 16:00:00,New York,Downtown,40.66457674032935,-74.01623775116617,25.41598125911227,completed
T00961,2024-01-05 16:00:00,New York,Downtown,40.79839972074064,-74.11703445492115,12.923553922532264,completed
T01782,2024-01-05 16:00:00,New York,Downtown,40.755393481678745,-73.98323989081821,12.106175767272774,completed
T02782,2024-01-05 16:00:00,New York,Downtown,40.81462242914814,-74.01980789411036,17.541517054523688,completed
T01400,2024-01-05 16:00:00,New York,Downtown,40.629700414927086,-73.99003592510974,19.67834237192754,completed
T01181,2024-01-05 16:00:00,New York,Downtown,40.69374687045834,-73.98439909712778,14.694973287492456,completed
T00503,2024-01-05 16:00:00,New York,Suburbs,40.65584846439017,-74.04976854976438,6.585264008504032,cancelled
T00612,2024-01-05 16:00:00,London,Downtown,51.47940795152004,-0.10424008489305955,14.65592089436491,cancelled
T03143,2024-01-05 16:00:00,London,Downtown,51.599912930938615,-0.07441117037312514,23.87729391969578,completed
T04051,2024-01-05 16:00:00,San Francisco,Downtown,37.7725815224193,-122.4326001885777,49.62466313497796,completed
T03673,2024-01-05 16:00:00,San Francisco,Suburbs,37.74133831800897,-122.4453512506153,22.44895316108615,cancelled
T02218,2024-01-05 17:00:00,New York,Airport,40.68759745888428,-73.95958415313939,15.504175311907906,completed
T02134,2024-01-05 17:00:00,New York,Downtown,40.71014983281486,-74.03247091528105,10.152015574074275,completed
T02290,2024-01-05 17:00:00,San Francisco,Airport,37.77353779773285,-122.40792884734836,13.313679120118495,cancelled
T04476,2024-01-05 17:00:00,London,Suburbs,51.487457793796125,-0.1373625505833569,73.4913075881685,completed
T00082,2024-01-05 17:00:00,San Francisco,Downtown,37.778853173376845,-122.46345764935145,10.733205243755481,completed
T04256,2024-01-05 17:00:00,San Francisco,Suburbs,37.85260212334343,-122.48241579164187,37.2133753899894,completed
T04260,2024-01-05 18:00:00,New York,Downtown,40.62608601329596,-74.03521579398398,21.579885049059857,completed
T04317,2024-01-05 18:00:00,New York,Downtown,40.76309402511618,-74.05174580784067,21.303106130472848,completed
T01849,2024-01-05 18:00:00,New York,Airport,40.74809630813865,-74.0725708132462,11.067933830047188,completed
T03221,2024-01-05 18:00:00,New York,Airport,40.7818728185637,-74.0118244926028,50.562312902211346,completed
T00293,2024-01-05 18:00:00,San Francisco,Downtown,37.77054594974159,-122.41971202713862,14.579342195572615,completed
T00381,2024-01-05 18:00:00,London,Downtown,51.41716209518834,-0.10248354638634037,9.324840744082886,completed
T01167,2024-01-05 18:00:00,San Francisco,Downtown,37.78805607010706,-122.31234731802654,16.375526998011633,completed
T04501,2024-01-05 18:00:00,San Francisco,Suburbs,37.814562369062415,-122.44399594868172,9.09781285768436,completed
T04738,2024-01-05 18:00:00,New York,Downtown,40.69169878029709,-74.03064862485881,23.0556317662594,completed
T00447,2024-01-05 18:00:00,San Francisco,Downtown,37.70277790010066,-122.4918271356698,14.547835125789522,completed
T02624,2024-01-05 18:00:00,New York,Downtown,40.672637888072146,-74.05524019440662,8.009708612259834,completed
T01856,2024-01-05 18:00:00,San Francisco,Suburbs,37.82841765191715,-122.41482621440139,47.55569847238493,completed
T02844,2024-01-05 18:00:00,San Francisco,Suburbs,37.76550885441799,-122.37302446602119,52.3592076511235,completed
T03131,2024-01-05 18:00:00,New York,Suburbs,40.658765241377054,-74.03964219515576,48.34666589999644,completed
T03313,2024-01-05 18:00:00,San Francisco,Airport,37.8275120705472,-122.30601904033227,62.04717195651543,completed
T03103,2024-01-05 19:00:00,San Francisco,Downtown,37.81658792367084,-122.3831766710817,23.6736546628426,completed
T03738,2024-01-05 19:00:00,New York,Suburbs,40.71869830291158,-73.9727504380624,20.49452031357511,completed
T04157,2024-01-05 20:00:00,New York,Downtown,40.72527965486793,-73.96720614481296,11.452495101948896,completed
T00476,2024-01-05 20:00:00,New York,Airport,40.693498867885545,-74.07482171763581,29.892665526259698,completed
T03113,2024-01-05 20:00:00,San Francisco,Airport,37.74625695134643,-122.45631935228823,18.58622361723011,completed
T02814,2024-01-05 20:00:00,New York,Downtown,40.792732157142105,-73.99722474053603,13.804168941913463,cancelled
T03318,2024-01-05 20:00:00,New York,Downtown,40.71485692693812,-73.92399896440246,10.977719739102913,completed
T03378,2024-01-05 20:00:00,San Francisco,Suburbs,37.79197776572156,-122.34392091308946,18.334382552992707,completed
T00076,2024-01-05 20:00:00,New York,Downtown,40.761238771273824,-73.96089854218287,29.86547612654889,completed
T03710,2024-01-05 20:00:00,San Francisco,Downtown,37.88485865638313,-122.46293464776905,14.09166757991679,completed
T03260,2024-01-05 20:00:00,London,Downtown,51.585018928290424,-0.116892474731534,16.455476833486664,completed
T04040,2024-01-05 21:00:00,London,Downtown,51.513620472912876,-0.1027230795939674,17.91517506020254,cancelled
T00223,2024-01-05 21:00:00,London,Downtown,51.51074849200345,-0.14706386000196495,30.424068216270097,completed
T00376,2024-01-05 21:00:00,New York,Downtown,40.77984497639302,-74.0731588082937,20.47862528918573,cancelled
T00958,2024-01-05 21:00:00,London,Suburbs,51.491471859795006,-0.18098161267630625,6.143535431529834,completed
T02506,2024-01-05 22:00:00,San Francisco,Downtown,37.75963695028243,-122.46479253821988,8.365309838494316,completed
T03656,2024-01-05 22:00:00,New York,Downtown,40.67193633931948,-74.0227810607993,44.60800993936418,completed
T02288,2024-01-05 22:00:00,London,Suburbs,51.49576163559537,-0.07478073671774102,33.2731549101092,completed
T01154,2024-01-05 22:00:00,New York,Airport,40.688418509099286,-74.10221416556192,15.702895130451626,completed
T04838,2024-01-05 22:00:00,San Francisco,Downtown,37.807446750162654,-122.4333843840969,16.26393977229665,completed
T02350,2024-01-05 22:00:00,San Francisco,Downtown,37.80258361502859,-122.45679750800119,31.92711740948823,cancelled
T00808,2024-01-05 23:00:00,San Francisco,Downtown,37.82638262054198,-122.38687240923015,22.75737526468132,completed
T00884,2024-01-05 23:00:00,San Francisco,Downtown,37.84688804209948,-122.41929473743134,21.564031088953403,completed
T00624,2024-01-05 23:00:00,New York,Suburbs,40.63398827007456,-73.93141225680951,33.48949769915359,completed
T00919,2024-01-05 23:00:00,New York,Airport,40.699655463150805,-74.04553482504569,25.752608837182542,completed
T02381,2024-01-05 23:00:00,San Francisco,Downtown,37.75502990911983,-122.38476733116889,20.696061422657202,completed
T03593,2024-01-05 23:00:00,New York,Downtown,40.61827757715985,-73.97803096618149,22.977222113139316,cancelled
T03421,2024-01-06 00:00:00,San Francisco,Downtown,37.700305379066904,-122.39567921834998,7.585219508250418,completed
T04030,2024-01-06 00:00:00,New York,Downtown,40.667312416314296,-74.04675335184149,18.02611344717579,completed
T01553,2024-01-06 01:00:00,San Francisco,Downtown,37.7041546620955,-122.32779741480587,16.23942942194783,cancelled
T00066,2024-01-06 01:00:00,San Francisco,Downtown,37.682052436136324,-122.39806087075824,28.913204324949874,completed
T03138,2024-01-06 01:00:00,San Francisco,Downtown,37.781844708534685,-122.47935395935652,56.49068631240203,no_driver
T03641,2024-01-06 01:00:00,London,Suburbs,51.506063655691825,-0.0849553675175532,16.950884791965816,completed
T03483,2024-01-06 01:00:00,New York,Suburbs,40.73319469268947,-74.05357413301088,9.937488357806213,completed
T02937,2024-01-06 01:00:00,New York,Downtown,40.760900384579855,-74.06059274378941,38.87532309095148,completed
T00673,2024-01-06 01:00:00,New York,Suburbs,40.73456041814935,-74.07293748705513,51.25374106407045,completed
T01667,2024-01-06 01:00:00,San Francisco,Downtown,37.77346848087696,-122.42227954959493,15.742130374752179,completed
T04712,2024-01-06 02:00:00,New York,Suburbs,40.7342685191939,-74.10217603354434,13.066965391114202,completed
T02071,2024-01-06 02:00:00,London,Downtown,51.52786291766887,-0.1366097443141927,33.419101985601216,completed
T02702,2024-01-06 02:00:00,London,Downtown,51.561646902131955,-0.08443835633764973,16.245172083967127,completed
T00892,2024-01-06 02:00:00,San Francisco,Suburbs,37.90664389004258,-122.37041519480294,19.680340106809037,completed
T04844,2024-01-06 02:00:00,New York,Downtown,40.75502911660158,-74.05539097883575,25.921083762914627,completed
T01900,2024-01-06 02:00:00,London,Downtown,51.52117158112517,-0.07490528971770369,15.192151919172945,completed
T01852,2024-01-06 02:00:00,New York,Downtown,40.647754838685174,-74.01078240771535,14.741265722464206,completed
T04527,2024-01-06 02:00:00,San Francisco,Airport,37.750942539447884,-122.4273169251043,11.765124944144025,completed
T03025,2024-01-06 02:00:00,London,Downtown,51.50488647818639,-0.13446354907254918,26.01892709527634,cancelled
T02966,2024-01-06 02:00:00,London,Downtown,51.427344130615715,-0.13888324531461482,19.49920330203411,completed
T04094,2024-01-06 03:00:00,New York,Suburbs,40.743407437718304,-74.00444877009572,27.13026000117308,no_driver
T04820,2024-01-06 03:00:00,New York,Downtown,40.7192939770884,-74.00134376734914,36.04223984666658,cancelled
T02553,2024-01-06 03:00:00,San Francisco,Airport,37.78666362778031,-122.46978955270438,10.829752135799954,completed
T04595,2024-01-06 04:00:00,San Francisco,Downtown,37.8457135952742,-122.40002050683185,51.78111184843789,completed
T03071,2024-01-06 04:00:00,New York,Downtown,40.67720485360301,-74.00014155606765,17.081962945406843,completed
T03379,2024-01-06 04:00:00,New York,Airport,40.62487870286761,-74.0191468926522,20.105123683150698,completed
T01082,2024-01-06 04:00:00,London,Suburbs,51.543798681932905,-0.1415136428669113,16.39721575939875,completed
T03758,2024-01-06 05:00:00,San Francisco,Downtown,37.74671064499725,-122.47162922936675,30.485526810843744,completed
T01714,2024-01-06 05:00:00,New York,Suburbs,40.66766354492597,-73.97142300930875,58.77403453107028,completed
T04017,2024-01-06 05:00:00,New York,Downtown,40.62496768827964,-74.0273304648592,16.39686003007261,completed
T02639,2024-01-06 05:00:00,New York,Downtown,40.69936565879132,-73.97130294918047,31.452218606023308,completed
T03372,2024-01-06 05:00:00,London,Downtown,51.462308946743626,-0.16475695394579615,7.842127368576939,no_driver
T00615,2024-01-06 05:00:00,New York,Downtown,40.70762496416207,-73.95563982107284,36.33461146545332,completed
T03431,2024-01-06 05:00:00,New York,Downtown,40.645717951172884,-74.03185571632031,44.70207648614618,completed
T02931,2024-01-06 06:00:00,New York,Suburbs,40.673848473679534,-73.94656914054971,27.86334734194543,completed
T00025,2024-01-06 06:00:00,London,Downtown,51.571631282020114,-0.09901143079926192,16.817164513435984,completed
T02630,2024-01-06 06:00:00,New York,Suburbs,40.80709143818499,-74.01522738839988,34.37524133346045,completed
T03428,2024-01-06 06:00:00,London,Suburbs,51.56736872925402,-0.15313105842763128,56.852932042437,completed
T04926,2024-01-06 06:00:00,London,Suburbs,51.47391126121657,-0.03349356646739704,42.079700704026614,completed
T02150,2024-01-06 06:00:00,New York,Suburbs,40.734720469276965,-74.01653270879827,32.85123557485535,completed
T02865,2024-01-06 07:00:00,New York,Downtown,40.712488942830355,-74.02892385529273,10.740850652446714,completed
T03064,2024-01-06 07:00:00,London,Downtown,51.532499671533714,-0.10871824807922278,20.614786937444755,cancelled
T00829,2024-01-06 07:00:00,New York,Suburbs,40.692776263033934,-73.94768687546376,52.94369395153815,completed
T00331,2024-01-06 07:00:00,San Francisco,Downtown,37.757095480904006,-122.41252801421435,11.334159438583072,completed
T01640,2024-01-06 07:00:00,New York,Downtown,40.65017642515088,-74.02195617635452,24.34402196310782,completed
T00090,2024-01-06 08:00:00,San Francisco,Downtown,37.75537169707534,-122.45261927668327,30.855331887742278,completed
T03622,2024-01-06 08:00:00,London,Suburbs,51.51275289700503,-0.0406474532538143,35.78676167565071,completed
T00427,2024-01-06 08:00:00,New York,Downtown,40.757423791911265,-73.96580849765945,22.102679507634097,cancelled
T01548,2024-01-06 08:00:00,San Francisco,Downtown,37.76540407779002,-122.46043117516447,10.373161395382512,completed
T03076,2024-01-06 08:00:00,New York,Suburbs,40.675814883823534,-74.01010068208389,12.986103329822706,completed
T01970,2024-01-06 08:00:00,London,Downtown,51.64021561258948,-0.08854343421274641,22.45927387954415,completed
T01974,2024-01-06 09:00:00,New York,Downtown,40.735266501642826,-73.94033345576315,13.932295301325064,completed
T01302,2024-01-06 09:00:00,New York,Downtown,40.693846514720825,-74.03267358725945,18.99943515998081,completed
T01371,2024-01-06 09:00:00,San Francisco,Downtown,37.825533056435006,-122.43072789587782,10.342615489516827,completed
T02181,2024-01-06 09:00:00,New York,Suburbs,40.692166108894156,-73.99193531117956,18.908028103484753,completed
T03577,2024-01-06 09:00:00,San Francisco,Suburbs,37.807953456978915,-122.44483554622225,20.224461435480947,completed
T02954,2024-01-06 10:00:00,New York,Downtown,40.77009010507809,-73.96721138892354,24.179448445785063,completed
T02349,2024-01-06 10:00:00,New York,Downtown,40.62746376061063,-73.96223553696893,43.4675352914521,completed
T02230,2024-01-06 10:00:00,London,Airport,51.49072450853958,-0.22643289795063803,25.969240208930657,no_driver
T04008,2024-01-06 10:00:00,New York,Downtown,40.688589519109186,-74.05176285241076,33.97220370802115,completed
T02787,2024-01-06 10:00:00,New York,Suburbs,40.713615616967104,-73.90336728317911,21.926230540202155,completed
T04985,2024-01-06 10:00:00,New York,Airport,40.75944061184632,-73.91723541708068,44.121572681371006,completed
T04305,2024-01-06 10:00:00,San Francisco,Downtown,37.736046814848535,-122.52322012321119,17.650633627188263,completed
T02007,2024-01-06 10:00:00,San Francisco,Downtown,37.742922711982644,-122.44578928111945,12.352001790923959,no_driver
T03847,2024-01-06 10:00:00,New York,Downtown,40.69104731439753,-74.03432726779563,27.52421953961669,completed
T03881,2024-01-06 10:00:00,New York,Downtown,40.771566885647935,-74.08064184309019,16.051331704202706,no_driver
T02577,2024-01-06 10:00:00,New York,Downtown,40.772109117473605,-73.99768177826672,8.341815966015101,completed
T01085,2024-01-06 11:00:00,New York,Airport,40.788613235112024,-74.11551075573067,23.84910235219047,completed
T04377,2024-01-06 11:00:00,San Francisco,Airport,37.75806473395604,-122.43407770210553,32.32410634656312,completed
T00434,2024-01-06 11:00:00,New York,Downtown,40.66405999742247,-73.97982297651521,13.833132139848708,completed
T00377,2024-01-06 11:00:00,San Francisco,Downtown,37.72820410987223,-122.42394133551055,32.51802771604441,completed
T00372,2024-01-06 11:00:00,San Francisco,Downtown,37.80064687296996,-122.498459759564,17.38973447000965,completed
T02336,2024-01-06 11:00:00,New York,Downtown,40.616651053699734,-73.93128411956704,14.88759186996077,completed
T02507,2024-01-06 11:00:00,London,Downtown,51.57707157644455,-0.14627130492794296,28.405250862436638,completed
T04870,2024-01-06 11:00:00,San Francisco,Downtown,37.75750837699307,-122.45669299878416,27.272285133828454,completed
T01883,2024-01-06 11:00:00,London,Downtown,51.578504335232765,-0.06104989473394992,17.654968325959494,completed
T00423,2024-01-06 11:00:00,New York,Suburbs,40.66845559328611,-74.09481702172228,13.798718491093556,completed
T02815,2024-01-06 12:00:00,San Francisco,Downtown,37.81728858717828,-122.36076563760827,18.93844856423688,completed
T03452,2024-01-06 12:00:00,San Francisco,Downtown,37.77426640269927,-122.38612126315158,17.16971852769607,completed
T02204,2024-01-06 12:00:00,New York,Downtown,40.75965282337973,-73.97676139378318,20.5554618882796,completed
T01314,2024-01-06 12:00:00,New York,Downtown,40.68604861918859,-74.04988879341009,21.149955706504194,completed
T01650,2024-01-06 12:00:00,London,Downtown,51.431118555771214,-0.05046160511863845,71.08569326028348,completed
T03677,2024-01-06 12:00:00,New York,Suburbs,40.732830567001855,-74.04593968779983,17.17629362581566,completed
T01323,2024-01-06 12:00:00,New York,Downtown,40.6389785569266,-73.98952514105284,22.038983627452946,completed
T04085,2024-01-06 12:00:00,London,Downtown,51.479960938870164,-0.0754453171546586,27.119766327091135,completed
T04652,2024-01-06 12:00:00,London,Downtown,51.458991520973555,-0.11044851212500567,32.09529289308261,completed
T02948,2024-01-06 13:00:00,San Francisco,Downtown,37.80607319628346,-122.43543990842788,24.0346343756562,completed
T00516,2024-01-06 13:00:00,London,Suburbs,51.51273452210564,-0.1755028935236742,30.774056000011946,completed
T02415,2024-01-06 13:00:00,New York,Downtown,40.68291721855346,-74.07157130337791,23.42015022597067,completed
T01099,2024-01-06 13:00:00,New York,Downtown,40.75026521130356,-74.089076201462,25.664705694978377,completed
T01936,2024-01-06 13:00:00,San Francisco,Downtown,37.8292067388373,-122.4461673034979,27.374850760016933,completed
T02686,2024-01-06 13:00:00,New York,Airport,40.75636675921244,-73.93057105763789,19.9739251769833,completed
T00675,2024-01-06 13:00:00,San Francisco,Downtown,37.86752751580499,-122.47302498850534,36.45277785958591,completed
T00371,2024-01-06 13:00:00,San Francisco,Downtown,37.848552006616714,-122.38333859039962,17.051786842718457,completed
T01341,2024-01-06 13:00:00,London,Suburbs,51.483372114484396,-0.2539642463102517,16.687627480933315,completed
T04291,2024-01-06 13:00:00,London,Downtown,51.56312760976596,-0.07419170754201476,28.385125962540982,completed
T00790,2024-01-06 14:00:00,New York,Airport,40.74881906578853,-74.06177889410566,10.909515513624406,cancelled
T00604,2024-01-06 14:00:00,New York,Downtown,40.69764518350009,-74.04492761133918,83.02562645263475,completed
T00291,2024-01-06 14:00:00,San Francisco,Suburbs,37.694989725691364,-122.44991870217422,14.336981584315067,cancelled
T04622,2024-01-06 14:00:00,New York,Downtown,40.661193125686516,-73.93216684575594,67.85613776961563,completed
T01887,2024-01-06 14:00:00,New York,Downtown,40.7352052117729,-74.02162035789009,13.087411570028145,completed
T03012,2024-01-06 14:00:00,New York,Downtown,40.6747148376255,-74.04227074022545,30.468420434638325,completed
T03735,2024-01-06 14:00:00,New York,Downtown,40.69951963783559,-73.96005037558332,13.592541880019704,completed
T03123,2024-01-06 14:00:00,New York,Downtown,40.77245197736018,-73.93273851650275,11.527079726297085,completed
T01478,2024-01-06 14:00:00,New York,Downtown,40.693745192863425,-74.02845306250116,8.009250697055336,completed
T00407,2024-01-06 14:00:00,New York,Airport,40.68217210283131,-73.96761643150795,21.154612624702878,cancelled
T01783,2024-01-06 15:00:00,New York,Suburbs,40.69733135556239,-74.08219699196887,6.844855368391112,completed
T03360,2024-01-06 15:00:00,New York,Downtown,40.64518909912904,-73.95120596702051,15.515835954808598,no_driver
T03681,2024-01-06 15:00:00,San Francisco,Downtown,37.784038575064685,-122.4076296303168,41.91925673513732,completed
T01182,2024-01-06 15:00:00,San Francisco,Suburbs,37.80518162125524,-122.40862424095918,23.584562861881857,completed
T02009,2024-01-06 15:00:00,New York,Downtown,40.68881610294185,-73.96394398924744,40.83976309374788,completed
T01933,2024-01-06 15:00:00,New York,Downtown,40.74739107050701,-74.0297483948109,10.71831350041517,completed
T03306,2024-01-06 16:00:00,London,Downtown,51.46304358886026,-0.03795404280349732,35.41709296953387,completed
T02524,2024-01-06 16:00:00,London,Downtown,51.59000592662452,-0.010046593633149872,11.672204419150578,completed
T04950,2024-01-06 16:00:00,New York,Airport,40.70603073048824,-74.09638854057704,34.779972402311714,completed
T04225,2024-01-06 16:00:00,New York,Downtown,40.69487116534527,-74.07235311960628,35.67432106632158,completed
T01917,2024-01-06 16:00:00,San Francisco,Downtown,37.75777386313415,-122.48884434529556,12.561060524660817,completed
T01869,2024-01-06 16:00:00,New York,Downtown,40.76294992584546,-73.95907642103532,24.220683649965075,completed
T02623,2024-01-06 16:00:00,London,Suburbs,51.47234592366779,-0.1412752915429424,19.437305282882306,no_driver
T02947,2024-01-06 16:00:00,London,Downtown,51.51334275052206,-0.13445298574932177,16.07481069138735,completed
T03377,2024-01-06 17:00:00,London,Downtown,51.47210589802092,-0.1928698723484673,42.86754726304333,completed
T00997,2024-01-06 17:00:00,New York,Airport,40.74815250809623,-74.01184548245043,32.929882786327084,completed
T01052,2024-01-06 17:00:00,New York,Suburbs,40.642528861367325,-73.95706155598894,20.016802462441596,completed
T00260,2024-01-06 17:00:00,New York,Downtown,40.63333253872169,-74.0476729295144,48.31200472534903,completed
T01110,2024-01-06 17:00:00,San Francisco,Downtown,37.80463398835718,-122.3468120596163,10.585844100870979,completed
T01878,2024-01-06 17:00:00,New York,Downtown,40.734208401719215,-74.02950028024472,23.6381919339745,completed
T01745,2024-01-06 17:00:00,San Francisco,Suburbs,37.80805443489906,-122.40805074920348,20.321897941676962,cancelled
T04882,2024-01-06 17:00:00,San Francisco,Suburbs,37.76737055526309,-122.34862160164916,8.676154081022212,completed
T03585,2024-01-06 17:00:00,New York,Downtown,40.74885327492146,-74.16619696510762,12.54486868290213,completed
T00127,2024-01-06 17:00:00,New York,Suburbs,40.7635499388942,-74.06026605971269,18.650440641003517,completed
T02650,2024-01-06 17:00:00,New York,Downtown,40.69296973181914,-73.96390984466066,50.71989440376626,completed
T03516,2024-01-06 17:00:00,New York,Airport,40.7955343966609,-74.00812180395697,45.71910605563481,completed
T04915,2024-01-06 17:00:00,San Francisco,Downtown,37.76157251224976,-122.39967231108538,43.58667905391386,completed
T03626,2024-01-06 18:00:00,San Francisco,Downtown,37.77946771701598,-122.46879943603696,14.622311154559275,no_driver
T02003,2024-01-06 18:00:00,San Francisco,Downtown,37.81102924055166,-122.35302749101395,15.018254509680403,completed
T01690,2024-01-06 18:00:00,London,Airport,51.49802457137347,-0.05956765830032611,8.342064523252635,cancelled
T02376,2024-01-06 18:00:00,San Francisco,Suburbs,37.834917854604385,-122.366589682346,20.76059923130161,completed
T03557,2024-01-06 18:00:00,San Francisco,Airport,37.808055024289885,-122.43363772338078,30.697152935468242,completed
T03086,2024-01-06 18:00:00,San Francisco,Downtown,37.749888359181284,-122.51745524680112,18.562208394810273,completed
T01073,2024-01-06 18:00:00,London,Downtown,51.5161230694376,-0.06474955046040767,22.216192607329717,completed
T04031,2024-01-06 18:00:00,London,Downtown,51.54517547874897,-0.1233061421079042,22.035546641287112,completed
T04067,2024-01-06 18:00:00,New York,Downtown,40.71339444572108,-74.07708684707252,18.788227083218775,completed
T03854,2024-01-06 19:00:00,New York,Suburbs,40.8014562168285,-74.14539214345876,25.06241679443347,completed
T00545,2024-01-06 19:00:00,San Francisco,Suburbs,37.83577680678945,-122.34948373946449,45.13175878190788,cancelled
T01111,2024-01-06 19:00:00,New York,Downtown,40.67884059764356,-74.1098610438538,11.593950254796953,completed
T04038,2024-01-06 19:00:00,London,Suburbs,51.476908163966385,-0.19469101074842327,12.771508180053987,completed
T00553,2024-01-06 19:00:00,New York,Downtown,40.70412524094718,-73.96651258985308,9.43213346106607,completed
T01635,2024-01-06 19:00:00,San Francisco,Downtown,37.84808051967493,-122.31940245928106,63.836148097953014,completed
T01277,2024-01-06 19:00:00,New York,Downtown,40.6833429940719,-74.03791039532369,11.383524385089334,completed
T00059,2024-01-06 19:00:00,New York,Downtown,40.73793594815809,-73.97491087350465,51.22420912016899,completed
T00380,2024-01-06 19:00:00,New York,Downtown,40.68156975505836,-73.96490101259596,27.716119825537046,completed
T01451,2024-01-06 19:00:00,San Francisco,Downtown,37.849512742658774,-122.36375668611691,15.455677878366437,completed
T03694,2024-01-06 19:00:00,New York,Suburbs,40.729834326240436,-74.06493508149475,11.45805152312524,completed
T01441,2024-01-06 19:00:00,New York,Downtown,40.691394692586336,-73.94381823292987,70.90600675494487,completed
T03895,2024-01-06 20:00:00,London,Downtown,51.471835005172515,-0.16144579236786155,22.597700356804168,completed
T04404,2024-01-06 20:00:00,San Francisco,Suburbs,37.79726523716576,-122.34347504116936,32.75041984089897,completed
T03823,2024-01-06 20:00:00,San Francisco,Airport,37.78424143972461,-122.47537007554986,14.053229994354751,completed
T04990,2024-01-06 20:00:00,New York,Downtown,40.721860358640264,-74.01778590824966,46.914852666820515,completed
T00631,2024-01-06 21:00:00,New York,Downtown,40.64209588013669,-73.89531943981896,27.441906464408486,completed
T03475,2024-01-06 21:00:00,London,Downtown,51.49248536007698,-0.09831745419575133,11.967070430312155,completed
T03457,2024-01-06 22:00:00,New York,Suburbs,40.7266668258435,-73.9688406209219,41.58664846093772,completed
T02965,2024-01-06 22:00:00,New York,Suburbs,40.72206608294489,-74.07247583896229,49.48896993936526,no_driver
T00712,2024-01-06 23:00:00,New York,Suburbs,40.79271693584811,-74.02028401120555,38.52328867753473,completed
T04959,2024-01-06 23:00:00,New York,Suburbs,40.759617707622546,-73.94820542946842,11.818828228267323,completed
T00391,2024-01-06 23:00:00,San Francisco,Downtown,37.747476768638116,-122.37274509396477,21.934799513758545,completed
T01127,2024-01-06 23:00:00,New York,Downtown,40.83267278548621,-74.05001426543646,28.517610482179894,completed
T02208,2024-01-06 23:00:00,San Francisco,Airport,37.69625162075473,-122.39734937953111,14.493753574312871,completed
T02430,2024-01-07 00:00:00,New York,Downtown,40.761967661491305,-74.08945832465818,21.822322551749757,completed
T04460,2024-01-07 00:00:00,San Francisco,Downtown,37.816233830061016,-122.40615252030453,7.365257708269953,completed
T03366,2024-01-07 00:00:00,San Francisco,Downtown,37.711243440758864,-122.3637700784722,24.158887356207014,completed
T03258,2024-01-07 00:00:00,New York,Airport,40.74698338920696,-73.94815227288093,18.39521424238872,completed
T04620,2024-01-07 00:00:00,San Francisco,Airport,37.86637699483953,-122.45645753782696,61.99195219022854,completed
T01043,2024-01-07 00:00:00,New York,Downtown,40.77293992264465,-74.02275233485625,14.611066367136877,cancelled
T03609,2024-01-07 01:00:00,London,Downtown,51.51868022304531,-0.2189527058799104,14.053890427551238,completed
T01891,2024-01-07 01:00:00,New York,Suburbs,40.698235403140764,-74.00002073286713,27.548530062251086,completed
T00956,2024-01-07 01:00:00,San Francisco,Suburbs,37.76572740730609,-122.36571825918757,14.316821529952096,completed
T02305,2024-01-07 01:00:00,San Francisco,Downtown,37.74197659388406,-122.38541228242735,18.315841671366023,cancelled
T03200,2024-01-07 01:00:00,London,Airport,51.445130975365736,-0.10289001098629552,14.170971668573175,no_driver
T03448,2024-01-07 02:00:00,New York,Downtown,40.68675846203462,-73.97660041704738,21.2243516495122,completed
T00212,2024-01-07 02:00:00,New York,Suburbs,40.75683047346399,-74.02801595350473,14.301046611561409,completed
T01502,2024-01-07 02:00:00,San Francisco,Airport,37.73939358895824,-122.49289412188745,29.90024467344876,completed
T03270,2024-01-07 03:00:00,New York,Downtown,40.70683096490569,-74.04556782876747,18.923658537804048,completed
T03962,2024-01-07 03:00:00,London,Downtown,51.49539667411327,-0.036422185037923646,27.15424467279408,cancelled
T01589,2024-01-07 03:00:00,San Francisco,Downtown,37.71257492134485,-122.44329255429224,27.346709659562013,completed
T01945,2024-01-07 03:00:00,London,Downtown,51.48657903487342,-0.1756727718996971,24.5985143523243,completed
T00708,2024-01-07 03:00:00,San Francisco,Suburbs,37.754619251414525,-122.35667897941637,21.169467800846544,completed
T04359,2024-01-07 03:00:00,New York,Suburbs,40.646191770630196,-73.97506850684664,34.15254456664315,completed
T04707,2024-01-07 03:00:00,San Francisco,Suburbs,37.87114778975514,-122.36396374493039,8.268303387238277,completed
T02703,2024-01-07 03:00:00,New York,Suburbs,40.77182492809304,-73.99324582216029,28.63794375475434,cancelled
T01700,2024-01-07 03:00:00,San Francisco,Airport,37.78729016740072,-122.41645086392212,36.95815127806145,no_driver
T01851,2024-01-07 04:00:00,New York,Downtown,40.75526536930912,-74.03953525028713,39.04018433898532,completed
T04102,2024-01-07 04:00:00,New York,Airport,40.80129804357048,-74.00259802431292,7.467035080093991,completed
T02386,2024-01-07 04:00:00,New York,Suburbs,40.74668413892096,-73.98307304729192,22.94298060750908,completed
T01724,2024-01-07 04:00:00,New York,Downtown,40.826880548469184,-74.10361519959646,15.08878791294934,completed
T03007,2024-01-07 04:00:00,San Francisco,Suburbs,37.684180475680975,-122.55143112925613,11.929117808875434,completed
T03549,2024-01-07 04:00:00,San Francisco,Downtown,37.80251916413747,-122.45889343277655,31.83303716539764,completed
T03321,2024-01-07 04:00:00,New York,Downtown,40.69524386293132,-74.03075814098682,13.142081229523416,completed
T04389,2024-01-07 04:00:00,New York,Downtown,40.833371945702034,-73.99327002632046,14.844761766951914,completed
T00729,2024-01-07 05:00:00,San Francisco,Airport,37.79349074096736,-122.37285490150187,12.412602831605433,completed
T04311,2024-01-07 05:00:00,San Francisco,Airport,37.82351966047124,-122.4341529219731,16.592131034212453,completed
T04642,2024-01-07 05:00:00,New York,Downtown,40.73744288123579,-74.01148866421619,22.781006441466836,completed
T04675,2024-01-07 05:00:00,New York,Suburbs,40.74525689940228,-73.97354693332208,17.59844568978223,completed
T00038,2024-01-07 05:00:00,San Francisco,Suburbs,37.791697506851975,-122.45603229456363,31.46247402761903,completed
T02375,2024-01-07 05:00:00,New York,Airport,40.689786217917586,-73.98631379273354,25.933090615110807,completed
T01609,2024-01-07 05:00:00,New York,Downtown,40.66877518089705,-74.01004630058421,12.313797099496764,completed
T02146,2024-01-07 06:00:00,London,Downtown,51.48272431854785,-0.21716981087423126,45.417522407354795,completed
T01957,2024-01-07 06:00:00,San Francisco,Downtown,37.7887505601497,-122.46825389676424,41.824247568983836,completed
T00908,2024-01-07 06:00:00,New York,Airport,40.69147938599827,-74.02625873807617,10.919909890702705,completed
T02904,2024-01-07 06:00:00,New York,Suburbs,40.734189995462664,-74.00392639318959,38.08213628942365,completed
T01925,2024-01-07 06:00:00,New York,Downtown,40.77498403296744,-73.99241625751807,20.766448373428545,completed
T02261,2024-01-07 06:00:00,New York,Downtown,40.68648452381265,-73.96144356801587,23.66382823350626,completed
T03225,2024-01-07 06:00:00,San Francisco,Downtown,37.847025637388036,-122.48035673606157,23.09841999158808,cancelled
T03112,2024-01-07 06:00:00,San Francisco,Downtown,37.81272564601432,-122.52308408578399,36.089888801854386,completed
T04691,2024-01-07 06:00:00,New York,Suburbs,40.686764937255305,-73.93873304533346,11.418240905266094,completed
T03739,2024-01-07 06:00:00,New York,Downtown,40.699119151892575,-74.03238490714968,48.389066689933735,completed
T00593,2024-01-07 06:00:00,San Francisco,Downtown,37.81550970627269,-122.51395704809877,17.633181867711727,completed
T03575,2024-01-07 07:00:00,San Francisco,Suburbs,37.74756648891304,-122.49995628828196,34.388782914194415,completed
T00636,2024-01-07 07:00:00,San Francisco,Downtown,37.85428776894146,-122.47380327835604,10.942293143496999,completed
T00863,2024-01-07 07:00:00,San Francisco,Downtown,37.67121087308,-122.36554552328704,13.891855141173759,completed
T03954,2024-01-07 07:00:00,New York,Airport,40.679026382737554,-73.96565192607389,8.096492961971022,completed
T04846,2024-01-07 07:00:00,New York,Downtown,40.69051344950433,-73.96795006942392,23.87447454713898,completed
T03003,2024-01-07 07:00:00,San Francisco,Downtown,37.779234830023164,-122.39734885915892,35.228694246767326,completed
T03701,2024-01-07 08:00:00,San Francisco,Suburbs,37.67444869078452,-122.36215305491385,19.06726101580339,completed
T01465,2024-01-07 08:00:00,New York,Suburbs,40.735008525440215,-73.99476170364298,26.06434249419658,completed
T01477,2024-01-07 08:00:00,London,Airport,51.59528017460223,-0.12886262889739913,13.639441534470768,completed
T02754,2024-01-07 08:00:00,London,Downtown,51.549932926394575,-0.12048474925034452,16.254596341375326,completed
T00874,2024-01-07 08:00:00,London,Downtown,51.55528858156394,-0.18768824911664966,19.126696418098994,completed
T00582,2024-01-07 08:00:00,New York,Suburbs,40.628217255021674,-74.01221171226788,29.974224225241333,completed
T02547,2024-01-07 08:00:00,New York,Suburbs,40.69543760784107,-73.97942228283196,52.92528960296791,completed
T03446,2024-01-07 08:00:00,San Francisco,Downtown,37.876900434605304,-122.39193276870938,13.903582297541448,completed
T04500,2024-01-07 09:00:00,London,Downtown,51.6169030629521,-0.10317697297290512,27.697937324215335,completed
T02283,2024-01-07 09:00:00,San Francisco,Suburbs,37.80823697174155,-122.4765757463624,41.04327677292158,completed
T04910,2024-01-07 09:00:00,New York,Downtown,40.722143064483355,-74.05713171298157,13.522901236583738,completed
T02645,2024-01-07 09:00:00,San Francisco,Airport,37.66734899907315,-122.42553965335635,12.491729366101659,no_driver
T03611,2024-01-07 09:00:00,London,Suburbs,51.55855752138945,-0.07404604280483469,15.043748198146726,completed
T04713,2024-01-07 09:00:00,New York,Downtown,40.7225387531563,-74.0000471979502,28.89599226143814,completed
T04493,2024-01-07 10:00:00,New York,Suburbs,40.77229655227759,-74.00672913666442,20.166680319697665,completed
T01419,2024-01-07 10:00:00,San Francisco,Suburbs,37.804345473529786,-122.44762956964459,11.684918078506108,completed
T03736,2024-01-07 10:00:00,New York,Airport,40.67613977777037,-74.01477413844971,39.498870585003154,completed
T01954,2024-01-07 10:00:00,London,Suburbs,51.47779229543222,-0.07259780319757264,16.64743196481792,completed
T02757,2024-01-07 10:00:00,New York,Downtown,40.7327809328692,-73.91947895883189,14.40758388832714,cancelled
T01673,2024-01-07 10:00:00,San Francisco,Downtown,37.82613482020531,-122.37542415758827,23.114782943075674,completed
T03971,2024-01-07 11:00:00,San Francisco,Downtown,37.83371301711615,-122.35270540585097,13.8778395779258,completed
T04012,2024-01-07 11:00:00,New York,Downtown,40.697170719504996,-74.07653459056138,34.87566896527453,completed
T00188,2024-01-07 11:00:00,New York,Downtown,40.678516591666934,-74.04587429358656,14.32061619524628,completed
T04045,2024-01-07 11:00:00,New York,Suburbs,40.70217098800047,-73.98370904098485,12.046382626677605,completed
T04025,2024-01-07 11:00:00,New York,Suburbs,40.703939963465835,-74.01678822125498,20.67695584347775,completed
T03769,2024-01-07 11:00:00,San Francisco,Downtown,37.736664438260114,-122.36822437978486,36.098126495198784,completed
T03464,2024-01-07 12:00:00,New York,Downtown,40.75977391598403,-73.97570385971079,40.963420921242275,completed
T00950,2024-01-07 12:00:00,London,Suburbs,51.48982352860544,-0.15040961323010613,21.941670868318912,completed
T03329,2024-01-07 12:00:00,New York,Suburbs,40.62437956035997,-73.98212334601178,10.712066137327822,completed
T00557,2024-01-07 12:00:00,San Francisco,Suburbs,37.70029945284549,-122.43240456454625,5.975470531165341,completed
T02658,2024-01-07 12:00:00,San Francisco,Downtown,37.725612024233655,-122.37590665865714,17.854340428396196,no_driver
T03604,2024-01-07 12:00:00,London,Downtown,51.46397997127907,-0.08529088449643606,27.84402904615082,completed
T01686,2024-01-07 12:00:00,New York,Downtown,40.69281072438705,-74.0094191446857,27.78492480080047,completed
T00645,2024-01-07 13:00:00,New York,Suburbs,40.7384237008911,-73.95789454430574,8.979303371523493,completed
T00757,2024-01-07 13:00:00,London,Airport,51.46724537004856,-0.13586909477821044,30.947535280645813,completed
T01636,2024-01-07 13:00:00,New York,Downtown,40.752887008675245,-74.08291838426493,31.95860577442734,completed
T04320,2024-01-07 14:00:00,London,Downtown,51.523104551560024,-0.02072261615593976,40.32469942330414,completed
T04939,2024-01-07 14:00:00,San Francisco,Downtown,37.7100645714907,-122.3228797848563,19.932396469633254,completed
T03510,2024-01-07 14:00:00,New York,Downtown,40.832082242959565,-74.01476371064467,20.20810446585544,completed
T02057,2024-01-07 14:00:00,New York,Downtown,40.81762381027728,-74.00175361563285,32.70738354549052,completed
T01805,2024-01-07 14:00:00,San Francisco,Downtown,37.77487249212499,-122.48513350893245,13.148822447158306,completed
T04350,2024-01-07 14:00:00,San Francisco,Downtown,37.83360305232108,-122.3972300410746,59.710103288423184,completed
T00954,2024-01-07 15:00:00,New York,Downtown,40.72764697726008,-74.05673220445532,16.96446722724503,completed
T04876,2024-01-07 15:00:00,New York,Suburbs,40.76134098037086,-74.03681454337944,17.35599461784167,completed
T04167,2024-01-07 15:00:00,London,Airport,51.49707420631128,-0.12133955570533446,34.453478651425414,completed
T04190,2024-01-07 15:00:00,New York,Downtown,40.71693843406324,-74.02104955309572,24.891844043855382,completed
T01806,2024-01-07 15:00:00,New York,Downtown,40.7214916089209,-74.04484211101504,22.279041309641293,cancelled
T04255,2024-01-07 15:00:00,San Francisco,Downtown,37.81188350165314,-122.37600704009031,30.031286982211626,completed
T04809,2024-01-07 15:00:00,San Francisco,Downtown,37.808089781600195,-122.3484874935982,12.7559354995003,completed
T03518,2024-01-07 15:00:00,San Francisco,Suburbs,37.737018754189016,-122.36579752593083,24.004241420309146,completed
T02821,2024-01-07 15:00:00,San Francisco,Downtown,37.736010939427075,-122.3934237671666,16.56414442123434,completed
T03952,2024-01-07 15:00:00,New York,Downtown,40.62423340809713,-73.99175710236317,18.425709595997773,cancelled
T03175,2024-01-07 15:00:00,New York,Downtown,40.75263831462468,-73.93113129010325,53.071824759288184,completed
T02401,2024-01-07 16:00:00,San Francisco,Downtown,37.74620101032784,-122.39793382912728,43.788393547724716,completed
T01675,2024-01-07 16:00:00,London,Airport,51.43498220358896,-0.11109873850541213,46.49074895202234,completed
T03682,2024-01-07 16:00:00,New York,Suburbs,40.709873521381176,-73.93420492239761,25.93954119822296,completed
T03616,2024-01-07 16:00:00,San Francisco,Suburbs,37.86416503830419,-122.38851175368251,33.240689149227734,completed
T03750,2024-01-07 16:00:00,New York,Downtown,40.737689060283984,-74.0821865480942,30.14690021987533,completed
T03382,2024-01-07 16:00:00,San Francisco,Downtown,37.789531944311484,-122.56525669862108,13.706536966995852,completed
T03629,2024-01-07 17:00:00,London,Suburbs,51.51914058908832,-0.1002591324143061,20.697118069732277,completed
T03700,2024-01-07 17:00:00,San Francisco,Suburbs,37.779819986488604,-122.33608603782348,9.34349583809098,completed
T04105,2024-01-07 17:00:00,London,Downtown,51.50304762549586,-0.21104570705710474,48.62902273063905,completed
T00256,2024-01-07 17:00:00,San Francisco,Downtown,37.73711484424174,-122.36819958724637,37.5129579402069,completed
T04437,2024-01-07 17:00:00,London,Suburbs,51.43794536479247,-0.21137102533367308,23.396916431777043,completed
T01875,2024-01-07 17:00:00,New York,Airport,40.742971469384166,-74.06544214583819,8.674391448129203,completed
T02362,2024-01-07 17:00:00,New York,Downtown,40.71100672765661,-73.95287317300675,12.292993262782197,completed
T03973,2024-01-07 18:00:00,New York,Downtown,40.721689736471575,-73.98473952325946,9.167544557127123,no_driver
T01808,2024-01-07 18:00:00,New York,Downtown,40.658198588333185,-73.98311994056138,14.479132347330912,completed
T04010,2024-01-07 18:00:00,New York,Airport,40.72674532003192,-73.91751668585731,53.401838907691555,completed
T02853,2024-01-07 18:00:00,San Francisco,Airport,37.75633394443045,-122.46053465027663,24.274719775358683,completed
T00405,2024-01-07 18:00:00,San Francisco,Downtown,37.747157638521166,-122.41229225143685,8.822326088288278,cancelled
T03233,2024-01-07 18:00:00,San Francisco,Suburbs,37.706765912237195,-122.43323096621742,14.805441411079883,completed
T03249,2024-01-07 18:00:00,New York,Downtown,40.69709013610216,-73.98007378380255,41.870713596270875,completed
T01739,2024-01-07 18:00:00,New York,Downtown,40.778848979173496,-74.0374061573942,21.68818840897577,completed
T00565,2024-01-07 19:00:00,London,Downtown,51.4982484170079,-0.21310426182119746,19.599603372926236,completed
T04238,2024-01-07 19:00:00,New York,Downtown,40.68789324509083,-74.00654825513804,19.778709777278102,cancelled
T04694,2024-01-07 19:00:00,New York,Suburbs,40.72359163888224,-73.99643262334293,17.955800802156112,completed
T01398,2024-01-07 19:00:00,New York,Airport,40.718627764314185,-73.99847472415614,15.33055072415076,completed
T04451,2024-01-07 19:00:00,New York,Downtown,40.70735924034637,-73.98493484927404,8.139671422692034,completed
T02120,2024-01-07 19:00:00,New York,Suburbs,40.67894936406813,-74.0061962194405,21.041539751107532,completed
T02777,2024-01-07 20:00:00,San Francisco,Suburbs,37.79333931464787,-122.38285730862165,47.97283234466701,cancelled
T02335,2024-01-07 20:00:00,New York,Downtown,40.717376550827666,-73.99531997757536,13.072669032082525,completed
T03625,2024-01-07 20:00:00,New York,Airport,40.73070082279111,-74.04913828693363,24.120302675418984,completed
T01995,2024-01-07 20:00:00,London,Downtown,51.455355192613894,-0.10128811447753722,10.002467514601692,completed
T00417,2024-01-07 20:00:00,New York,Downtown,40.77674075221398,-74.0730947739854,18.34442016274112,cancelled
T03354,2024-01-07 20:00:00,New York,Downtown,40.72335586188605,-73.97206301448239,13.381494918539582,no_driver
T04650,2024-01-07 20:00:00,New York,Suburbs,40.649649476311495,-73.99683670655885,15.576411256023537,completed
T02700,2024-01-07 21:00:00,New York,Suburbs,40.71403090970377,-73.88536392369842,9.048486498281822,completed
T00992,2024-01-07 21:00:00,New York,Downtown,40.682496948253565,-74.03563843283435,17.673522973319837,completed
T01504,2024-01-07 21:00:00,New York,Downtown,40.70694073843723,-74.06623822901743,41.157649883496404,completed
T01992,2024-01-07 21:00:00,San Francisco,Suburbs,37.83294798073691,-122.39352002592916,7.507815968675683,completed
T00166,2024-01-07 21:00:00,San Francisco,Suburbs,37.863849341740554,-122.43438558773119,35.329595804284665,completed
T04354,2024-01-07 21:00:00,San Francisco,Downtown,37.79828115022158,-122.39142693409543,44.816294710604645,completed
T04360,2024-01-07 22:00:00,San Francisco,Downtown,37.90198826749354,-122.43358883825098,18.1639296634594,completed
T03159,2024-01-07 22:00:00,London,Airport,51.44287186133,-0.18016059937795523,34.25899111872597,completed
T03612,2024-01-07 22:00:00,London,Downtown,51.50026715239296,-0.11818930335944791,35.43460549028437,cancelled
T03543,2024-01-07 22:00:00,San Francisco,Suburbs,37.79154203107773,-122.42191388246877,21.739659824429673,cancelled
T01282,2024-01-07 22:00:00,London,Downtown,51.50100128102035,-0.1882210416306094,26.937526550470206,completed
T00530,2024-01-07 22:00:00,New York,Downtown,40.77114933490125,-73.99531142262256,41.3334550157272,completed
T03528,2024-01-07 22:00:00,New York,Airport,40.82195524225297,-73.98334058919333,16.20891981139568,cancelled
T02752,2024-01-07 22:00:00,New York,Downtown,40.75010586066304,-73.97021681683731,10.005610564577474,completed
T00048,2024-01-07 23:00:00,San Francisco,Downtown,37.70124740558699,-122.38168551648003,20.616099267621518,completed
T00413,2024-01-07 23:00:00,New York,Airport,40.739553894564295,-73.98199088516458,24.28906683894383,completed
T01962,2024-01-07 23:00:00,London,Downtown,51.56948255534967,-0.05113777243589478,53.777068236856955,completed
T02405,2024-01-08 00:00:00,London,Suburbs,51.548195324243466,-0.20036445399009434,22.93883695282066,no_driver
T03699,2024-01-08 00:00:00,New York,Downtown,40.692015642081095,-73.88730987480287,7.5584820883372235,completed
T00244,2024-01-08 00:00:00,San Francisco,Airport,37.87338424211937,-122.41528548300813,15.387405386651915,cancelled
T01592,2024-01-08 00:00:00,London,Airport,51.504982134583734,-0.099147794700516,14.139895318589069,completed
T04208,2024-01-08 00:00:00,New York,Suburbs,40.629668131716485,-73.89626060715668,9.654228515827986,completed
T03184,2024-01-08 00:00:00,London,Suburbs,51.61418613785961,-0.15570488585100356,21.055489838498428,completed
T02776,2024-01-08 00:00:00,New York,Downtown,40.64798836485344,-74.06290873120756,16.617879315995822,completed
T00682,2024-01-08 01:00:00,San Francisco,Downtown,37.718971987610935,-122.4083408878257,12.23642370128566,cancelled
T03418,2024-01-08 01:00:00,San Francisco,Downtown,37.695097421880206,-122.39096250995324,24.40676608766267,completed
T02546,2024-01-08 01:00:00,London,Suburbs,51.49012598303509,-0.1258475328426665,20.12656974041554,no_driver
T01121,2024-01-08 01:00:00,San Francisco,Suburbs,37.69606593640738,-122.27844611926483,87.20573647247811,completed
T02990,2024-01-08 01:00:00,New York,Downtown,40.74406430183307,-74.02565072165693,39.403264550782794,completed
T00761,2024-01-08 02:00:00,New York,Downtown,40.743246994055916,-73.99174254833808,68.72435263101463,cancelled
T03411,2024-01-08 02:00:00,New York,Suburbs,40.683340201830674,-73.97175534115046,14.320039887849678,completed
T01037,2024-01-08 02:00:00,New York,Suburbs,40.61816098611543,-73.95719163715742,20.87883141343469,completed
T03683,2024-01-08 02:00:00,New York,Airport,40.755425364558405,-73.98760071034144,22.394035940441206,completed
T00487,2024-01-08 02:00:00,New York,Downtown,40.68249613119474,-73.96032496441579,17.051026123561087,cancelled
T04269,2024-01-08 02:00:00,New York,Downtown,40.62930797374537,-74.01968807799348,14.05288797116649,completed
T00877,2024-01-08 03:00:00,New York,Downtown,40.67835035343765,-74.00247568882817,10.799077082312209,completed
T00067,2024-01-08 03:00:00,London,Downtown,51.49093124517554,-0.19186755311034437,38.75848732675167,cancelled
T04266,2024-01-08 03:00:00,San Francisco,Downtown,37.726550371507265,-122.39942505068767,18.258882165406153,completed
T03494,2024-01-08 03:00:00,New York,Downtown,40.71720550806568,-73.97877348940385,28.517479108211266,cancelled
T02066,2024-01-08 03:00:00,New York,Downtown,40.70082848795192,-73.97566845965089,21.839812275719602,completed
T02989,2024-01-08 03:00:00,New York,Suburbs,40.76755124686097,-74.07929340723032,16.755072074778866,no_driver
T02882,2024-01-08 03:00:00,New York,Suburbs,40.71934337624977,-73.98229409012613,29.51725170711617,completed
T02933,2024-01-08 04:00:00,San Francisco,Downtown,37.69027865430342,-122.41144013165034,21.47069330942547,completed
T01860,2024-01-08 04:00:00,New York,Downtown,40.700714293959706,-74.00292908681321,28.695634227428517,completed
T03957,2024-01-08 04:00:00,San Francisco,Downtown,37.82725375308845,-122.42012127423425,12.4270803705365,completed
T01059,2024-01-08 04:00:00,New York,Suburbs,40.69280323628515,-73.98022636858386,18.829759687467053,cancelled
T02538,2024-01-08 04:00:00,New York,Downtown,40.70313949995258,-74.07570614523743,15.500265981154367,completed
T03102,2024-01-08 04:00:00,London,Downtown,51.48463332555068,-0.09999177817245904,8.238167735282602,completed
T00531,2024-01-08 04:00:00,San Francisco,Downtown,37.792844508050585,-122.36045981435362,27.845127608119466,completed
T02101,2024-01-08 04:00:00,New York,Suburbs,40.69859870947394,-73.96990552415073,33.820796957284784,cancelled
T02388,2024-01-08 05:00:00,New York,Downtown,40.78537121621295,-74.01851358809364,11.201584175096576,cancelled
T00999,2024-01-08 05:00:00,San Francisco,Downtown,37.816892572956306,-122.47770646091958,14.044794671144246,completed
T00485,2024-01-08 05:00:00,San Francisco,Airport,37.755756994423976,-122.44876738101364,12.607309662743681,completed
T00560,2024-01-08 05:00:00,New York,Downtown,40.84030644908767,-74.0704091071835,14.155441140857063,completed
T03061,2024-01-08 05:00:00,New York,Downtown,40.71763807984184,-74.02720178276563,17.130753789041137,completed
T00510,2024-01-08 05:00:00,New York,Downtown,40.72618600491393,-74.00430941518843,10.963540103656811,completed
T04681,2024-01-08 05:00:00,New York,Downtown,40.7492203532855,-74.02647078253831,12.471977040121201,cancelled
T00951,2024-01-08 06:00:00,New York,Downtown,40.762016414136355,-73.99533654670287,28.561535475694747,completed
T04536,2024-01-08 06:00:00,London,Suburbs,51.520426580727076,-0.12282878692239128,11.17072891149526,completed
T02953,2024-01-08 06:00:00,San Francisco,Downtown,37.73880991437888,-122.41505064243802,32.042977413469195,completed
T01006,2024-01-08 06:00:00,London,Airport,51.53879662066959,-0.14345761594264636,24.68785687583798,completed
T02152,2024-01-08 06:00:00,San Francisco,Downtown,37.783548890675995,-122.43560015945468,10.89825895167261,completed
T03026,2024-01-08 06:00:00,New York,Downtown,40.62223262571381,-74.03061477002409,10.5786740530809,completed
T02107,2024-01-08 06:00:00,San Francisco,Downtown,37.69986192571163,-122.29213886163413,19.989681934607336,completed
T04875,2024-01-08 06:00:00,New York,Downtown,40.77318473315294,-74.03487204337226,26.152289204641704,completed
T04458,2024-01-08 06:00:00,New York,Airport,40.720798724512605,-73.97871210736086,32.4434265398872,completed
T01281,2024-01-08 06:00:00,New York,Downtown,40.66556846310603,-73.97673920172687,7.619203421421169,completed
T00904,2024-01-08 07:00:00,New York,Downtown,40.61322786377861,-73.98969894202087,11.17791123070397,completed
T00528,2024-01-08 07:00:00,New York,Airport,40.65302402031687,-73.95231057621854,30.409887158909168,completed
T04016,2024-01-08 07:00:00,New York,Downtown,40.72534931842904,-74.02116036481414,32.11530618682513,completed
T00981,2024-01-08 07:00:00,San Francisco,Downtown,37.823871237196435,-122.3898611526106,18.54974506190984,cancelled
T01152,2024-01-08 07:00:00,London,Downtown,51.55120049751958,-0.1351339156802273,20.32853874430022,completed
T00273,2024-01-08 07:00:00,London,Airport,51.48544771608484,-0.14414091714699087,37.88985781494558,no_driver
T03487,2024-01-08 07:00:00,New York,Downtown,40.657902419983834,-74.03725968741566,12.49551832012313,completed
T04002,2024-01-08 08:00:00,London,Downtown,51.431705111728874,-0.1735639985616084,15.368237015505446,completed
T02115,2024-01-08 08:00:00,New York,Downtown,40.67177892576546,-73.96121492218164,27.409842513649565,completed
T03837,2024-01-08 08:00:00,London,Suburbs,51.51730133864277,-0.14237074853659562,31.175321014262135,completed
T01940,2024-01-08 08:00:00,San Francisco,Downtown,37.754906624877144,-122.43832136878675,29.7835135636926,completed
T01259,2024-01-08 08:00:00,New York,Suburbs,40.740263751281915,-73.99812620516302,9.885955486521194,no_driver
T00692,2024-01-08 08:00:00,San Francisco,Downtown,37.71652067798703,-122.48209133685346,23.849465788144997,completed
T00147,2024-01-08 09:00:00,San Francisco,Downtown,37.71908982754602,-122.52813073038791,20.645185535399474,completed
T00240,2024-01-08 09:00:00,London,Airport,51.57477167491753,-0.09161489830484709,20.956726173035328,no_driver
T01499,2024-01-08 09:00:00,New York,Airport,40.55847002852134,-73.96704499383371,27.989985009102085,completed
T01889,2024-01-08 09:00:00,New York,Downtown,40.6409433038394,-74.00527757447642,6.647608845674626,completed
T04698,2024-01-08 09:00:00,San Francisco,Airport,37.783646137220536,-122.42068816619289,13.123935208731119,completed
T00438,2024-01-08 09:00:00,New York,Downtown,40.7345726671354,-74.04811306188337,26.58606828554154,completed
T02936,2024-01-08 09:00:00,New York,Downtown,40.80515714975981,-73.96044360769085,28.554060503308385,completed
T01163,2024-01-08 09:00:00,San Francisco,Downtown,37.76374692807519,-122.31966249533868,15.27983917493454,completed
T03339,2024-01-08 09:00:00,San Francisco,Downtown,37.69671820024226,-122.40578409007134,5.751133555052609,completed
T01997,2024-01-08 09:00:00,New York,Downtown,40.72810398182654,-73.96777834874597,26.035143606210035,completed
T01654,2024-01-08 10:00:00,New York,Downtown,40.65045066519615,-73.98661453968195,13.791482706465425,cancelled
T03386,2024-01-08 10:00:00,New York,Downtown,40.698607980465944,-73.97195179252932,10.839726552871184,completed
T01847,2024-01-08 10:00:00,San Francisco,Downtown,37.695508374298306,-122.32984549189425,11.527326345553163,completed
T03650,2024-01-08 10:00:00,New York,Downtown,40.72317893775218,-74.0218840013175,29.980052887017198,completed
T00001,2024-01-08 10:00:00,New York,Suburbs,40.71531547011225,-73.96583032197314,51.20078856237639,completed
T00768,2024-01-08 10:00:00,New York,Downtown,40.74720774289893,-73.9351446396924,11.562697096925,no_driver
T04106,2024-01-08 10:00:00,London,Downtown,51.42657309812838,-0.09798122446755843,10.239976608386163,completed
T01476,2024-01-08 11:00:00,San Francisco,Suburbs,37.739772252909745,-122.36323897455141,35.14006588164857,cancelled
T03922,2024-01-08 11:00:00,San Francisco,Downtown,37.84359722851106,-122.39715482248681,19.24271033628213,completed
T04232,2024-01-08 11:00:00,San Francisco,Airport,37.78634798153906,-122.5188597489357,46.08508466076007,completed
T00128,2024-01-08 11:00:00,San Francisco,Suburbs,37.89364586584269,-122.41539149944654,18.064288018303863,completed
T00840,2024-01-08 12:00:00,San Francisco,Downtown,37.82400731837127,-122.44094675785,20.282958611950555,completed
T02314,2024-01-08 12:00:00,New York,Downtown,40.727121696916306,-73.93640924181462,63.32891632013752,completed
T02907,2024-01-08 12:00:00,New York,Suburbs,40.66320479383366,-74.06500061676982,41.34286578236865,cancelled
T00448,2024-01-08 12:00:00,New York,Downtown,40.71676847222746,-74.14155545931456,14.063751759025667,cancelled
T00426,2024-01-08 12:00:00,San Francisco,Airport,37.713653468117386,-122.41118128710913,23.92441629127125,no_driver
T02567,2024-01-08 12:00:00,London,Downtown,51.50061002846431,-0.17818135716204897,22.900342294989798,completed
T00641,2024-01-08 12:00:00,New York,Downtown,40.748816194531436,-74.07590410733057,27.551731935406465,completed
T03271,2024-01-08 12:00:00,New York,Downtown,40.75205495156755,-74.05767428869565,20.20090756893138,completed
T02508,2024-01-08 12:00:00,New York,Airport,40.63648526751482,-74.10179037482908,41.48994295452129,completed
T01557,2024-01-08 12:00:00,London,Downtown,51.526070945239724,-0.15554298448301215,28.621832654563466,no_driver
T01442,2024-01-08 13:00:00,London,Downtown,51.443284423906036,-0.12500691594983762,7.829517308467339,completed
T00889,2024-01-08 13:00:00,London,Suburbs,51.537772890021024,-0.1893181720299334,11.833314732156015,cancelled
T01165,2024-01-08 13:00:00,San Francisco,Downtown,37.758456449002466,-122.38072698221588,20.4933832020797,completed
T04872,2024-01-08 13:00:00,New York,Downtown,40.74250975393979,-74.01002836976883,26.31918904905625,no_driver
T01938,2024-01-08 13:00:00,New York,Suburbs,40.771171388543245,-74.05435965664684,32.130869563414244,no_driver
T04250,2024-01-08 13:00:00,San Francisco,Suburbs,37.808001421779814,-122.42297542857324,36.33376991643788,completed
T02145,2024-01-08 13:00:00,San Francisco,Downtown,37.701393687857404,-122.40224022576788,18.558027071275824,completed
T01292,2024-01-08 13:00:00,London,Downtown,51.49941777198574,-0.12736559354141816,11.950358613565376,completed
T01404,2024-01-08 14:00:00,New York,Downtown,40.72398879885718,-73.9810315194031,52.646444422213875,cancelled
T00698,2024-01-08 14:00:00,San Francisco,Suburbs,37.72162730136804,-122.36531574616632,25.13439605408987,no_driver
T03664,2024-01-08 14:00:00,San Francisco,Downtown,37.83810575627829,-122.40654268872555,19.081662864490866,completed
T03548,2024-01-08 14:00:00,New York,Downtown,40.66313385971933,-73.9961697720399,6.338198172506568,completed
T00435,2024-01-08 14:00:00,San Francisco,Suburbs,37.832967546490245,-122.49171473997545,43.87304395933545,completed
T00715,2024-01-08 14:00:00,London,Downtown,51.55378963169377,-0.14259811742543083,44.2138805606345,completed
T00298,2024-01-08 14:00:00,New York,Suburbs,40.712286933797195,-74.00506922682457,16.892802670559497,completed
T00324,2024-01-08 14:00:00,San Francisco,Downtown,37.78161413958255,-122.3948778118799,18.511998083241238,completed
T01228,2024-01-08 14:00:00,San Francisco,Suburbs,37.78195641755984,-122.34962240417615,30.645784834326257,completed
T02343,2024-01-08 15:00:00,New York,Downtown,40.67243731971887,-74.00196062089657,23.9790012192272,completed
T04290,2024-01-08 15:00:00,London,Suburbs,51.48091530821075,-0.16585807963267063,19.81222545962929,completed
T04636,2024-01-08 15:00:00,San Francisco,Downtown,37.806907058699615,-122.42608103772014,15.107203576483448,completed
T01567,2024-01-08 15:00:00,New York,Airport,40.70660021116739,-74.0179757957914,38.403128901111955,completed
T02045,2024-01-08 15:00:00,San Francisco,Suburbs,37.77945371919341,-122.44654832805311,30.28195374377968,completed
T04272,2024-01-08 15:00:00,New York,Airport,40.762578380680665,-73.91100402032262,10.397766425213657,completed
T04308,2024-01-08 15:00:00,London,Downtown,51.51060969192284,-0.0915788876045994,14.033998343361581,completed
T01572,2024-01-08 15:00:00,New York,Downtown,40.75494630497384,-73.92612037122014,16.060704689935864,completed
T03333,2024-01-08 15:00:00,San Francisco,Downtown,37.794968375296115,-122.46641580500248,24.52991606301271,cancelled
T00097,2024-01-08 15:00:00,San Francisco,Downtown,37.73985254203318,-122.44311312547944,12.724530334561338,completed
T03435,2024-01-08 15:00:00,San Francisco,Airport,37.75428031056634,-122.3971729834342,29.175856236316836,cancelled
T02806,2024-01-08 16:00:00,New York,Downtown,40.844655667434004,-74.0221116512037,12.928719112940552,completed
T00691,2024-01-08 16:00:00,San Francisco,Suburbs,37.69983279727834,-122.38978186910205,19.651731787717104,completed
T04725,2024-01-08 16:00:00,New York,Downtown,40.666409671857345,-74.01643490855403,24.230307846492572,completed
T01510,2024-01-08 16:00:00,New York,Suburbs,40.619052380056296,-73.94506903275843,16.57803907768848,completed
T01990,2024-01-08 16:00:00,New York,Suburbs,40.755892693005215,-74.1096134667699,20.49708588542603,completed
T02127,2024-01-08 16:00:00,New York,Downtown,40.7196141488027,-73.96004287938312,52.6701339794853,completed
T02494,2024-01-08 17:00:00,San Francisco,Downtown,37.77400701100952,-122.37331833930892,10.041191029146914,completed
T03588,2024-01-08 17:00:00,New York,Downtown,40.660141893354734,-74.00378796844596,21.04885313437535,completed
T04716,2024-01-08 17:00:00,San Francisco,Airport,37.73935409570785,-122.33938936675283,18.96235026578889,completed
T03115,2024-01-08 17:00:00,San Francisco,Downtown,37.72032047943724,-122.43433754170908,16.72934894588333,completed
T04487,2024-01-08 17:00:00,New York,Downtown,40.78715539689667,-74.02514776424276,24.87519386166805,cancelled
T04997,2024-01-08 17:00:00,San Francisco,Suburbs,37.69658011568178,-122.4559911791073,6.425890072173716,completed
T02099,2024-01-08 18:00:00,New York,Downtown,40.680724779176245,-74.10280267511342,11.87300091938926,completed
T02581,2024-01-08 18:00:00,New York,Downtown,40.76434159157891,-74.02598898063077,10.036597425844835,completed
T04695,2024-01-08 18:00:00,San Francisco,Downtown,37.7097511478355,-122.37513292582804,38.7622469804164,completed
T03512,2024-01-08 18:00:00,San Francisco,Downtown,37.833195631087314,-122.47196576767077,41.26366919988391,no_driver
T03846,2024-01-08 18:00:00,San Francisco,Airport,37.78657599783392,-122.41376804859105,30.275549637114562,completed
T04831,2024-01-08 18:00:00,New York,Downtown,40.71275973206666,-74.00953043526455,23.861667421242988,completed
T00375,2024-01-08 18:00:00,New York,Downtown,40.766896268057046,-74.03111110497875,8.664544670122124,cancelled
T00356,2024-01-08 19:00:00,New York,Downtown,40.692019063945665,-74.04837036537769,28.642255540906092,completed
T01861,2024-01-08 19:00:00,New York,Downtown,40.71464732250696,-74.1151814951096,30.67528989330321,completed
T01827,2024-01-08 19:00:00,London,Downtown,51.405694328636,-0.21491495335282124,9.581793909563018,cancelled
T03568,2024-01-08 20:00:00,San Francisco,Downtown,37.73078908738687,-122.4480239508079,39.25517584262357,completed
T00623,2024-01-08 20:00:00,San Francisco,Suburbs,37.75178032916179,-122.47728523707737,36.41860894515084,completed
T03241,2024-01-08 20:00:00,San Francisco,Downtown,37.826536261200125,-122.3166434017184,24.121299212749886,completed
T01216,2024-01-08 20:00:00,New York,Downtown,40.66948568954729,-73.87766611718756,11.312325736418483,cancelled
T00550,2024-01-08 20:00:00,New York,Airport,40.68643370609863,-73.97055670411028,28.22197195000795,completed
T00858,2024-01-08 21:00:00,New York,Downtown,40.712726253258,-74.06753967003948,22.390091648376686,completed
T00903,2024-01-08 21:00:00,London,Airport,51.55222998715938,-0.15571357362025862,28.475144603434288,completed
T03481,2024-01-08 21:00:00,London,Downtown,51.55044963113475,-0.10084558350751122,29.037837500514424,completed
T03052,2024-01-08 21:00:00,New York,Airport,40.71086061584442,-73.93981729489113,44.106355517767625,completed
T04525,2024-01-08 21:00:00,New York,Downtown,40.7784795941742,-74.04754489151492,30.12895494403244,completed
T04611,2024-01-08 22:00:00,San Francisco,Airport,37.80784929958893,-122.48331285228569,38.83937875391436,no_driver
T01608,2024-01-08 22:00:00,London,Suburbs,51.527383960617776,-0.05457178197510176,26.77385149941348,no_driver
T04281,2024-01-08 22:00:00,San Francisco,Suburbs,37.8758157452153,-122.32397083974469,26.39866228324162,completed
T02587,2024-01-08 22:00:00,New York,Downtown,40.69104529527973,-74.06217297715268,34.74033113844179,completed
T04904,2024-01-08 22:00:00,New York,Downtown,40.72756501753675,-74.0646386382668,13.18409614727704,no_driver
T02077,2024-01-08 23:00:00,New York,Downtown,40.72500698854331,-73.99380356688259,27.391561266988262,completed
T04421,2024-01-08 23:00:00,New York,Suburbs,40.72976096590079,-73.95262751977455,30.65403531705805,completed
T01385,2024-01-08 23:00:00,New York,Downtown,40.6606798865327,-74.08355682754254,12.073645735643517,completed
T04084,2024-01-08 23:00:00,London,Suburbs,51.53491962538645,-0.1374799985293338,52.67901104099715,completed
T03523,2024-01-08 23:00:00,London,Suburbs,51.579261796707925,-0.08747409217132787,29.130984351956307,completed
T03032,2024-01-08 23:00:00,San Francisco,Suburbs,37.76198904732986,-122.41468946022499,10.992777754248145,completed
T00397,2024-01-09 00:00:00,San Francisco,Downtown,37.76606160940543,-122.42026920732643,29.20102298145582,completed
T02895,2024-01-09 00:00:00,London,Downtown,51.41309541260684,-0.03369107246967269,24.210274703744588,completed
T01420,2024-01-09 00:00:00,San Francisco,Suburbs,37.77411858213247,-122.43965517971446,8.71244405364529,completed
T00444,2024-01-09 00:00:00,San Francisco,Downtown,37.71695428628381,-122.4148879010504,12.095546422269532,completed
T01125,2024-01-09 00:00:00,New York,Downtown,40.665916970987574,-74.06013344801187,18.76054286187496,completed
T04076,2024-01-09 00:00:00,New York,Downtown,40.67489738595581,-73.91594782772293,16.01861859344207,completed
T02321,2024-01-09 00:00:00,New York,Downtown,40.73050178136052,-74.0076844488973,14.061605776872755,completed
T00987,2024-01-09 01:00:00,London,Airport,51.56624231713825,-0.16498738303533977,30.5775269694496,completed
T03344,2024-01-09 01:00:00,San Francisco,Airport,37.708207454077645,-122.41027971204099,86.4320673636245,completed
T03023,2024-01-09 01:00:00,San Francisco,Downtown,37.78190960839001,-122.46427221435192,11.060447821086628,completed
T02187,2024-01-09 01:00:00,San Francisco,Airport,37.8095797704065,-122.44165862557445,17.71531996133756,completed
T00404,2024-01-09 01:00:00,New York,Downtown,40.79746208708302,-74.02072241412264,20.93395260478972,completed
T04700,2024-01-09 01:00:00,San Francisco,Downtown,37.85315221072737,-122.45943514170845,17.500704857643626,completed
T00885,2024-01-09 01:00:00,New York,Downtown,40.664368955937,-73.97413387511448,17.940359940999137,completed
T03500,2024-01-09 02:00:00,New York,Downtown,40.726050363604735,-74.01759795997218,12.267850839431762,completed
T02977,2024-01-09 02:00:00,San Francisco,Suburbs,37.80745635303412,-122.38876153976805,10.822998836951818,completed
T00541,2024-01-09 02:00:00,New York,Downtown,40.5559527794684,-73.99868988706194,32.26151803598304,completed
T01469,2024-01-09 02:00:00,San Francisco,Downtown,37.7282828683974,-122.30182281659746,34.39334446865797,completed
T00714,2024-01-09 02:00:00,San Francisco,Downtown,37.76312348896555,-122.43443115924042,23.804919468712768,completed
T01300,2024-01-09 02:00:00,London,Suburbs,51.543650810168955,-0.08753169491896312,19.89251700153222,completed
T04735,2024-01-09 02:00:00,London,Suburbs,51.48084590989977,-0.12106265469318228,32.012515186561075,completed
T03634,2024-01-09 03:00:00,New York,Downtown,40.670879135462215,-74.03587323933834,21.462736807638677,completed
T01233,2024-01-09 03:00:00,San Francisco,Downtown,37.7798479297082,-122.41128153071601,29.27096424187116,completed
T03134,2024-01-09 03:00:00,London,Downtown,51.54004266694596,-0.1306983097467385,21.957204351297715,cancelled
T02724,2024-01-09 03:00:00,London,Downtown,51.52556023672638,-0.15660648911440875,7.904533510451173,completed
T03912,2024-01-09 03:00:00,San Francisco,Suburbs,37.79084536458936,-122.42000301323166,20.41199357105711,completed
T04327,2024-01-09 04:00:00,San Francisco,Airport,37.8458776729824,-122.39235440711693,45.03003727290463,completed
T04424,2024-01-09 04:00:00,New York,Downtown,40.73733227701865,-73.97569395415462,22.106816851970855,completed
T02364,2024-01-09 04:00:00,London,Downtown,51.5354056372022,-0.23242617147917183,14.19445539209651,completed
T04658,2024-01-09 04:00:00,New York,Suburbs,40.69852940455782,-74.01071900901766,12.031456214816266,completed
T03888,2024-01-09 04:00:00,San Francisco,Downtown,37.81309315753238,-122.30301403398995,10.770283776740158,completed
T03730,2024-01-09 04:00:00,New York,Downtown,40.84756890696307,-73.98127900997467,25.123469908366705,cancelled
T04874,2024-01-09 04:00:00,London,Downtown,51.53143301320026,-0.12244594201959087,5.904093056741799,completed
T00608,2024-01-09 05:00:00,New York,Downtown,40.78003374195991,-74.05813310531538,46.224360122153094,completed
T02783,2024-01-09 05:00:00,New York,Suburbs,40.78045744207337,-73.93480051806162,36.303891781631634,no_driver
T01447,2024-01-09 05:00:00,San Francisco,Downtown,37.71546924590023,-122.56443925411499,23.200570066477574,completed
T02195,2024-01-09 05:00:00,New York,Suburbs,40.76727277061354,-73.98997864050288,29.225906180990364,completed
T03488,2024-01-09 05:00:00,San Francisco,Airport,37.75493687882716,-122.3935979971084,13.40936805726584,cancelled
T03212,2024-01-09 06:00:00,San Francisco,Downtown,37.72391680625241,-122.4553858847806,12.402290389059598,completed
T02345,2024-01-09 06:00:00,New York,Downtown,40.7324336656739,-73.98417515775273,20.88323759673844,completed
T00912,2024-01-09 06:00:00,San Francisco,Downtown,37.80239411851959,-122.37912203027956,31.762010090123283,completed
T03726,2024-01-09 06:00:00,San Francisco,Downtown,37.77644569411875,-122.44756524688287,19.72627543043146,cancelled
T04399,2024-01-09 07:00:00,New York,Suburbs,40.69817428383448,-74.11031620667917,36.38574645490424,completed
T00450,2024-01-09 07:00:00,San Francisco,Downtown,37.81518561764208,-122.42090629919883,8.127688408573388,cancelled
T00445,2024-01-09 07:00:00,San Francisco,Downtown,37.78713723410268,-122.39271695969458,16.849704030728002,completed
T04358,2024-01-09 07:00:00,San Francisco,Downtown,37.697579133871294,-122.3614303242698,12.153965752303447,completed
T03754,2024-01-09 07:00:00,New York,Downtown,40.69538759026125,-73.9722753269471,28.566896958539736,completed
T00610,2024-01-09 07:00:00,London,Airport,51.55149765207602,-0.12003232115305187,25.22489152261197,completed
T01701,2024-01-09 07:00:00,New York,Downtown,40.74970088754087,-74.01777144258195,12.658817345992695,completed
T04714,2024-01-09 08:00:00,New York,Suburbs,40.691449593934735,-73.98615185267887,16.350791143944065,cancelled
T02280,2024-01-09 08:00:00,San Francisco,Downtown,37.83448557679865,-122.38979394322216,22.166498819874928,completed
T04898,2024-01-09 08:00:00,New York,Downtown,40.7422419748221,-74.04108059566882,37.17005338064452,cancelled
T04741,2024-01-09 08:00:00,London,Suburbs,51.46212914726248,-0.15552851249213834,28.260219872874465,no_driver
T03172,2024-01-09 08:00:00,New York,Suburbs,40.64015560044757,-73.92266005176354,29.520996647305054,cancelled
T03263,2024-01-09 08:00:00,New York,Downtown,40.60652095500709,-74.00397194783658,22.916868383775466,completed
T03853,2024-01-09 08:00:00,New York,Airport,40.775869272904146,-74.06599198997972,29.385285970522787,completed
T04097,2024-01-09 09:00:00,New York,Downtown,40.74369455032814,-74.013505725072,11.174562547978734,completed
T00039,2024-01-09 09:00:00,New York,Airport,40.7190165242044,-74.0733600247427,19.00829437175902,completed
T04920,2024-01-09 09:00:00,New York,Downtown,40.69407182823147,-74.07028374263996,11.80673945620546,completed
T01019,2024-01-09 09:00:00,San Francisco,Downtown,37.670781710497295,-122.37759563166108,11.111386677681622,completed
T03785,2024-01-09 09:00:00,New York,Downtown,40.72940681678418,-74.02972254617589,28.680776939544145,cancelled
T00753,2024-01-09 09:00:00,New York,Downtown,40.68890151048054,-74.02281095779988,22.785485168151883,completed
T04414,2024-01-09 10:00:00,New York,Downtown,40.744000805271675,-73.94802057940467,24.750340647045274,completed
T04590,2024-01-09 10:00:00,San Francisco,Downtown,37.74191122202275,-122.3698221348559,18.274190329358888,cancelled
T00972,2024-01-09 10:00:00,San Francisco,Suburbs,37.776539408521,-122.4188964059809,14.024014110671102,completed
T04671,2024-01-09 10:00:00,New York,Downtown,40.5942983066089,-73.97868510802117,13.168070149201249,completed
T03472,2024-01-09 10:00:00,New York,Downtown,40.69880447408002,-73.94535846521133,12.725637721671408,completed
T01384,2024-01-09 11:00:00,New York,Suburbs,40.66441552996027,-74.03137713705183,49.1344703344165,completed
T02992,2024-01-09 11:00:00,San Francisco,Downtown,37.78285809507116,-122.44237985092045,43.100023689812616,completed
T04921,2024-01-09 11:00:00,New York,Downtown,40.7708476051242,-74.09199473833982,17.383340440516903,cancelled
T04619,2024-01-09 11:00:00,New York,Downtown,40.65830851845089,-74.08307262598429,37.3766180125097,completed
T03190,2024-01-09 11:00:00,New York,Downtown,40.667788973807546,-74.05266805243689,10.317053777295934,completed
T02928,2024-01-09 11:00:00,New York,Downtown,40.675988583891375,-74.01884757059253,50.26550772968157,completed
T02589,2024-01-09 11:00:00,San Francisco,Suburbs,37.78899400291534,-122.44867472315782,8.798291913116255,completed
T04751,2024-01-09 11:00:00,New York,Downtown,40.70619414719127,-74.00410537821315,11.481867125944305,completed
T01982,2024-01-09 11:00:00,New York,Airport,40.67674779966902,-73.91298865022702,31.490972119349063,completed
T03925,2024-01-09 12:00:00,London,Downtown,51.47201807146078,-0.12466020753022791,15.987168625096913,completed
T01276,2024-01-09 12:00:00,London,Airport,51.53720509184048,-0.15115997574369022,19.869577007709793,completed
T04007,2024-01-09 12:00:00,San Francisco,Downtown,37.81253715546126,-122.39156006986373,15.047474378608616,completed
T01923,2024-01-09 12:00:00,New York,Downtown,40.73728781131813,-74.01896635725664,40.4830801749558,cancelled
T02316,2024-01-09 12:00:00,New York,Suburbs,40.78669592245932,-74.05974527083661,32.53175077846266,completed
T02952,2024-01-09 12:00:00,London,Suburbs,51.59093537514947,-0.09606916287330125,13.382002704167991,completed
T01844,2024-01-09 12:00:00,San Francisco,Downtown,37.79130478541876,-122.45850207827132,40.483528955480786,completed
T01426,2024-01-09 12:00:00,San Francisco,Downtown,37.70261931170482,-122.4757064015835,26.05430000062786,completed
T04902,2024-01-09 12:00:00,London,Airport,51.541481541312116,-0.1089856077527035,16.68118411852881,completed
T02052,2024-01-09 12:00:00,San Francisco,Downtown,37.726985639849445,-122.40168719841958,29.431477732892088,completed
T04048,2024-01-09 12:00:00,London,Suburbs,51.50332250569171,-0.14963057400111096,21.567532584774966,completed
T01593,2024-01-09 13:00:00,San Francisco,Downtown,37.78307137056178,-122.36099337634941,9.070268437041584,completed
T00606,2024-01-09 13:00:00,San Francisco,Suburbs,37.897957350188825,-122.4720133487897,16.865128784120316,completed
T01461,2024-01-09 13:00:00,San Francisco,Airport,37.830882583765096,-122.42620619150904,25.44604569178125,completed
T01010,2024-01-09 13:00:00,New York,Downtown,40.72793420928954,-74.06767167814377,9.201317845783148,completed
T01685,2024-01-09 13:00:00,San Francisco,Downtown,37.79888991619985,-122.37728304968277,34.57074612462975,completed
T01989,2024-01-09 13:00:00,New York,Suburbs,40.70669652337579,-73.96686729743132,52.55331152904789,cancelled
T03272,2024-01-09 13:00:00,New York,Downtown,40.69546205063711,-73.97973189461723,7.02592935286012,completed
T04237,2024-01-09 13:00:00,New York,Downtown,40.65846198275996,-73.97530078106304,9.226653674100225,no_driver
T00824,2024-01-09 13:00:00,New York,Suburbs,40.720206323347355,-74.00358210981722,27.139511913962714,cancelled
T03188,2024-01-09 13:00:00,New York,Airport,40.76641943961637,-74.00257614120372,14.261041929728094,completed
T03688,2024-01-09 13:00:00,San Francisco,Suburbs,37.69169411220578,-122.42251866433776,9.371603606761749,completed
T00107,2024-01-09 13:00:00,San Francisco,Downtown,37.72856520707946,-122.36177554417749,18.194207187490488,no_driver
T03815,2024-01-09 13:00:00,London,Suburbs,51.53360474301929,-0.133697073455462,11.377905236489305,completed
T04891,2024-01-09 13:00:00,New York,Suburbs,40.661537898617375,-74.1069742427447,29.391926729631727,completed
T03287,2024-01-09 14:00:00,New York,Downtown,40.73300435224139,-74.02043882469715,15.671305048387651,completed
T01184,2024-01-09 14:00:00,New York,Downtown,40.73756419081882,-74.02746484392311,17.612100635389055,completed
T00394,2024-01-09 14:00:00,New York,Downtown,40.686472629651405,-74.02241926543175,23.772816193728893,completed
T02172,2024-01-09 14:00:00,New York,Downtown,40.75012341469431,-74.01668080527745,26.04959077577363,completed
T00034,2024-01-09 14:00:00,London,Airport,51.47592755981722,-0.13659813562849227,18.958734845865738,completed
T00287,2024-01-09 14:00:00,London,Airport,51.408539328446366,-0.06792881689887956,8.497157777212921,completed
T00802,2024-01-09 14:00:00,New York,Downtown,40.71355398363647,-73.96885038283457,27.001097375680718,cancelled
T01722,2024-01-09 14:00:00,New York,Airport,40.648369410281745,-74.00939948638361,26.178620455322456,completed
T03734,2024-01-09 14:00:00,New York,Downtown,40.684661140498655,-74.02522508635994,13.587407192334357,completed
T04283,2024-01-09 14:00:00,San Francisco,Downtown,37.78885277237304,-122.48639430160014,25.724399747905903,completed
T01095,2024-01-09 14:00:00,New York,Suburbs,40.671110446847365,-73.9525314730371,23.408825607962854,completed
T03132,2024-01-09 14:00:00,New York,Airport,40.701487176526015,-74.00132658540468,28.46619233495664,completed
T01840,2024-01-09 14:00:00,San Francisco,Downtown,37.776649840300436,-122.41515724557762,20.644486728987964,completed
T00389,2024-01-09 14:00:00,London,Airport,51.53909510177232,-0.12519191637437027,40.38367529426333,completed
T04361,2024-01-09 15:00:00,San Francisco,Airport,37.712326417304865,-122.39513129925858,16.452686141167007,cancelled
T01678,2024-01-09 15:00:00,London,Suburbs,51.57219065879316,-0.08644498907145631,21.621917168382264,completed
T03687,2024-01-09 15:00:00,San Francisco,Downtown,37.7794210989423,-122.51423357048853,25.670774382151777,completed
T02701,2024-01-09 15:00:00,New York,Downtown,40.72095459912344,-73.95218832352322,28.05947396359439,cancelled
T01582,2024-01-09 15:00:00,San Francisco,Downtown,37.8266565431792,-122.40353137451477,48.44279769550246,completed
T04583,2024-01-09 15:00:00,New York,Downtown,40.728389327695886,-74.00202431413146,29.17315001934785,completed
T01795,2024-01-09 15:00:00,New York,Downtown,40.693160065705165,-74.07100531011848,30.60708774651441,completed
T04473,2024-01-09 15:00:00,London,Downtown,51.54320061602575,-0.11724182326187342,31.600263613749352,no_driver
T01272,2024-01-09 15:00:00,San Francisco,Downtown,37.83475270593407,-122.42492873416734,37.45968262932914,completed
T00810,2024-01-09 16:00:00,London,Downtown,51.548510119139266,-0.19103535220398116,26.491993715471285,cancelled
T03752,2024-01-09 16:00:00,New York,Downtown,40.75842454632734,-74.07171765721745,16.627770335085525,completed
T04955,2024-01-09 16:00:00,London,Downtown,51.54941048903566,-0.11799892213843229,14.00636805713371,completed
T02014,2024-01-09 16:00:00,New York,Downtown,40.64857173830145,-73.94525576879371,19.114730953846365,completed
T01549,2024-01-09 16:00:00,New York,Airport,40.69053977465615,-74.01376720231836,40.75513737028837,completed
T03338,2024-01-09 16:00:00,New York,Downtown,40.73143063405381,-74.02853788727052,7.516729669900629,cancelled
T01436,2024-01-09 16:00:00,San Francisco,Downtown,37.81656089890195,-122.3236358613766,7.950652936431863,completed
T04142,2024-01-09 16:00:00,New York,Downtown,40.721217846713955,-74.06437534555835,31.429650720496298,completed
T04745,2024-01-09 16:00:00,New York,Downtown,40.692209615670684,-73.98619380975758,22.944953605352904,completed
T00151,2024-01-09 16:00:00,London,Airport,51.53698382491786,-0.08777015684802707,30.207865925416296,completed
T00050,2024-01-09 16:00:00,New York,Downtown,40.68606059497203,-74.00688766592643,9.322971174036475,completed
T02935,2024-01-09 17:00:00,San Francisco,Suburbs,37.78641945852041,-122.47490990619836,63.80950738339796,completed
T02035,2024-01-09 17:00:00,New York,Downtown,40.68241490406829,-73.97474931447526,13.699085609914004,no_driver
T00443,2024-01-09 17:00:00,New York,Downtown,40.68711356135156,-74.02668010050877,18.177050383143673,completed
T00019,2024-01-09 17:00:00,San Francisco,Downtown,37.8327365207628,-122.39075225238435,35.03018141739969,completed
T00921,2024-01-09 17:00:00,San Francisco,Downtown,37.81397137243627,-122.38527741522908,8.11452955366047,cancelled
T04117,2024-01-09 17:00:00,San Francisco,Airport,37.883004659755095,-122.3542867183529,24.28147875392424,completed
T00511,2024-01-09 17:00:00,San Francisco,Downtown,37.76110302887518,-122.47464192478864,18.58632507466909,completed
T01639,2024-01-09 17:00:00,London,Suburbs,51.54216930158368,-0.1429536116357916,15.624977886192204,completed
T04276,2024-01-09 17:00:00,New York,Downtown,40.8188862277797,-74.00366009293582,15.245763984808448,completed
T03803,2024-01-09 18:00:00,New York,Airport,40.74878850864084,-74.11948612394043,61.613025143990896,completed
T00975,2024-01-09 18:00:00,San Francisco,Airport,37.694466297095275,-122.41315169050225,35.12082499195528,completed
T02041,2024-01-09 18:00:00,New York,Downtown,40.80530878194724,-74.07255339571144,19.604709113055446,completed
T01402,2024-01-09 18:00:00,San Francisco,Suburbs,37.765260924976246,-122.48806063557014,9.96222989940567,completed
T00731,2024-01-09 18:00:00,San Francisco,Suburbs,37.74868324148739,-122.47106932372485,16.513726607657432,completed
T03374,2024-01-09 19:00:00,San Francisco,Downtown,37.738517072226,-122.48119055921258,66.28071884352241,completed
T02734,2024-01-09 19:00:00,New York,Suburbs,40.649842177892964,-73.98028968684957,14.855612295696801,completed
T00713,2024-01-09 19:00:00,New York,Suburbs,40.62937210228198,-74.02734369404209,63.68281457602003,completed
T01443,2024-01-09 19:00:00,London,Downtown,51.447914276205786,-0.13544161257034934,19.23707010830096,completed
T02334,2024-01-09 20:00:00,London,Downtown,51.59089267493041,-0.12603867450547027,57.12078472640791,no_driver
T03567,2024-01-09 20:00:00,New York,Airport,40.78155948114081,-74.0303012009931,6.153343583932147,completed
T00804,2024-01-09 20:00:00,New York,Downtown,40.68967836169594,-73.9974475573962,14.518081187112484,completed
T02281,2024-01-09 20:00:00,San Francisco,Suburbs,37.78336612974306,-122.31281799041966,20.25963230773115,completed
T04750,2024-01-09 20:00:00,San Francisco,Downtown,37.776029091255936,-122.41821932361131,27.65410262630807,cancelled
T01948,2024-01-09 21:00:00,New York,Suburbs,40.55069220663185,-73.9296130471667,19.106933865114186,completed
T04988,2024-01-09 21:00:00,New York,Airport,40.68473890865853,-73.8690013760301,14.52538509629062,completed
T03092,2024-01-09 21:00:00,New York,Downtown,40.624943301581595,-74.1102516290772,23.617602441544143,completed
T02179,2024-01-09 21:00:00,San Francisco,Downtown,37.74422171940261,-122.44693364204818,9.972043290998503,completed
T04418,2024-01-09 22:00:00,San Francisco,Suburbs,37.78726097611303,-122.33211960308438,42.23877990820484,no_driver
T02532,2024-01-09 22:00:00,London,Airport,51.53937814654272,-0.19223534426430294,6.164598884184113,cancelled
T03985,2024-01-09 22:00:00,San Francisco,Airport,37.765164554988246,-122.37435599648543,26.71574534023259,completed
T02802,2024-01-09 22:00:00,New York,Downtown,40.71212900063695,-73.97618279996031,31.10900039830973,completed
T04634,2024-01-09 22:00:00,London,Suburbs,51.48840450505324,-0.15879460043291813,39.25027739130171,completed
T00554,2024-01-09 22:00:00,New York,Downtown,40.67419989798088,-73.96019557639244,26.036128717885873,cancelled
T03728,2024-01-09 22:00:00,London,Airport,51.45866471089036,-0.11479784485307684,6.837065940176798,completed
T03988,2024-01-09 23:00:00,New York,Downtown,40.71888923892965,-73.97964506787203,19.658234529159408,completed
T04355,2024-01-09 23:00:00,New York,Downtown,40.706795077354585,-73.99643157774803,13.932492126385798,completed
T03766,2024-01-09 23:00:00,San Francisco,Suburbs,37.75761978366651,-122.4556943231863,39.128631311243396,completed
T01271,2024-01-10 00:00:00,New York,Airport,40.67070483021905,-74.03286385934379,5.367074106348727,completed
T01723,2024-01-10 00:00:00,London,Airport,51.4366192978204,-0.09990374580626782,36.18440710407504,completed
T04952,2024-01-10 00:00:00,San Francisco,Suburbs,37.76984766394836,-122.38688668815205,23.098877397264513,completed
T01777,2024-01-10 00:00:00,New York,Airport,40.680620364894224,-74.05960895770556,15.076943678515935,completed
T04180,2024-01-10 00:00:00,New York,Downtown,40.72381879029188,-73.99752467585135,21.94112679898571,completed
T03231,2024-01-10 00:00:00,London,Downtown,51.50220198201554,-0.1295240848101629,44.59264581484535,completed
T01297,2024-01-10 00:00:00,London,Downtown,51.59489519861458,-0.12848596876226323,43.99939775161086,completed
T00978,2024-01-10 00:00:00,San Francisco,Suburbs,37.78538244995806,-122.42434273196334,18.877898875083012,completed
T01146,2024-01-10 01:00:00,New York,Downtown,40.775255791270716,-74.14366879668904,21.567751830274865,completed
T02861,2024-01-10 02:00:00,London,Downtown,51.47495561021229,-0.17513252405793872,17.799587933788377,completed
T04771,2024-01-10 02:00:00,London,Downtown,51.45816271823129,-0.1765105664301036,24.96610399232279,completed
T02455,2024-01-10 02:00:00,San Francisco,Downtown,37.85133356924767,-122.33221161618792,33.23904228716709,completed
T03630,2024-01-10 02:00:00,San Francisco,Downtown,37.84364325960473,-122.3887770376925,35.592319424196575,completed
T00210,2024-01-10 02:00:00,London,Downtown,51.555877844596715,-0.15388993423732014,11.808924456807073,completed
T02504,2024-01-10 02:00:00,London,Downtown,51.49544786283091,-0.12941961359978196,22.574830470784825,completed
T03963,2024-01-10 02:00:00,San Francisco,Downtown,37.82477779459426,-122.42649245906226,21.651372883946966,completed
T03896,2024-01-10 03:00:00,San Francisco,Airport,37.77792903119196,-122.38243659101288,52.98188750867468,completed
T04064,2024-01-10 03:00:00,London,Downtown,51.57438551519809,-0.15029673143269934,49.721900428395315,completed
T03602,2024-01-10 03:00:00,New York,Suburbs,40.698549318740966,-73.97133142538956,27.042850986553425,completed
T03721,2024-01-10 03:00:00,London,Downtown,51.49666740327084,-0.13769372489893442,24.656772006265854,completed
T01858,2024-01-10 03:00:00,San Francisco,Airport,37.72568966301687,-122.42024091279998,11.257844363645013,completed
T02260,2024-01-10 04:00:00,New York,Suburbs,40.713702443562276,-73.93424288822094,34.53752683818101,completed
T01786,2024-01-10 04:00:00,New York,Suburbs,40.75911768861715,-74.06087247882132,9.003571376024755,completed
T01486,2024-01-10 04:00:00,San Francisco,Suburbs,37.8213985496864,-122.42054067265889,25.75223638315515,completed
T03466,2024-01-10 04:00:00,New York,Suburbs,40.70760435329884,-73.98256872222647,12.338330120408298,no_driver
T00720,2024-01-10 04:00:00,New York,Suburbs,40.843569678254354,-74.05163935364959,31.216599671910608,no_driver
T01713,2024-01-10 04:00:00,New York,Downtown,40.69672900156986,-73.9945138244258,20.0252185655874,cancelled
T02184,2024-01-10 05:00:00,San Francisco,Suburbs,37.82107401783662,-122.39374392129338,14.664081049736012,completed
T01761,2024-01-10 05:00:00,New York,Airport,40.750612626466065,-74.04035682341767,23.811448492445344,cancelled
T01736,2024-01-10 05:00:00,New York,Downtown,40.73447194978852,-74.03445575136242,24.804415061135355,completed
T02626,2024-01-10 05:00:00,London,Airport,51.50755133963827,-0.12388586381064275,19.443953572326457,completed
T03273,2024-01-10 05:00:00,New York,Downtown,40.803246291870906,-74.09551354271409,27.835753933205062,completed
T03999,2024-01-10 05:00:00,New York,Suburbs,40.70090048455847,-73.96926660623829,21.083389322549333,completed
T02271,2024-01-10 05:00:00,San Francisco,Downtown,37.74058369007883,-122.36130470428584,66.63139694199681,completed
T03938,2024-01-10 06:00:00,New York,Downtown,40.69397655659456,-73.98047641718951,19.818305436984076,completed
T02755,2024-01-10 06:00:00,San Francisco,Downtown,37.72221578623247,-122.48889074249284,10.2476581146901,cancelled
T04858,2024-01-10 06:00:00,San Francisco,Downtown,37.73431947398302,-122.31417269915765,29.087725482492758,completed
T03136,2024-01-10 06:00:00,London,Downtown,51.462633321241164,-0.15137190998825736,69.5305508443843,completed
T02983,2024-01-10 06:00:00,New York,Airport,40.66107040934208,-74.05817833698916,32.24698551190755,completed
T00856,2024-01-10 06:00:00,New York,Downtown,40.7040263170675,-74.05258295713996,22.578649129949152,completed
T00653,2024-01-10 07:00:00,New York,Downtown,40.70839047873663,-74.00123047013787,31.26713019779604,cancelled
T02817,2024-01-10 07:00:00,San Francisco,Suburbs,37.67715543277006,-122.41507369543288,64.73121831250441,completed
T04517,2024-01-10 07:00:00,San Francisco,Airport,37.76436120993766,-122.40347813232934,29.266526591817087,completed
T03935,2024-01-10 07:00:00,London,Downtown,51.453463096380574,-0.12339438262983948,34.69240469612898,completed
T03793,2024-01-10 07:00:00,London,Downtown,51.46355215210846,-0.20393894586771222,14.965311244771307,completed
T04805,2024-01-10 07:00:00,London,Downtown,51.509555266211414,-0.13383596804721878,14.786297144842791,no_driver
T02897,2024-01-10 07:00:00,New York,Downtown,40.667829303742096,-74.0286736158159,33.39018372096493,no_driver
T02193,2024-01-10 08:00:00,San Francisco,Airport,37.797474495665625,-122.3698358333312,25.17382689826292,completed
T03678,2024-01-10 08:00:00,New York,Downtown,40.71414688938162,-74.03976305875322,36.87343706954792,completed
T03470,2024-01-10 08:00:00,London,Airport,51.53873078996159,-0.1381621680201419,5.888496969687397,completed
T02656,2024-01-10 08:00:00,New York,Downtown,40.73535975426385,-74.01353216126871,40.912841736189755,completed
T03022,2024-01-10 08:00:00,New York,Suburbs,40.652397268660074,-73.98089444320333,7.026444745577773,completed
T00564,2024-01-10 08:00:00,New York,Downtown,40.675090522045565,-74.0185421274453,19.397848700897278,completed
T00421,2024-01-10 08:00:00,San Francisco,Suburbs,37.77006259132125,-122.35903431791921,12.268662240866611,completed
T00351,2024-01-10 08:00:00,San Francisco,Downtown,37.78508145746349,-122.36642415048136,37.764154173882226,completed
T02641,2024-01-10 08:00:00,New York,Downtown,40.73551367501236,-73.97252170747693,14.18851581674771,completed
T04133,2024-01-10 09:00:00,San Francisco,Airport,37.71692313064073,-122.46242617636392,17.184918016079283,completed
T02379,2024-01-10 09:00:00,San Francisco,Downtown,37.714928232647914,-122.33007307892105,13.507210063634956,completed
T03913,2024-01-10 09:00:00,San Francisco,Downtown,37.75156279986401,-122.3889361196057,9.932354269872413,completed
T02378,2024-01-10 09:00:00,New York,Downtown,40.84396926728975,-73.92583306723677,10.542469492455844,completed
T01571,2024-01-10 10:00:00,New York,Downtown,40.723348072313854,-74.02552857025191,22.64929280569811,completed
T01766,2024-01-10 10:00:00,New York,Airport,40.737440081846124,-74.00356093808512,9.582238587016551,completed
T01326,2024-01-10 10:00:00,London,Downtown,51.45693147409103,-0.12782358527074658,19.37079550219566,completed
T00451,2024-01-10 10:00:00,San Francisco,Airport,37.71680990500569,-122.38612550933232,9.845972340052544,cancelled
T03455,2024-01-10 10:00:00,San Francisco,Suburbs,37.76685656213341,-122.4514798858695,18.85783254910738,completed
T04542,2024-01-10 10:00:00,London,Downtown,51.5746591195645,-0.09156753849602961,22.380261907274594,completed
T04796,2024-01-10 10:00:00,London,Suburbs,51.55385073624305,-0.0952783120121865,23.461458294271413,completed
T02076,2024-01-10 10:00:00,London,Suburbs,51.531255291429254,-0.21351721316952912,5.641773092020752,completed
T03790,2024-01-10 10:00:00,San Francisco,Downtown,37.85486892650158,-122.3128205443634,13.927749129901798,cancelled
T01040,2024-01-10 10:00:00,New York,Downtown,40.69528960535553,-74.06588555338773,15.013007309767739,completed
T00480,2024-01-10 10:00:00,New York,Downtown,40.697439874119986,-73.98557525847714,45.345502418573474,completed
T04507,2024-01-10 10:00:00,San Francisco,Airport,37.73351042917667,-122.33557057462357,48.82195124894045,completed
T03066,2024-01-10 11:00:00,San Francisco,Downtown,37.69110915948711,-122.37745198722375,10.797063915635558,completed
T02930,2024-01-10 11:00:00,New York,Downtown,40.690311288490484,-73.9731520997884,21.540320183873266,completed
T01106,2024-01-10 11:00:00,New York,Downtown,40.62942294666559,-74.03288827788438,29.659834214502855,completed
T04648,2024-01-10 11:00:00,London,Downtown,51.56445456646132,-0.18140505202830123,19.387119371018006,completed
T03098,2024-01-10 11:00:00,San Francisco,Downtown,37.762031900554526,-122.39174444282555,36.560604877065686,completed
T00635,2024-01-10 11:00:00,New York,Downtown,40.7471326328522,-73.98236025001152,25.931767210490854,completed
T01680,2024-01-10 11:00:00,London,Suburbs,51.456506852924335,-0.020243087138245727,23.290577532653067,completed
T03119,2024-01-10 12:00:00,London,Airport,51.498909123312295,-0.11552088547571089,26.71866122343268,no_driver
T01622,2024-01-10 12:00:00,New York,Downtown,40.74921721126655,-73.96179247540589,61.01526452885083,completed
T00845,2024-01-10 12:00:00,New York,Downtown,40.694077468351736,-73.92595695938343,29.726204462880265,completed
T02885,2024-01-10 13:00:00,San Francisco,Downtown,37.80784318977943,-122.49216976023479,36.927286599659325,completed
T02799,2024-01-10 13:00:00,San Francisco,Downtown,37.74223861997091,-122.41758214742609,54.04282898266436,completed
T04470,2024-01-10 13:00:00,San Francisco,Downtown,37.78856917167853,-122.45843663546346,22.520448370068642,completed
T02117,2024-01-10 13:00:00,London,Downtown,51.59536697675309,-0.10684043461200221,35.149779970197216,completed
T03814,2024-01-10 13:00:00,San Francisco,Downtown,37.80083424476497,-122.41004876433284,10.695075848449012,completed
T03048,2024-01-10 13:00:00,New York,Downtown,40.83812749453263,-74.04887498328308,11.112885857907202,completed
T02428,2024-01-10 13:00:00,London,Suburbs,51.503457057172774,-0.1500730100876081,45.83795278480863,completed
T04913,2024-01-10 13:00:00,New York,Downtown,40.75634484569586,-74.02318303447193,25.995387817270945,completed
T01135,2024-01-10 13:00:00,New York,Downtown,40.6976092601049,-73.91868215729428,16.242008329712164,completed
T01411,2024-01-10 14:00:00,New York,Downtown,40.72943545999617,-74.01479940952828,31.951655961971714,completed
T02707,2024-01-10 14:00:00,New York,Downtown,40.64279690144461,-74.03839331196012,62.41635882124987,completed
T03439,2024-01-10 14:00:00,New York,Downtown,40.7246089985929,-73.94699865305212,18.46459082248917,completed
T04719,2024-01-10 14:00:00,New York,Downtown,40.68027502335237,-74.02413869148923,7.5829280865812905,completed
T01086,2024-01-10 14:00:00,New York,Downtown,40.70860298249024,-73.9058735239053,28.364308682208772,completed
T01299,2024-01-10 14:00:00,London,Downtown,51.4905141538791,-0.08337078059645922,13.654873235101707,completed
T03579,2024-01-10 14:00:00,New York,Downtown,40.6956300810577,-74.04825546349409,10.34086049898718,completed
T00865,2024-01-10 14:00:00,New York,Downtown,40.74116283063126,-73.92750533084622,16.89776297865479,no_driver
T03768,2024-01-10 14:00:00,New York,Suburbs,40.71498129691732,-74.01224154629757,31.95048500657513,completed
T01975,2024-01-10 14:00:00,London,Suburbs,51.436976391702515,-0.023231547189150867,8.653927566450452,completed
T04580,2024-01-10 14:00:00,San Francisco,Downtown,37.82829016749111,-122.35857331637187,46.41584550268554,cancelled
T04195,2024-01-10 15:00:00,London,Suburbs,51.553023307009205,-0.19695520643641162,33.58440664310872,completed
T02409,2024-01-10 15:00:00,New York,Airport,40.723770899993845,-74.02010962173217,30.94450041910644,cancelled
T03251,2024-01-10 15:00:00,San Francisco,Downtown,37.74497643436061,-122.3875470661244,48.23167179922052,completed
T02536,2024-01-10 15:00:00,San Francisco,Suburbs,37.73554347036956,-122.44700537704442,13.063536628970965,completed
T01224,2024-01-10 16:00:00,New York,Suburbs,40.747850063385954,-73.9762374063915,43.05293742433457,completed
T04482,2024-01-10 16:00:00,London,Suburbs,51.54198193525189,-0.14931156227002562,9.22167907069623,completed
T01485,2024-01-10 16:00:00,New York,Suburbs,40.706643449009995,-74.03415016941898,13.025996666200804,completed
T01128,2024-01-10 16:00:00,New York,Suburbs,40.660315587386464,-73.97969332196426,28.39031750345651,completed
T02664,2024-01-10 16:00:00,New York,Downtown,40.75099749536536,-74.0306931580446,36.98559900298761,completed
T00711,2024-01-10 16:00:00,New York,Downtown,40.79035029684627,-74.08826627489971,14.19644877754206,completed
T02447,2024-01-10 16:00:00,London,Suburbs,51.50942314968116,-0.13610746971750312,9.752238326051021,completed
T03278,2024-01-10 16:00:00,New York,Downtown,40.78166969958494,-73.95348147671127,14.98408597840447,completed
T03509,2024-01-10 16:00:00,London,Downtown,51.42790484982889,-0.044724935539070004,11.344913286039326,completed
T03345,2024-01-10 17:00:00,San Francisco,Downtown,37.80185433729401,-122.42604557691546,22.80382681261637,completed
T01601,2024-01-10 17:00:00,San Francisco,Downtown,37.77204247106665,-122.45572761576827,9.33811910472382,completed
T02170,2024-01-10 17:00:00,New York,Downtown,40.58705940185889,-74.03132949862855,12.361990688308401,completed
T03459,2024-01-10 17:00:00,San Francisco,Downtown,37.71993277936068,-122.43047639798455,17.133470565581327,completed
T00010,2024-01-10 18:00:00,New York,Downtown,40.6879082335411,-74.09290612980881,21.911377104931276,completed
T02078,2024-01-10 18:00:00,San Francisco,Suburbs,37.7305716633246,-122.42589184753065,11.235551023455626,completed
T02839,2024-01-10 18:00:00,New York,Suburbs,40.68975786605251,-73.99710678679892,25.068256018164725,completed
T03689,2024-01-10 18:00:00,London,Downtown,51.48644348950297,-0.018698772576252687,64.83274227996114,cancelled
T04968,2024-01-10 18:00:00,San Francisco,Airport,37.71812299133951,-122.38429854896563,36.49879217688647,completed
T04763,2024-01-10 18:00:00,New York,Downtown,40.73961103958368,-74.01010647043094,12.410875269959082,completed
T04477,2024-01-10 19:00:00,London,Downtown,51.50294254428455,-0.14994197674901505,31.763060745056087,completed
T04357,2024-01-10 19:00:00,San Francisco,Downtown,37.76748662388573,-122.3271510655227,22.441922012890544,completed
T01906,2024-01-10 19:00:00,New York,Downtown,40.685395827863864,-73.95410314426022,12.546027723280986,cancelled
T00788,2024-01-10 20:00:00,San Francisco,Downtown,37.774776940171705,-122.49125733618095,23.035967132325435,completed
T01563,2024-01-10 20:00:00,New York,Airport,40.76285637765533,-73.9927568641981,46.27922306666919,completed
T01747,2024-01-10 20:00:00,New York,Downtown,40.707222016143405,-73.983609069515,24.46673962512435,completed
T00634,2024-01-10 20:00:00,New York,Downtown,40.7285112515338,-74.01566795610213,9.248660686217589,completed
T03046,2024-01-10 20:00:00,San Francisco,Suburbs,37.68531695232441,-122.47493681255075,21.34237062275483,completed
T02207,2024-01-10 20:00:00,London,Downtown,51.55862029496342,-0.12860488242648874,30.204659901999243,completed
T00241,2024-01-10 21:00:00,San Francisco,Downtown,37.77571052358319,-122.3864129078481,29.462832739058125,completed
T03244,2024-01-10 21:00:00,New York,Suburbs,40.660762898780256,-73.98241559674935,19.432069567607215,completed
T03772,2024-01-10 21:00:00,London,Downtown,51.556471477655926,-0.0712886222745609,14.829711113647067,completed
T04182,2024-01-10 21:00:00,San Francisco,Downtown,37.792335267346374,-122.42768939078655,15.833669377988747,completed
T00996,2024-01-10 21:00:00,London,Downtown,51.53757865491042,-0.12050250214214239,24.342584129842937,completed
T01230,2024-01-10 21:00:00,New York,Suburbs,40.804480432921395,-73.96522794379993,33.950969170681105,cancelled
T03775,2024-01-10 21:00:00,New York,Downtown,40.75236913666444,-74.01657834949108,10.363912668206003,completed
T00385,2024-01-10 21:00:00,New York,Downtown,40.73481401377324,-74.09148282492987,57.97797747567817,completed
T01565,2024-01-10 22:00:00,San Francisco,Suburbs,37.80472294364987,-122.39978285916244,17.298649816020998,completed
T02147,2024-01-10 22:00:00,New York,Downtown,40.6865465338843,-73.96489686719315,27.35154566929976,completed
T04367,2024-01-10 22:00:00,San Francisco,Downtown,37.77972911673461,-122.39433414399299,21.122549126369417,completed
T04579,2024-01-10 22:00:00,London,Downtown,51.51085175004456,-0.07095693905081457,8.94371566088023,completed
T04011,2024-01-10 22:00:00,San Francisco,Downtown,37.93163326657123,-122.37848285448275,21.46644616638945,cancelled
T03094,2024-01-10 23:00:00,San Francisco,Downtown,37.724808649111445,-122.38383001752406,36.477788362030545,completed
T00436,2024-01-10 23:00:00,San Francisco,Downtown,37.83518531998639,-122.38604687984446,20.429554781435563,completed
T01699,2024-01-10 23:00:00,New York,Airport,40.74673855783267,-74.08816013855294,21.528017987773765,cancelled
T00250,2024-01-10 23:00:00,San Francisco,Downtown,37.684671793160085,-122.43182331048703,45.11962655113614,completed
T03036,2024-01-10 23:00:00,San Francisco,Downtown,37.76940652980356,-122.39196735553757,40.65573651123783,cancelled
T00149,2024-01-10 23:00:00,New York,Airport,40.69327878199247,-74.06866082866551,21.583042621611202,completed
T00153,2024-01-10 23:00:00,New York,Downtown,40.642850893901915,-74.02662417983505,12.439734981567687,completed
T01625,2024-01-10 23:00:00,New York,Suburbs,40.736247600105806,-74.01261456015746,16.65242298950493,completed
T01456,2024-01-10 23:00:00,New York,Downtown,40.70700098957547,-74.13358305086778,33.69036904435726,completed
T03855,2024-01-10 23:00:00,New York,Downtown,40.683635519870286,-73.95272535127562,15.225239863771415,completed
T03851,2024-01-11 00:00:00,New York,Suburbs,40.6716449995276,-74.03863820099303,19.020067281388073,completed
T00784,2024-01-11 00:00:00,New York,Downtown,40.72410949492781,-74.00362734419596,12.606759125139295,completed
T00529,2024-01-11 00:00:00,San Francisco,Downtown,37.75472080142486,-122.3795919788681,15.767236789543048,completed
T03718,2024-01-11 00:00:00,San Francisco,Suburbs,37.826630217709784,-122.41360795544747,10.849657819695354,completed
T01791,2024-01-11 00:00:00,New York,Airport,40.76179953313989,-74.07496680193978,26.500225313194065,completed
T03294,2024-01-11 00:00:00,New York,Downtown,40.69157688518623,-73.94380242989386,37.06387872531624,completed
T03563,2024-01-11 00:00:00,London,Suburbs,51.43715573957624,-0.10158185981265898,22.39948386824467,cancelled
T00871,2024-01-11 00:00:00,New York,Downtown,40.75837534743035,-74.02876720832069,40.909144152707604,completed
T01339,2024-01-11 00:00:00,New York,Downtown,40.719079239038244,-73.97626132104303,11.523722503925008,no_driver
T04481,2024-01-11 00:00:00,New York,Airport,40.80218194523585,-73.97409506979133,48.886650811628186,completed
T00323,2024-01-11 00:00:00,New York,Suburbs,40.68096528965732,-73.996370341447,18.02024999521686,cancelled
T04772,2024-01-11 00:00:00,New York,Downtown,40.81572218986128,-74.04542274444485,19.305860010662208,cancelled
T01836,2024-01-11 00:00:00,New York,Suburbs,40.65565533327785,-73.99776349034815,11.02946016696045,cancelled
T01022,2024-01-11 01:00:00,London,Airport,51.54803598305816,-0.04685578296007889,28.31551244684819,completed
T03517,2024-01-11 01:00:00,New York,Suburbs,40.68817440547174,-74.02239956935286,58.69962972118995,no_driver
T00770,2024-01-11 01:00:00,London,Downtown,51.49475821586338,-0.10134333373703334,9.30180017139758,completed
T01046,2024-01-11 01:00:00,New York,Downtown,40.735302531875334,-73.9875539341304,14.035994489672206,completed
T02527,2024-01-11 02:00:00,San Francisco,Suburbs,37.73934668336938,-122.35614687086681,12.57817963550626,completed
T00769,2024-01-11 02:00:00,New York,Suburbs,40.737731115207154,-73.90653212896937,21.95198799322644,completed
T04731,2024-01-11 02:00:00,New York,Suburbs,40.76024710257737,-74.03022978825724,18.149531753112186,completed
T04213,2024-01-11 02:00:00,London,Downtown,51.525306445977854,-0.19006178607502175,19.473048507878826,completed
T01813,2024-01-11 03:00:00,San Francisco,Suburbs,37.770310300269855,-122.37748906693969,28.565099447806027,cancelled
T02095,2024-01-11 03:00:00,San Francisco,Suburbs,37.6816848508519,-122.44424649653511,11.868113469366548,completed
T03668,2024-01-11 03:00:00,New York,Suburbs,40.75264749944201,-73.93543662419516,11.802495239241445,completed
T00214,2024-01-11 03:00:00,New York,Suburbs,40.6376330003167,-74.04501340429806,16.520752757455988,completed
T00055,2024-01-11 03:00:00,San Francisco,Downtown,37.732604297983094,-122.46397942667619,14.801731464693756,completed
T03584,2024-01-11 04:00:00,New York,Downtown,40.8581907917204,-73.98433582023462,10.650920270465022,completed
T03997,2024-01-11 04:00:00,London,Downtown,51.481383949832086,-0.20403867034335077,13.735529152055166,completed
T02662,2024-01-11 04:00:00,San Francisco,Downtown,37.846067253679145,-122.34609182645072,44.889671062756044,cancelled
T02554,2024-01-11 04:00:00,New York,Downtown,40.61481771364246,-74.02946310725372,12.901278733932703,completed
T02542,2024-01-11 04:00:00,New York,Downtown,40.694955767513065,-74.03573682089775,10.546202921121523,completed
T02466,2024-01-11 04:00:00,New York,Downtown,40.663466301320504,-74.00106156740857,16.91611533818285,no_driver
T03085,2024-01-11 04:00:00,San Francisco,Suburbs,37.747703347622476,-122.35899275353368,29.79989691411121,completed
T03396,2024-01-11 05:00:00,New York,Airport,40.75762304600851,-74.0415934163976,35.131257428794655,completed
T01482,2024-01-11 05:00:00,New York,Downtown,40.65405453994057,-74.08878910487229,24.153732498100126,completed
T03798,2024-01-11 05:00:00,London,Suburbs,51.53856943573877,-0.12536502135340644,50.461645333406544,completed
T04438,2024-01-11 06:00:00,London,Airport,51.505614501623775,-0.19369792144117431,12.953487651397179,no_driver
T03050,2024-01-11 06:00:00,London,Suburbs,51.50644317591075,-0.2090425480112295,20.63419454563565,completed
T03844,2024-01-11 06:00:00,New York,Downtown,40.64176994112409,-74.00071129108738,22.495650399740285,cancelled
T00915,2024-01-11 06:00:00,London,Downtown,51.50883312394124,-0.19678760006077137,18.31348937316256,completed
T02366,2024-01-11 06:00:00,San Francisco,Downtown,37.82301604292326,-122.39630262896912,27.902226326374773,completed
T02323,2024-01-11 07:00:00,New York,Downtown,40.70017924774055,-74.0105073144444,33.56295759816649,completed
T02729,2024-01-11 07:00:00,New York,Suburbs,40.66955181081992,-74.02272775099696,37.542025942335194,completed
T02196,2024-01-11 07:00:00,San Francisco,Suburbs,37.733070750306446,-122.42614954642336,8.327778510089319,completed
T03711,2024-01-11 07:00:00,San Francisco,Downtown,37.68347247133652,-122.4233603633925,25.1947481597529,completed
T04370,2024-01-11 07:00:00,New York,Suburbs,40.69813707266022,-74.01577321831583,8.87530337606993,completed
T01748,2024-01-11 07:00:00,San Francisco,Suburbs,37.764042560032316,-122.42812667955366,17.547885008268985,cancelled
T01918,2024-01-11 07:00:00,London,Downtown,51.5670829530678,-0.24700784670699238,27.55048732728539,completed
T03255,2024-01-11 08:00:00,New York,Downtown,40.772154243938935,-74.0339895150526,23.698518313323785,completed
T03312,2024-01-11 08:00:00,New York,Suburbs,40.723095035340016,-73.91030523657078,16.559089695673308,completed
T04147,2024-01-11 08:00:00,New York,Downtown,40.702717524743164,-74.01490500232326,6.170942417674157,completed
T01124,2024-01-11 08:00:00,London,Downtown,51.43138633145912,-0.05992471384884182,24.639422254067078,completed
T03223,2024-01-11 08:00:00,San Francisco,Downtown,37.80780861857604,-122.4308874189134,17.085189403655686,completed
T01963,2024-01-11 08:00:00,San Francisco,Suburbs,37.799256987244,-122.39863139185427,23.01001721987919,completed
T00941,2024-01-11 08:00:00,New York,Downtown,40.7268801518709,-74.0117118441799,36.80577125006113,completed
T04665,2024-01-11 08:00:00,London,Suburbs,51.58387568681508,-0.15189867154621642,21.508981298798822,completed
T02576,2024-01-11 08:00:00,London,Suburbs,51.44451043088276,-0.14744960293613946,24.49914302309278,completed
T04863,2024-01-11 08:00:00,San Francisco,Suburbs,37.82578838875195,-122.39440867633847,15.44815388501737,completed
T04528,2024-01-11 08:00:00,New York,Downtown,40.74528171787655,-74.00951254478805,6.698255878895048,no_driver
T03236,2024-01-11 08:00:00,New York,Downtown,40.73231653519167,-74.0006639423408,35.28453664760809,no_driver
T04111,2024-01-11 09:00:00,New York,Downtown,40.68103957367291,-74.00203163026887,22.294196032507525,completed
T04188,2024-01-11 09:00:00,San Francisco,Downtown,37.807688094945945,-122.37974628139908,20.357995765524507,completed
T03691,2024-01-11 09:00:00,San Francisco,Downtown,37.76923156528735,-122.40008119845874,19.34544145298665,completed
T00820,2024-01-11 09:00:00,San Francisco,Downtown,37.767737549184794,-122.36103719186717,57.37036926313742,no_driver
T00456,2024-01-11 09:00:00,New York,Downtown,40.70693368926437,-73.92287409678417,7.3595875710080065,completed
T02197,2024-01-11 10:00:00,San Francisco,Downtown,37.845931856388994,-122.41076947928791,29.71185752439165,completed
T04911,2024-01-11 10:00:00,London,Downtown,51.51063055386949,-0.1035313562629355,11.85096988255067,cancelled
T01865,2024-01-11 10:00:00,New York,Suburbs,40.70419031023437,-74.06196902209885,17.632652561545086,cancelled
T00099,2024-01-11 10:00:00,New York,Downtown,40.662252656898985,-73.99501638769425,39.48253958014859,completed
T01839,2024-01-11 10:00:00,New York,Downtown,40.671596495602756,-73.92870960419667,27.598473120164797,completed
T02032,2024-01-11 10:00:00,San Francisco,Airport,37.776689995889484,-122.4416853319232,32.17659030775873,completed
T04790,2024-01-11 11:00:00,New York,Airport,40.71758988030385,-73.99334049964445,19.469295955412996,no_driver
T00967,2024-01-11 11:00:00,San Francisco,Suburbs,37.739272498239906,-122.47406590709755,37.93450907566711,cancelled
T01336,2024-01-11 11:00:00,London,Airport,51.5528591562097,-0.12905565236665445,12.227543943715286,completed
T03624,2024-01-11 11:00:00,New York,Suburbs,40.730473246063454,-73.99505065940849,28.396205805191386,completed
T01279,2024-01-11 11:00:00,San Francisco,Suburbs,37.764182414434494,-122.40704021630631,13.040627428888254,cancelled
T00540,2024-01-11 11:00:00,New York,Suburbs,40.7114483911996,-73.96661649232823,38.221430178180576,completed
T02786,2024-01-11 11:00:00,San Francisco,Downtown,37.787273613622645,-122.3705852111737,20.105548351785995,completed
T02348,2024-01-11 11:00:00,London,Downtown,51.38622952127882,-0.10991821984371128,35.50748148680276,no_driver
T00383,2024-01-11 12:00:00,San Francisco,Downtown,37.73970937804021,-122.43034126131738,27.041462890837117,completed
T02385,2024-01-11 12:00:00,New York,Downtown,40.71571496588247,-73.96532131067713,20.949947175788402,completed
T01550,2024-01-11 12:00:00,New York,Downtown,40.751583056218344,-73.96214768177565,13.432054679627871,completed
T04774,2024-01-11 12:00:00,London,Suburbs,51.4618239467442,-0.15930096268710922,22.026980112721972,completed
T01909,2024-01-11 12:00:00,New York,Downtown,40.721120948637676,-73.98928822563616,40.311252453692575,completed
T03410,2024-01-11 12:00:00,San Francisco,Downtown,37.718686212653104,-122.35210099475347,7.853104744932329,completed
T00262,2024-01-11 12:00:00,New York,Suburbs,40.684920889355624,-74.06738102860893,34.04006136139923,completed
T01896,2024-01-11 13:00:00,New York,Airport,40.720800774091316,-74.01125766236477,35.44873006396456,completed
T03811,2024-01-11 13:00:00,San Francisco,Downtown,37.737225668795006,-122.40143581538317,15.611485250933036,completed
T02044,2024-01-11 13:00:00,San Francisco,Airport,37.790087615507375,-122.4838608165602,10.919957257213287,completed
T02836,2024-01-11 13:00:00,San Francisco,Suburbs,37.7400774666361,-122.42409989256815,20.410774411181382,completed
T02244,2024-01-11 13:00:00,San Francisco,Airport,37.82678659496703,-122.47769707922637,7.497680714860013,cancelled
T00337,2024-01-11 13:00:00,London,Downtown,51.45091052310463,-0.1654430370569177,24.198241621355862,cancelled
T04277,2024-01-11 13:00:00,San Francisco,Downtown,37.87554716898825,-122.5465573011369,28.03159284194242,completed
T04018,2024-01-11 14:00:00,San Francisco,Downtown,37.76880421201889,-122.43491302515011,21.413191169325767,completed
T04485,2024-01-11 14:00:00,London,Downtown,51.467620806663845,-0.20531127908621888,16.953678494929136,completed
T03842,2024-01-11 14:00:00,New York,Suburbs,40.72266857212205,-73.99946378708556,34.54969493808468,completed
T04737,2024-01-11 14:00:00,New York,Downtown,40.73596071501581,-73.96259845715447,23.57540006103293,completed
T03615,2024-01-11 14:00:00,New York,Downtown,40.64814995034117,-73.9860985543039,17.766105571065644,no_driver
T01306,2024-01-11 14:00:00,New York,Downtown,40.700770178061,-74.02538552898758,20.743726252694316,completed
T01166,2024-01-11 14:00:00,London,Suburbs,51.51967432789094,-0.06722535986685753,20.20911413635507,completed
T03398,2024-01-11 14:00:00,New York,Downtown,40.65627301734094,-74.02936788565489,35.470073627824725,completed
T00000,2024-01-11 15:00:00,San Francisco,Downtown,37.786143894819965,-122.3688353947646,39.9172510447153,completed
T02620,2024-01-11 15:00:00,New York,Downtown,40.756044155997124,-73.9263004910039,43.182618622780964,completed
T00699,2024-01-11 15:00:00,London,Downtown,51.4793101433424,-0.17937864707219286,37.43675736794172,completed
T02801,2024-01-11 15:00:00,San Francisco,Suburbs,37.76533598721485,-122.46849802919446,16.310002809928577,completed
T04407,2024-01-11 15:00:00,New York,Downtown,40.672616943808094,-74.00487867044002,20.11510906722905,completed
T03129,2024-01-11 15:00:00,London,Downtown,51.458754228231676,-0.06326697380071909,44.43636281622078,completed
T00628,2024-01-11 15:00:00,San Francisco,Airport,37.75384488304727,-122.44667053098416,51.49229159664192,completed
T03282,2024-01-11 15:00:00,San Francisco,Airport,37.669614766845655,-122.46881532610409,42.88938202878593,completed
T03883,2024-01-11 15:00:00,New York,Downtown,40.708561321521394,-74.17214648033327,16.121205783809323,completed
T03992,2024-01-11 15:00:00,New York,Suburbs,40.78609930863183,-73.93096177696505,5.7058943735875784,completed
T00204,2024-01-11 16:00:00,San Francisco,Downtown,37.77373139729269,-122.41289315411501,29.617422783046376,completed
T04444,2024-01-11 16:00:00,New York,Downtown,40.747080812110646,-74.05322731354423,18.97978693394056,completed
T03232,2024-01-11 16:00:00,London,Downtown,51.46892853216834,-0.056352023379725086,8.634360484471282,completed
T00374,2024-01-11 16:00:00,London,Airport,51.50337513331488,-0.08685063623684998,31.247090182583158,completed
T03716,2024-01-11 16:00:00,San Francisco,Airport,37.74439387298863,-122.38228530405283,18.310614668370494,completed
T01930,2024-01-11 16:00:00,New York,Suburbs,40.649323780245766,-74.04009969888486,32.09032247403901,no_driver
T03828,2024-01-11 17:00:00,New York,Downtown,40.658386497026335,-74.11363058275423,31.608518655879166,completed
T04969,2024-01-11 17:00:00,New York,Downtown,40.69165939323531,-73.94990626142986,50.259820802967184,completed
T02357,2024-01-11 17:00:00,New York,Downtown,40.55576132200067,-73.94337246667082,12.448183235619382,completed
T03666,2024-01-11 17:00:00,New York,Suburbs,40.74155388614729,-74.03170220734897,36.60111091697773,completed
T03670,2024-01-11 17:00:00,London,Downtown,51.38253715239535,-0.11306020846643428,8.183589200969996,cancelled
T04736,2024-01-11 18:00:00,New York,Downtown,40.69242919476526,-74.06499569812466,30.133025268078022,completed
T04080,2024-01-11 18:00:00,New York,Downtown,40.70808768949435,-73.9497387712965,13.4793154804451,completed
T01944,2024-01-11 18:00:00,New York,Downtown,40.73618826871585,-74.01405096761282,42.80503395491087,completed
T01527,2024-01-11 18:00:00,New York,Suburbs,40.71314979732614,-74.11017634160645,34.797426935082925,completed
T01051,2024-01-11 18:00:00,New York,Suburbs,40.69865459855764,-74.03154466096188,29.686088124751286,no_driver
T00830,2024-01-11 18:00:00,New York,Downtown,40.68188817877466,-74.05691102857602,23.914946719999403,completed
T04539,2024-01-11 18:00:00,London,Downtown,51.58498862488715,-0.0785344731973055,30.657252268810744,completed
T01162,2024-01-11 18:00:00,San Francisco,Suburbs,37.758182596710824,-122.45323050267767,13.243916231396334,cancelled
T03692,2024-01-11 19:00:00,San Francisco,Airport,37.79068702255469,-122.41536186913288,37.62816415861038,completed
T03535,2024-01-11 19:00:00,New York,Downtown,40.75078360433612,-73.95544807465947,22.73792346008902,completed
T03155,2024-01-11 19:00:00,London,Suburbs,51.56662630199803,-0.03729941352252106,28.096022078239038,completed
T02279,2024-01-11 20:00:00,New York,Suburbs,40.681585096512734,-74.0837346541518,37.902786933764574,completed
T03009,2024-01-11 20:00:00,San Francisco,Downtown,37.77572686800058,-122.49223913518745,20.3210382191612,completed
T01912,2024-01-11 20:00:00,New York,Downtown,40.668053111889485,-73.88560037225277,12.78184994466647,completed
T03370,2024-01-11 20:00:00,New York,Downtown,40.74689696068224,-73.96130867805246,14.948158697883096,completed
T04100,2024-01-11 20:00:00,San Francisco,Airport,37.77975261814552,-122.34865855684163,14.472113978099294,completed
T04724,2024-01-11 20:00:00,San Francisco,Downtown,37.83257281028233,-122.4486741637924,43.371025380800475,completed
T00613,2024-01-11 20:00:00,London,Downtown,51.47633397267324,-0.15275333842823202,26.702045765590867,completed
T00661,2024-01-11 21:00:00,London,Downtown,51.57844808503689,-0.06863945485274464,15.8014097582402,completed
T03005,2024-01-11 21:00:00,New York,Airport,40.652730403058676,-73.97460654436738,16.816316835172067,completed
T00870,2024-01-11 21:00:00,New York,Suburbs,40.715145285337094,-74.0447689440765,36.97016750173787,completed
T03872,2024-01-11 21:00:00,New York,Downtown,40.652105106443734,-73.95211601397494,24.081006576477048,completed
T02176,2024-01-11 22:00:00,New York,Airport,40.767124583883984,-73.99208479746146,19.86596161027691,completed
T02742,2024-01-11 22:00:00,San Francisco,Downtown,37.74143139541774,-122.4674652250572,14.528009816785081,completed
T00546,2024-01-11 22:00:00,New York,Downtown,40.764923552947856,-74.01410529301288,22.075409981598103,no_driver
T04635,2024-01-11 22:00:00,New York,Airport,40.714138536637755,-73.9946812551742,51.112501791778506,completed
T03157,2024-01-11 22:00:00,New York,Downtown,40.67862171565413,-74.04765294091574,25.00770743480996,completed
T01328,2024-01-11 22:00:00,New York,Downtown,40.72856477154571,-73.97915415872394,27.434882247557443,completed
T02980,2024-01-11 22:00:00,San Francisco,Downtown,37.75595385532318,-122.46463923126403,14.937566963649394,no_driver
T02772,2024-01-11 23:00:00,New York,Downtown,40.64454466126475,-73.94436852648985,21.964351306420877,completed
T04672,2024-01-11 23:00:00,New York,Downtown,40.703856001419496,-74.0519974228923,15.108284809630428,completed
T03572,2024-01-11 23:00:00,London,Downtown,51.50055564430218,-0.09508395036493134,26.91080753571294,completed
T04967,2024-01-11 23:00:00,San Francisco,Airport,37.77657039101875,-122.44079952242127,17.310416102406585,completed
T03493,2024-01-11 23:00:00,London,Suburbs,51.52634074071154,-0.21967345859152498,17.562534603671377,completed
T04999,2024-01-11 23:00:00,London,Suburbs,51.4086060700061,-0.14878641852435076,37.876830026846164,no_driver
T00659,2024-01-11 23:00:00,London,Downtown,51.46372624546957,-0.018200630949823576,13.032133485238205,no_driver
T04728,2024-01-12 00:00:00,New York,Suburbs,40.65424510905756,-74.0718098992393,20.4926525402172,completed
T03437,2024-01-12 00:00:00,New York,Suburbs,40.738134142392404,-73.975392863879,9.012989829384878,no_driver
T04696,2024-01-12 00:00:00,San Francisco,Suburbs,37.77931428241691,-122.42884171523909,13.801518869286763,completed
T00433,2024-01-12 00:00:00,New York,Downtown,40.68440430947561,-74.00075743296397,5.652026997856598,completed
T04825,2024-01-12 01:00:00,New York,Downtown,40.674566066399194,-74.00784250190975,14.582118546672021,completed
T03915,2024-01-12 01:00:00,New York,Downtown,40.74753210590743,-74.0192590509791,22.650375298883244,completed
T02493,2024-01-12 01:00:00,San Francisco,Downtown,37.90813368299864,-122.40996374574023,25.652402778603115,completed
T02644,2024-01-12 01:00:00,New York,Downtown,40.66839186768129,-73.98227556642424,24.547712792284774,completed
T03515,2024-01-12 01:00:00,San Francisco,Downtown,37.81380924377719,-122.50207547919523,23.60305342910304,completed
T04271,2024-01-12 01:00:00,New York,Downtown,40.69393377420649,-73.99186711054217,9.762053029310625,completed
T00043,2024-01-12 02:00:00,London,Downtown,51.58140277614936,-0.3517261144402739,16.01679339596168,completed
T00827,2024-01-12 02:00:00,San Francisco,Downtown,37.79178171347074,-122.52909765106699,21.180316117136403,completed
T01926,2024-01-12 02:00:00,New York,Downtown,40.731228484831576,-73.99722790854035,23.73365513656609,completed
T03028,2024-01-12 02:00:00,New York,Suburbs,40.7676170507054,-73.93377976631079,22.916949556073952,completed
T01028,2024-01-12 02:00:00,New York,Airport,40.71764634264818,-73.96439988802106,32.863046109300534,completed
T01373,2024-01-12 02:00:00,New York,Downtown,40.72982306284898,-74.06285659754727,21.810415805945265,completed
T01507,2024-01-12 03:00:00,New York,Suburbs,40.66528348549955,-74.01457013591481,14.938555134691418,completed
T04942,2024-01-12 03:00:00,London,Downtown,51.5308694916443,-0.07017765621090812,32.83554513222006,cancelled
T00844,2024-01-12 03:00:00,San Francisco,Downtown,37.78095805455909,-122.4266354763804,31.849775216864607,completed
T04605,2024-01-12 03:00:00,London,Suburbs,51.531929892839784,-0.08582138447141618,13.86525475259799,cancelled
T01392,2024-01-12 03:00:00,New York,Downtown,40.82084155141576,-73.89827092155902,19.256771475352366,completed
T02404,2024-01-12 04:00:00,New York,Downtown,40.708589749577875,-73.98314251975694,33.3427551574124,completed
T02683,2024-01-12 04:00:00,San Francisco,Suburbs,37.813885428799466,-122.3981566862778,18.515552542533147,completed
T04813,2024-01-12 05:00:00,San Francisco,Downtown,37.748056852704735,-122.4712063788694,7.531613427342997,completed
T03336,2024-01-12 05:00:00,San Francisco,Downtown,37.81682065525382,-122.4405686332406,27.698133962184745,completed
T02399,2024-01-12 05:00:00,San Francisco,Downtown,37.71782988242688,-122.4436101437618,16.146312045326688,completed
T03055,2024-01-12 05:00:00,New York,Downtown,40.75287366221907,-74.0303374432444,34.8862202813527,completed
T01492,2024-01-12 05:00:00,New York,Downtown,40.72823694736848,-74.07247000660792,37.16261780950322,completed
T01520,2024-01-12 05:00:00,London,Downtown,51.51476547024899,-0.17545552124785013,20.97192401625089,completed
T00902,2024-01-12 06:00:00,New York,Downtown,40.717720726278074,-73.89761054568372,38.12382280693006,completed
T02214,2024-01-12 06:00:00,New York,Airport,40.680189874845404,-74.01258140935106,7.379102233240514,completed
T04573,2024-01-12 06:00:00,New York,Suburbs,40.71422810668324,-73.98210109509365,8.5008771788241,completed
T02834,2024-01-12 06:00:00,New York,Airport,40.752080312033065,-73.97692009273972,17.58445719573784,completed
T04547,2024-01-12 06:00:00,London,Downtown,51.41873947392787,-0.20629032768397507,25.704644495040988,no_driver
T04530,2024-01-12 06:00:00,San Francisco,Downtown,37.685438263495186,-122.40329951850954,14.997303816329977,completed
T03555,2024-01-12 06:00:00,San Francisco,Suburbs,37.756498457159076,-122.29925781716777,23.191371135166765,completed
T04804,2024-01-12 06:00:00,London,Downtown,51.54183383025035,-0.16481420988865336,11.298724238132218,completed
T04887,2024-01-12 06:00:00,New York,Downtown,40.722133323696326,-73.99439989398391,39.374554961179335,completed
T04686,2024-01-12 06:00:00,London,Suburbs,51.49384742493756,-0.1940796292176484,7.340834935811282,completed
T01516,2024-01-12 06:00:00,New York,Downtown,40.77821129900961,-74.06188393345552,9.644889193065826,completed
T04439,2024-01-12 07:00:00,San Francisco,Suburbs,37.78152037693214,-122.43023961515753,16.285461652873984,completed
T03006,2024-01-12 07:00:00,San Francisco,Downtown,37.75383042899603,-122.41883886181633,52.60389122558597,completed
T01468,2024-01-12 07:00:00,San Francisco,Airport,37.73834715544907,-122.49885688024838,24.065801366895673,completed
T00766,2024-01-12 07:00:00,San Francisco,Downtown,37.77591241331822,-122.39701781799015,32.02398758392732,cancelled
T00437,2024-01-12 07:00:00,New York,Downtown,40.670764312343934,-73.9841594488785,24.672220788637805,completed
T01479,2024-01-12 07:00:00,New York,Suburbs,40.638963278190595,-74.04686894911943,18.580864328629314,completed
T04824,2024-01-12 07:00:00,New York,Downtown,40.692806336381786,-73.96439510662738,11.013709225778722,cancelled
T02473,2024-01-12 07:00:00,San Francisco,Downtown,37.81115186629962,-122.40573881957222,16.725805040447817,completed
T04295,2024-01-12 08:00:00,New York,Suburbs,40.673997691870085,-74.02671501760467,12.899823330681084,completed
T02811,2024-01-12 08:00:00,New York,Suburbs,40.698677574921994,-74.04752259586442,19.04905007210369,completed
T03680,2024-01-12 08:00:00,San Francisco,Downtown,37.71998779829691,-122.4705502629846,24.515989443805925,completed
T02382,2024-01-12 08:00:00,San Francisco,Downtown,37.74104794913377,-122.31992938087129,24.319515573145388,completed
T02448,2024-01-12 08:00:00,San Francisco,Downtown,37.76383684541162,-122.46190833654842,40.885910565749086,completed
T04450,2024-01-12 08:00:00,New York,Downtown,40.72708325715526,-73.92083203193478,70.99206432127602,completed
T00567,2024-01-12 08:00:00,New York,Downtown,40.717667019217565,-73.98934323290908,20.945155911189282,cancelled
T04401,2024-01-12 09:00:00,San Francisco,Suburbs,37.74421343184733,-122.43398686638108,11.62503208871663,completed
T03234,2024-01-12 09:00:00,London,Airport,51.514384866480846,-0.2897394910158677,32.85633905099033,completed
T02293,2024-01-12 09:00:00,San Francisco,Suburbs,37.85302367477004,-122.38278988308973,20.42859719874429,cancelled
T03993,2024-01-12 09:00:00,San Francisco,Downtown,37.724129835130825,-122.43358714166735,8.200760732972627,completed
T03839,2024-01-12 09:00:00,London,Downtown,51.53497208542282,-0.08404650293316579,11.115906523946927,completed
T04817,2024-01-12 09:00:00,London,Downtown,51.48923612773156,-0.03576915799159944,45.671429967279984,completed
T02138,2024-01-12 09:00:00,San Francisco,Suburbs,37.841795654628825,-122.48756279834106,22.77810867939454,completed
T02159,2024-01-12 09:00:00,London,Downtown,51.53808552464623,-0.10753646404328306,16.91733698539076,completed
T02673,2024-01-12 10:00:00,San Francisco,Downtown,37.80543734359222,-122.38106443587836,17.05200725400083,no_driver
T01546,2024-01-12 10:00:00,San Francisco,Downtown,37.74265818262258,-122.45998516442022,29.9912233077735,completed
T04137,2024-01-12 10:00:00,San Francisco,Downtown,37.69214669427451,-122.4140388756462,14.758231795161059,completed
T03158,2024-01-12 10:00:00,San Francisco,Downtown,37.79578612053624,-122.43426916999242,24.60355575062473,cancelled
T04711,2024-01-12 10:00:00,London,Downtown,51.56799503869276,-0.10415452151524099,20.813364157101848,completed
T02109,2024-01-12 10:00:00,New York,Airport,40.69433394588163,-73.99750072104789,22.718980201655288,completed
T03207,2024-01-12 10:00:00,New York,Downtown,40.74703763372929,-74.00568756586388,16.983038827943318,completed
T01103,2024-01-12 11:00:00,London,Downtown,51.524182878743886,-0.1410635032667915,52.74907020056557,completed
T00074,2024-01-12 11:00:00,San Francisco,Downtown,37.69902023963365,-122.48556889416456,19.92056146185775,completed
T02816,2024-01-12 11:00:00,London,Downtown,51.45304475062654,-0.14665284261964187,14.43010380789446,completed
T00507,2024-01-12 11:00:00,New York,Suburbs,40.70036875627173,-73.95619638304406,10.093802236507656,completed
T02309,2024-01-12 11:00:00,San Francisco,Downtown,37.718736582379044,-122.38073495386392,23.795139514251712,completed
T00851,2024-01-12 11:00:00,London,Downtown,51.52450770319743,-0.11626640586764042,26.086295141169366,completed
T03581,2024-01-12 11:00:00,New York,Airport,40.67594925692289,-73.97610016236449,30.017497461673507,completed
T00701,2024-01-12 11:00:00,New York,Suburbs,40.66405614185608,-74.04174787491245,14.851106366008356,completed
T03508,2024-01-12 11:00:00,New York,Downtown,40.640921764161895,-74.03880918154634,7.62473451025823,completed
T03852,2024-01-12 11:00:00,London,Downtown,51.50028699846668,-0.11914895674293488,49.718023420320165,completed
T02398,2024-01-12 11:00:00,London,Suburbs,51.612781566435125,-0.18008489516697734,39.858084511545535,completed
T01331,2024-01-12 12:00:00,San Francisco,Downtown,37.86481446038159,-122.42792694502094,18.64045338753698,cancelled
T02421,2024-01-12 12:00:00,San Francisco,Suburbs,37.73663080704396,-122.37856143185208,47.26655690251305,completed
T03930,2024-01-12 12:00:00,San Francisco,Downtown,37.82326909204988,-122.34958990926482,25.09768900387951,completed
T02141,2024-01-12 12:00:00,New York,Downtown,40.619508556045794,-73.99836612213001,41.338778601055544,completed
T01555,2024-01-12 12:00:00,San Francisco,Downtown,37.88363319940571,-122.45310262576578,30.2118318215833,completed
T02468,2024-01-12 12:00:00,New York,Downtown,40.68123648077501,-73.99892499314039,9.669994038531778,completed
T04050,2024-01-12 12:00:00,New York,Suburbs,40.73910796952255,-74.0751943244968,38.988634274636034,completed
T01352,2024-01-12 12:00:00,New York,Downtown,40.74326573961624,-74.04421661844403,83.90544392218385,completed
T02678,2024-01-12 12:00:00,New York,Airport,40.694583780948975,-73.97447142460702,13.765565915924288,cancelled
T01977,2024-01-12 12:00:00,San Francisco,Downtown,37.788572813289825,-122.48734006427455,22.030838002164984,completed
T01657,2024-01-12 13:00:00,New York,Downtown,40.70929762895195,-73.98916280865335,33.29436061053002,completed
T02988,2024-01-12 13:00:00,London,Suburbs,51.518830549635254,-0.13427536107198124,16.400412181472696,completed
T00008,2024-01-12 13:00:00,London,Downtown,51.520807068304855,-0.10259170446307475,34.39345391152203,completed
T00723,2024-01-12 13:00:00,San Francisco,Airport,37.74345584788284,-122.36864156903341,13.664360433481466,completed
T02169,2024-01-12 13:00:00,London,Downtown,51.425232108958426,-0.1669295024712936,17.202849625475345,completed
T01462,2024-01-12 13:00:00,London,Downtown,51.50430477662823,-0.15543968190515325,7.135150022859154,completed
T00012,2024-01-12 13:00:00,London,Downtown,51.51059051939432,-0.15402427175649516,23.757826665564867,completed
T02709,2024-01-12 13:00:00,San Francisco,Downtown,37.71633594896943,-122.40945812424748,19.766802085715746,completed
T03326,2024-01-12 13:00:00,London,Downtown,51.45194089677981,-0.14239803926280903,24.163629811304354,completed
T04840,2024-01-12 13:00:00,San Francisco,Suburbs,37.73988974069304,-122.41651495590118,20.955919477116076,completed
T01434,2024-01-12 13:00:00,London,Airport,51.54374874154191,-0.0787066630556674,9.927648947505567,completed
T04931,2024-01-12 13:00:00,New York,Downtown,40.6620628403872,-74.02703455692502,27.078960632465034,completed
T00795,2024-01-12 13:00:00,London,Suburbs,51.51630560264234,-0.14851185100917277,17.143054331834804,completed
T04456,2024-01-12 14:00:00,New York,Downtown,40.83431517067657,-74.09042002911677,18.573946517758166,cancelled
T02972,2024-01-12 14:00:00,New York,Downtown,40.80273656343137,-73.93377779749065,20.39423783201587,completed
T02333,2024-01-12 14:00:00,San Francisco,Suburbs,37.7968553751912,-122.43024895287826,10.861788903650401,completed
T01880,2024-01-12 14:00:00,New York,Downtown,40.74375222571355,-73.93801449700027,17.932025691649343,completed
T03597,2024-01-12 14:00:00,New York,Downtown,40.705750211773626,-73.94287329307508,9.62012608522995,completed
T00520,2024-01-12 14:00:00,San Francisco,Downtown,37.77925985241384,-122.46745578890345,20.608309928200228,completed
T04586,2024-01-12 14:00:00,San Francisco,Suburbs,37.83418536372786,-122.47302756084649,9.08998983715848,completed
T01819,2024-01-12 14:00:00,New York,Downtown,40.69787385420969,-73.98129323106008,18.849574258630327,completed
T01265,2024-01-12 15:00:00,New York,Downtown,40.68904012749168,-74.0074909956859,20.301881912818295,completed
T04666,2024-01-12 15:00:00,New York,Downtown,40.706822661689515,-73.9675570996951,12.979234929954954,completed
T00186,2024-01-12 15:00:00,New York,Downtown,40.70398971540101,-74.01337653582684,24.461211231118607,completed
T02144,2024-01-12 15:00:00,San Francisco,Suburbs,37.837825843375484,-122.39076819467597,18.21577748283578,completed
T00237,2024-01-12 15:00:00,London,Downtown,51.4486256632559,-0.1331432082403928,20.87768106655346,completed
T00202,2024-01-12 15:00:00,New York,Airport,40.67977985502262,-74.05449289313677,39.212036207275155,completed
T04617,2024-01-12 15:00:00,New York,Downtown,40.79101621698574,-74.09148640479545,46.22591115012845,completed
T01118,2024-01-12 15:00:00,New York,Downtown,40.72605884766419,-74.02157365586454,15.738546710076566,completed
T03218,2024-01-12 15:00:00,New York,Airport,40.6806883252979,-73.93549631309605,40.77562790354326,completed
T00639,2024-01-12 15:00:00,New York,Downtown,40.72222557743317,-73.98171010298877,7.3517754100127535,no_driver
T00428,2024-01-12 16:00:00,New York,Downtown,40.6947290349369,-74.04649704717885,8.934673671895535,no_driver
T01208,2024-01-12 16:00:00,San Francisco,Downtown,37.83840760308739,-122.40094528432762,14.490839554288058,cancelled
T01370,2024-01-12 16:00:00,New York,Downtown,40.759237223828876,-74.03700450706316,11.003227175974104,completed
T00678,2024-01-12 16:00:00,San Francisco,Downtown,37.81524899330552,-122.42269111259536,20.168481711020267,completed
T02262,2024-01-12 16:00:00,London,Downtown,51.42097405870203,-0.05798200278093314,14.661395870374752,completed
T02258,2024-01-12 16:00:00,San Francisco,Downtown,37.77780543308745,-122.31190289250085,30.73756526328534,completed
T04585,2024-01-12 16:00:00,New York,Downtown,40.68200479252552,-74.01390975764052,41.36567285880033,cancelled
T04445,2024-01-12 16:00:00,London,Airport,51.51511247815929,-0.09656631761020769,13.636787042699826,completed
T00549,2024-01-12 16:00:00,San Francisco,Airport,37.771416870783646,-122.54834085093803,43.47311751260478,completed
T04330,2024-01-12 17:00:00,New York,Downtown,40.75947021522608,-74.03785633637314,39.9791337550207,completed
T00519,2024-01-12 17:00:00,San Francisco,Downtown,37.77385360318427,-122.46853215227,31.19221227872973,completed
T04158,2024-01-12 17:00:00,New York,Airport,40.750021284533354,-73.98249716359189,39.32308432452228,completed
T03369,2024-01-12 17:00:00,New York,Downtown,40.704567835872766,-74.07362612288708,30.55315980021725,completed
T00228,2024-01-12 17:00:00,New York,Suburbs,40.67525774343842,-74.00585496875597,9.68476738692549,cancelled
T03875,2024-01-12 17:00:00,San Francisco,Downtown,37.72506564448574,-122.41584921197752,25.97253446783821,completed
T03042,2024-01-12 17:00:00,New York,Downtown,40.731194525081314,-73.88625386837742,32.07072345846041,completed
T01018,2024-01-12 17:00:00,San Francisco,Downtown,37.77678632299098,-122.37702947536377,22.499233059722346,completed
T00378,2024-01-12 17:00:00,New York,Downtown,40.67614195636654,-74.0306654517562,16.094639377632507,completed
T01186,2024-01-12 17:00:00,New York,Downtown,40.71635778044403,-74.04484634328708,6.946864951135527,completed
T00891,2024-01-12 18:00:00,San Francisco,Suburbs,37.85643648327379,-122.38787219332485,21.885392652486168,completed
T01437,2024-01-12 18:00:00,New York,Downtown,40.70934609391912,-74.03602091110524,9.849933835336012,completed
T02414,2024-01-12 18:00:00,San Francisco,Downtown,37.7666206249262,-122.32617751990128,26.74862906917317,completed
T01864,2024-01-12 18:00:00,New York,Downtown,40.665496909186984,-73.96923807252928,49.52085972356877,completed
T02227,2024-01-12 18:00:00,San Francisco,Downtown,37.73062063643784,-122.50161036390173,12.554308063104719,completed
T01939,2024-01-12 18:00:00,New York,Airport,40.66760716403122,-73.99745195883925,21.26638250669652,completed
T00020,2024-01-12 18:00:00,New York,Suburbs,40.589855320558314,-73.92355195311241,56.532706673756785,completed
T03662,2024-01-12 18:00:00,New York,Downtown,40.766669170839165,-73.99999636010135,15.962937296354255,completed
T04574,2024-01-12 19:00:00,New York,Downtown,40.64642568647645,-74.08732174409504,25.049558192077484,completed
T02671,2024-01-12 19:00:00,San Francisco,Downtown,37.79428863711088,-122.46313841072515,13.366581506733485,completed
T02264,2024-01-12 19:00:00,New York,Downtown,40.68620676549886,-73.96428318989501,7.867519634973793,completed
T02843,2024-01-12 19:00:00,New York,Suburbs,40.712553303764956,-73.98510463660622,23.9729522417425,cancelled
T03882,2024-01-12 19:00:00,New York,Airport,40.74343529833699,-73.92505937334751,16.092535876848807,completed
T00424,2024-01-12 19:00:00,London,Downtown,51.5574494398045,-0.08882181580719997,11.200699704659929,completed
T03707,2024-01-12 19:00:00,London,Suburbs,51.491877499677045,-0.20812836657478753,68.12490924979969,completed
T02999,2024-01-12 19:00:00,New York,Downtown,40.74469767915977,-74.08349404255522,32.367878603039934,completed
T03765,2024-01-12 19:00:00,San Francisco,Suburbs,37.76205630962048,-122.54200414129697,21.01250206812469,completed
T00205,2024-01-12 20:00:00,London,Downtown,51.51149941093316,-0.11383040389763954,12.54408594758969,completed
T02356,2024-01-12 20:00:00,London,Airport,51.52081183476252,-0.12898312729611056,23.632771077769462,cancelled
T03423,2024-01-12 21:00:00,New York,Downtown,40.7088138101887,-74.01469897056381,29.03085230929106,cancelled
T00253,2024-01-12 21:00:00,San Francisco,Airport,37.706591635734604,-122.42452415679095,40.4104437243986,completed
T02849,2024-01-12 21:00:00,San Francisco,Downtown,37.86543186446072,-122.51438839466785,21.75843816770803,cancelled
T04075,2024-01-12 21:00:00,London,Downtown,51.50967793887335,-0.1462351243603645,20.04126051152704,completed
T01655,2024-01-12 21:00:00,New York,Downtown,40.65290604108015,-74.08282356017727,61.915665510240586,no_driver
T01350,2024-01-12 22:00:00,London,Downtown,51.422072571698145,-0.17569085843543567,26.11797131588583,completed
T00579,2024-01-12 23:00:00,New York,Downtown,40.65483507809286,-74.0021166888529,41.984568094751666,completed
T01433,2024-01-12 23:00:00,New York,Downtown,40.760494574688295,-74.00427103592354,38.84724582110064,completed
T02341,2024-01-12 23:00:00,New York,Downtown,40.732430481405395,-73.96099985701771,20.9605291790419,no_driver
T00696,2024-01-13 00:00:00,New York,Downtown,40.70778328039324,-73.92666695688321,55.009020504323665,completed
T02298,2024-01-13 00:00:00,San Francisco,Downtown,37.74072436449973,-122.42333797724194,16.94544562259309,completed
T03201,2024-01-13 00:00:00,San Francisco,Downtown,37.80423842863806,-122.36774783768624,21.946254008866163,completed
T04871,2024-01-13 00:00:00,San Francisco,Downtown,37.68986860660128,-122.39676679078201,21.747194728223707,completed
T00354,2024-01-13 00:00:00,San Francisco,Downtown,37.844387525644734,-122.4031232897059,16.154637381502752,completed
T01512,2024-01-13 00:00:00,San Francisco,Downtown,37.796101568406655,-122.4395434222234,24.545034954068264,completed
T02951,2024-01-13 00:00:00,London,Airport,51.40463141830358,-0.15230165077531743,19.58491662549555,completed
T04202,2024-01-13 01:00:00,San Francisco,Downtown,37.79422279398701,-122.47690078004744,16.79871697767103,completed
T01132,2024-01-13 01:00:00,San Francisco,Downtown,37.74017392311009,-122.42030366952879,53.777474181521356,completed
T00643,2024-01-13 01:00:00,New York,Airport,40.63390755472318,-73.96758822228068,13.817817643606018,completed
T04609,2024-01-13 01:00:00,San Francisco,Downtown,37.78512160549357,-122.38918851730608,20.24487677537044,completed
T04828,2024-01-13 01:00:00,San Francisco,Suburbs,37.80545234364161,-122.37181152076415,31.473857598861535,completed
T04561,2024-01-13 01:00:00,London,Downtown,51.57479360323463,-0.04200122838422379,17.0613574363518,completed
T01985,2024-01-13 01:00:00,New York,Downtown,40.69165678864166,-74.0191101270732,30.862588667776166,completed
T02955,2024-01-13 02:00:00,San Francisco,Downtown,37.83413465333491,-122.36530230296165,27.95771620834192,completed
T03043,2024-01-13 02:00:00,New York,Downtown,40.76513616761315,-73.96783699204342,69.85631020136748,completed
T01547,2024-01-13 02:00:00,San Francisco,Downtown,37.85783495786155,-122.43656813610174,23.956820392139814,completed
T02021,2024-01-13 02:00:00,New York,Airport,40.76745346299584,-74.07488247609466,18.106273644095463,completed
T02190,2024-01-13 02:00:00,New York,Downtown,40.67592574449526,-74.02211121725439,16.56958282866995,completed
T04614,2024-01-13 02:00:00,New York,Downtown,40.62076813976564,-74.07713425224804,20.519691254137726,completed
T04309,2024-01-13 02:00:00,New York,Downtown,40.70093257608973,-73.95948093422767,11.454550397930635,cancelled
T03174,2024-01-13 03:00:00,San Francisco,Downtown,37.80925882031431,-122.42678050721881,13.254836982458313,no_driver
T03227,2024-01-13 03:00:00,London,Suburbs,51.59842919534217,-0.034544207530410154,35.88181935785104,completed
T04163,2024-01-13 03:00:00,San Francisco,Downtown,37.85284737659161,-122.39021462255101,12.912972369255817,completed
T04217,2024-01-13 03:00:00,New York,Downtown,40.64045849661191,-74.07522355528609,9.877042008885338,cancelled
T02272,2024-01-13 03:00:00,San Francisco,Downtown,37.812433769731385,-122.47137561714503,36.83534834376149,completed
T04966,2024-01-13 03:00:00,London,Downtown,51.46522923502058,-0.09655106504109885,39.04828426096772,completed
T01991,2024-01-13 03:00:00,New York,Suburbs,40.653863768173466,-74.01280665021142,17.39200567526254,completed
T00522,2024-01-13 03:00:00,New York,Airport,40.682072749372274,-74.07822717128548,8.620330236949805,completed
T04387,2024-01-13 03:00:00,London,Downtown,51.525962110459076,-0.16132183388475207,46.319868538775026,no_driver
T02460,2024-01-13 04:00:00,New York,Suburbs,40.62814567112337,-74.0011018975158,23.77348286152572,completed
T00360,2024-01-13 04:00:00,New York,Downtown,40.767727910639266,-74.09221114285525,21.41064070199864,completed
T03415,2024-01-13 04:00:00,London,Airport,51.51748329217856,-0.1287694769239724,37.86178984976499,no_driver
T04974,2024-01-13 04:00:00,New York,Downtown,40.62550417214748,-73.93926388897974,41.17103074318503,completed
T00706,2024-01-13 04:00:00,San Francisco,Downtown,37.63182538136435,-122.40357851060065,41.19313770644545,completed
T04369,2024-01-13 04:00:00,New York,Downtown,40.72231461394961,-73.98910468257506,18.07390491139531,completed
T03818,2024-01-13 05:00:00,San Francisco,Suburbs,37.831262217124625,-122.47814822845747,6.536319095132505,completed
T02605,2024-01-13 05:00:00,New York,Suburbs,40.74466408011761,-74.04437021251574,15.554328318527608,completed
T01771,2024-01-13 05:00:00,San Francisco,Airport,37.865864270046714,-122.41951250692075,19.30791056114181,completed
T00297,2024-01-13 05:00:00,London,Suburbs,51.53822027287888,-0.0889487512211164,27.62899932474727,completed
T04046,2024-01-13 05:00:00,New York,Suburbs,40.67201304140683,-74.03271321847674,11.973204400766239,cancelled
T01807,2024-01-13 05:00:00,London,Downtown,51.50450948401823,-0.17408157532423818,19.1913349275694,completed
T02125,2024-01-13 05:00:00,New York,Downtown,40.76703021807283,-74.01377329493067,19.6686840111542,no_driver
T04236,2024-01-13 05:00:00,New York,Downtown,40.706074465853035,-74.00992044847173,13.495590289232279,completed
T02956,2024-01-13 05:00:00,London,Downtown,51.417483755675434,-0.21005870504370103,19.424827028204028,completed
T02025,2024-01-13 06:00:00,San Francisco,Downtown,37.78058056188625,-122.489370829985,31.557118557864197,completed
T04478,2024-01-13 06:00:00,London,Downtown,51.593632733782,-0.18495213564956234,39.874438496378076,completed
T00252,2024-01-13 06:00:00,New York,Downtown,40.73445095625503,-73.99035976500059,31.581221270555435,cancelled
T04457,2024-01-13 06:00:00,San Francisco,Suburbs,37.72939082993424,-122.36170386835283,16.890729476820013,completed
T00724,2024-01-13 06:00:00,New York,Downtown,40.69941229149772,-73.9458745501472,43.34910412430724,completed
T00296,2024-01-13 06:00:00,San Francisco,Downtown,37.75494624221675,-122.43978154781145,19.798429934326634,completed
T03964,2024-01-13 06:00:00,London,Downtown,51.50424225013462,-0.18766165550483735,11.443367516202182,no_driver
T00466,2024-01-13 07:00:00,London,Suburbs,51.51299500730546,-0.20366346986528983,14.839098274772894,cancelled
T04319,2024-01-13 07:00:00,New York,Airport,40.772634739139725,-74.0204285741302,8.052732353346727,cancelled
T03892,2024-01-13 07:00:00,San Francisco,Suburbs,37.91052429733477,-122.43382221666603,19.499835358762446,completed
T04419,2024-01-13 07:00:00,New York,Downtown,40.81177940048865,-74.01943035902636,34.22093587727089,cancelled
T02489,2024-01-13 07:00:00,New York,Suburbs,40.66474142775662,-73.94234935005497,26.661817629791376,completed
T04396,2024-01-13 07:00:00,San Francisco,Suburbs,37.71781751684939,-122.53970553387748,28.786536552721188,completed
T03340,2024-01-13 07:00:00,New York,Suburbs,40.72594806999005,-74.0127084011228,40.31103510971124,completed
T00470,2024-01-13 07:00:00,New York,Suburbs,40.795575673002624,-73.97090099721181,6.3790871902453485,completed
T04039,2024-01-13 07:00:00,New York,Downtown,40.74837984015501,-73.94360750872184,32.90853247224103,completed
T02720,2024-01-13 07:00:00,New York,Suburbs,40.750171316003204,-73.92030273197348,16.515281726512974,completed
T01060,2024-01-13 08:00:00,New York,Downtown,40.74735102351616,-73.94623792145265,17.496982555866467,completed
T02154,2024-01-13 08:00:00,New York,Downtown,40.7165575613104,-73.97121638363565,13.248965440791327,completed
T00853,2024-01-13 08:00:00,New York,Downtown,40.78658999737912,-74.00794408178034,10.724736403227018,completed
T04860,2024-01-13 08:00:00,New York,Downtown,40.74890286946844,-74.05755635394132,11.375997326966067,completed
T00605,2024-01-13 08:00:00,San Francisco,Downtown,37.76024478523371,-122.41339379095271,8.267556227839249,completed
T01890,2024-01-13 08:00:00,London,Downtown,51.52448094695019,-0.05233814551493349,25.523798950412807,completed
T01286,2024-01-13 08:00:00,San Francisco,Airport,37.724532628641754,-122.3811849865518,43.11049338966825,completed
T02042,2024-01-13 08:00:00,San Francisco,Downtown,37.86570189331815,-122.37612271832337,25.42642975398618,completed
T03150,2024-01-13 08:00:00,London,Downtown,51.51435031434766,-0.15248990151361425,9.843776363717916,completed
T03643,2024-01-13 08:00:00,San Francisco,Downtown,37.84158621903289,-122.40563827442979,29.732026963482838,cancelled
T04435,2024-01-13 08:00:00,San Francisco,Downtown,37.79292870761608,-122.43988253457579,27.747232589320504,completed
T00357,2024-01-13 08:00:00,London,Suburbs,51.48877939317876,-0.12909044443093157,6.143814338395623,completed
T00031,2024-01-13 09:00:00,San Francisco,Downtown,37.79864512462522,-122.37336570140556,15.69249932390788,completed
T03781,2024-01-13 09:00:00,New York,Downtown,40.67933291042626,-74.06028866496527,70.48484007930914,completed
T02315,2024-01-13 09:00:00,New York,Suburbs,40.71774344755006,-73.98476879649073,10.006313245037784,no_driver
T04663,2024-01-13 09:00:00,London,Suburbs,51.54363920035874,-0.13880870581063076,27.81378568768882,completed
T03685,2024-01-13 09:00:00,New York,Downtown,40.67564680535191,-74.07203338642583,16.884137332411733,cancelled
T03035,2024-01-13 09:00:00,New York,Downtown,40.68326307232078,-74.07400516190607,10.481318342556872,completed
T01388,2024-01-13 10:00:00,San Francisco,Downtown,37.66889389018542,-122.42792264864846,38.80755522520108,completed
T01780,2024-01-13 10:00:00,San Francisco,Suburbs,37.80974988819813,-122.42824144487165,63.53595762485067,completed
T04884,2024-01-13 10:00:00,San Francisco,Suburbs,37.76317184814086,-122.38637319519519,12.118104585604877,completed
T02436,2024-01-13 10:00:00,New York,Downtown,40.60919128135368,-74.01658468309303,17.589015646296257,completed
T02929,2024-01-13 10:00:00,London,Downtown,51.50844646011946,-0.1004502533242181,14.586607722633968,completed
T02880,2024-01-13 10:00:00,San Francisco,Downtown,37.81070230690564,-122.37024018143727,29.61871951433863,completed
T02869,2024-01-13 10:00:00,San Francisco,Downtown,37.93195546434984,-122.37884106776708,6.235985773077364,completed
T02051,2024-01-13 10:00:00,London,Downtown,51.51975330272287,-0.10612479600118335,19.91377513199344,completed
T04994,2024-01-13 10:00:00,New York,Downtown,40.70681135907994,-73.98611189053484,13.029804145050534,completed
T02005,2024-01-13 10:00:00,San Francisco,Suburbs,37.76827754064051,-122.4731051841851,18.53724199993083,completed
T02958,2024-01-13 10:00:00,San Francisco,Downtown,37.79516665119994,-122.36919675842503,21.83559309160658,completed
T01029,2024-01-13 11:00:00,New York,Downtown,40.579291571826914,-73.92680987964337,33.963146392926404,completed
T02465,2024-01-13 11:00:00,San Francisco,Downtown,37.75461541831719,-122.3980780974272,23.638951484638408,completed
T03442,2024-01-13 11:00:00,San Francisco,Downtown,37.82224523475441,-122.42482812031379,12.116230766887828,completed
T03617,2024-01-13 11:00:00,London,Downtown,51.56518414290803,-0.1317785034049818,20.028545573644706,completed
T04242,2024-01-13 11:00:00,New York,Suburbs,40.77358143462246,-74.06166414746295,10.974891435195087,completed
T04754,2024-01-13 11:00:00,London,Downtown,51.478455654257175,-0.13266420177476634,9.175059693267054,completed
T03308,2024-01-13 11:00:00,San Francisco,Downtown,37.83206392010186,-122.36139543519828,50.520973592052314,completed
T04497,2024-01-13 11:00:00,New York,Downtown,40.69878576960103,-73.98719964085943,23.402923036156075,completed
T03165,2024-01-13 11:00:00,San Francisco,Downtown,37.864271052610086,-122.2765904906252,13.327344572690121,completed
T04670,2024-01-13 12:00:00,New York,Suburbs,40.66466318846643,-73.95473946121325,40.08861438256423,completed
T03337,2024-01-13 12:00:00,New York,Downtown,40.72346917771805,-74.07324800127385,12.783555736500173,completed
T01334,2024-01-13 12:00:00,San Francisco,Downtown,37.74979902540308,-122.3792605007032,15.443536675967097,cancelled
T03051,2024-01-13 12:00:00,New York,Downtown,40.747897048860956,-74.02518074847018,49.113496684725774,cancelled
T04591,2024-01-13 12:00:00,San Francisco,Airport,37.7629136928205,-122.4724694245991,16.044846840680922,completed
T00935,2024-01-13 12:00:00,New York,Downtown,40.633773957690515,-74.03698734627685,26.487519482084487,completed
T02215,2024-01-13 12:00:00,New York,Downtown,40.721773140931695,-74.02901361109922,15.525014611701323,completed
T00939,2024-01-13 12:00:00,London,Downtown,51.44465985004795,-0.1713008611694278,36.90022343968368,completed
T04375,2024-01-13 12:00:00,New York,Suburbs,40.708978218998084,-73.8997231660994,20.215572299506213,completed
T00334,2024-01-13 12:00:00,New York,Downtown,40.71747703604968,-74.0006975162224,19.605173634883855,completed
T02762,2024-01-13 12:00:00,New York,Downtown,40.68699677407929,-73.97262520559138,32.24430932371916,completed
T02442,2024-01-13 13:00:00,New York,Downtown,40.72450860256947,-74.05099174051169,16.40883658353931,completed
T02444,2024-01-13 13:00:00,London,Downtown,51.59981099054003,-0.06382379055818298,16.45018109281404,completed
T00403,2024-01-13 13:00:00,New York,Suburbs,40.68776764904854,-74.02495279978395,29.99259186963025,completed
T01708,2024-01-13 13:00:00,San Francisco,Airport,37.784584292336746,-122.39879837566251,10.193929381266964,completed
T00632,2024-01-13 13:00:00,San Francisco,Downtown,37.77476962367329,-122.38424883661463,20.18841767917743,completed
T02859,2024-01-13 13:00:00,New York,Suburbs,40.68200147734572,-74.02311165837773,10.842545694854559,no_driver
T03075,2024-01-13 13:00:00,London,Downtown,51.464295147812756,-0.05656073355056848,10.435050838286996,completed
T03380,2024-01-13 13:00:00,San Francisco,Downtown,37.80106497849218,-122.42758534653738,11.542576034036017,completed
T01357,2024-01-13 13:00:00,San Francisco,Downtown,37.643795881798994,-122.46756469276788,17.343540313252117,completed
T02537,2024-01-13 13:00:00,New York,Downtown,40.607625431853855,-73.9978368257191,25.62156124624956,completed
T04643,2024-01-13 13:00:00,New York,Downtown,40.74160534597,-73.95805586011095,20.825998391124998,completed
T01347,2024-01-13 13:00:00,London,Downtown,51.453372861580114,-0.16335617715560274,6.510042166618639,cancelled
T01333,2024-01-13 13:00:00,New York,Suburbs,40.76367758690828,-74.03899345788672,19.117442761042973,completed
T01829,2024-01-13 13:00:00,San Francisco,Suburbs,37.80608043087667,-122.40577006843816,25.295271616293316,no_driver
T02294,2024-01-13 13:00:00,San Francisco,Downtown,37.71652374355471,-122.46042894899324,18.897374620700706,completed
T02735,2024-01-13 13:00:00,New York,Downtown,40.76576245784139,-74.10236551994004,9.533433442236333,completed
T01366,2024-01-13 14:00:00,San Francisco,Downtown,37.73674744352218,-122.42928070341847,18.064021221608364,completed
T00752,2024-01-13 14:00:00,London,Suburbs,51.471719544948115,-0.16013991035828276,20.36034860961255,completed
T04923,2024-01-13 14:00:00,San Francisco,Suburbs,37.79369455854744,-122.51717992773662,20.58804639267116,completed
T03672,2024-01-13 14:00:00,New York,Suburbs,40.7873043877424,-74.02811928821959,22.518248664690443,completed
T00246,2024-01-13 14:00:00,London,Downtown,51.53379930002774,-0.09295362677902755,16.58726144192717,completed
T01822,2024-01-13 14:00:00,New York,Downtown,40.661759126634486,-73.94320832158813,31.583829898223286,cancelled
T03121,2024-01-13 14:00:00,New York,Downtown,40.63422530409947,-74.00724680584472,36.89626014720574,completed
T02851,2024-01-13 15:00:00,New York,Downtown,40.69912013986555,-74.03320603618316,27.73867507317177,completed
T03031,2024-01-13 15:00:00,San Francisco,Downtown,37.812935781668784,-122.41490557212536,13.978170140835859,completed
T01778,2024-01-13 15:00:00,New York,Suburbs,40.77742664828464,-74.00808341570082,57.0714732538824,completed
T03910,2024-01-13 15:00:00,New York,Airport,40.740614778684986,-74.08980856280965,23.08635052632676,completed
T03044,2024-01-13 15:00:00,New York,Suburbs,40.650288505384104,-73.99508786775696,14.332131193438647,completed
T02129,2024-01-13 15:00:00,San Francisco,Suburbs,37.72606363620095,-122.34780377025727,48.74230612575123,completed
T02149,2024-01-13 16:00:00,San Francisco,Airport,37.77945219853493,-122.49531677996342,19.04515179167516,no_driver
T01802,2024-01-13 16:00:00,San Francisco,Downtown,37.73938764076667,-122.40434634025719,28.900755826011896,completed
T01475,2024-01-13 16:00:00,London,Suburbs,51.4597318041536,-0.05347190365915279,23.323216645094945,completed
T04253,2024-01-13 16:00:00,London,Downtown,51.485481642119446,-0.1589931024350477,31.332520143573173,completed
T04946,2024-01-13 16:00:00,New York,Downtown,40.716592270001826,-73.98412444316637,31.277507850951526,completed
T02018,2024-01-13 16:00:00,San Francisco,Suburbs,37.82778176599958,-122.48031976424707,53.11654113631168,completed
T03731,2024-01-13 16:00:00,New York,Suburbs,40.68055398060649,-73.98555313953996,22.18683933193027,cancelled
T00365,2024-01-13 16:00:00,New York,Downtown,40.754382921183264,-73.94148480319701,16.42357397234491,completed
T01458,2024-01-13 16:00:00,San Francisco,Downtown,37.76436460761305,-122.51044842528849,30.21195154818639,completed
T02222,2024-01-13 17:00:00,New York,Downtown,40.76059734375472,-74.01080070425883,21.786422400952276,completed
T00629,2024-01-13 17:00:00,New York,Downtown,40.74304574441378,-74.0038409426324,35.48625785117394,cancelled
T00880,2024-01-13 17:00:00,New York,Downtown,40.72707392339971,-73.98650936937578,32.22347191028263,completed
T01210,2024-01-13 17:00:00,San Francisco,Suburbs,37.820848241423384,-122.35456491265228,69.90612035301965,completed
T01401,2024-01-13 17:00:00,New York,Downtown,40.74856551000282,-73.99630490981426,48.27281931728338,cancelled
T04680,2024-01-13 17:00:00,San Francisco,Suburbs,37.85404084579105,-122.46710116394203,20.656924468440565,cancelled
T01091,2024-01-13 17:00:00,San Francisco,Airport,37.808473124206145,-122.42148338432814,12.940783883462158,completed
T02501,2024-01-13 18:00:00,San Francisco,Downtown,37.81365070528908,-122.38935728388219,33.2847147409576,cancelled
T00585,2024-01-13 18:00:00,London,Downtown,51.41716538719167,-0.0849645842492735,51.290752639219164,completed
T01756,2024-01-13 18:00:00,New York,Airport,40.73946073768221,-73.99972983197205,17.984234584735862,completed
T01409,2024-01-13 18:00:00,New York,Downtown,40.68608995914489,-73.97617891261433,6.030357582306333,completed
T01298,2024-01-13 18:00:00,New York,Downtown,40.776494301341046,-73.96013472526333,24.08050380663543,completed
T00382,2024-01-13 18:00:00,San Francisco,Downtown,37.73415607268823,-122.41832226239198,29.47224891070271,completed
T03286,2024-01-13 18:00:00,New York,Downtown,40.60775975395955,-74.0465765874235,15.427108612937491,completed
T03914,2024-01-13 18:00:00,San Francisco,Downtown,37.71495314097169,-122.44447254400828,9.745943329211723,completed
T01570,2024-01-13 19:00:00,London,Suburbs,51.548062978343545,-0.07361012118778516,30.56783592286475,completed
T00831,2024-01-13 19:00:00,New York,Suburbs,40.68022716568608,-74.05256212036633,25.32590957097866,cancelled
T00521,2024-01-13 19:00:00,New York,Downtown,40.70021123479186,-73.99549127412733,10.211036048605674,cancelled
T03072,2024-01-13 19:00:00,San Francisco,Downtown,37.80546434053698,-122.37550667232281,13.300274386143098,completed
T04944,2024-01-13 19:00:00,San Francisco,Downtown,37.75503596493744,-122.49721002614575,22.137877699693348,completed
T00279,2024-01-13 19:00:00,New York,Suburbs,40.69219282325986,-74.08713762576821,15.227555006371867,completed
T01643,2024-01-13 19:00:00,London,Downtown,51.43351443403413,-0.19108633992049878,14.73088367381228,completed
T02498,2024-01-13 19:00:00,New York,Downtown,40.76713713112547,-73.96901656050359,28.0184384578195,completed
T01045,2024-01-13 19:00:00,San Francisco,Airport,37.78989726836251,-122.41332214320687,30.764685471195335,completed
T04889,2024-01-13 20:00:00,New York,Downtown,40.64036113389749,-74.03216597970263,41.9465399434944,cancelled
T03106,2024-01-13 20:00:00,New York,Downtown,40.700302966872705,-73.97860774256787,24.576739442541925,completed
T02043,2024-01-13 20:00:00,New York,Airport,40.77645229921589,-74.00368342615577,21.66720909554263,completed
T02123,2024-01-13 20:00:00,New York,Downtown,40.710068833313755,-74.02915010213933,27.276597617075403,cancelled
T00555,2024-01-13 20:00:00,London,Downtown,51.53485899827746,-0.08081567975451245,31.799329605574385,no_driver
T02426,2024-01-13 20:00:00,London,Downtown,51.54838637426159,-0.13459631503844496,19.36125381510774,completed
T02463,2024-01-13 20:00:00,New York,Downtown,40.66839243525395,-74.00955140063294,28.9102770331481,completed
T00930,2024-01-13 21:00:00,London,Suburbs,51.625798739594586,-0.07154765401639504,40.59857098654555,cancelled
T04909,2024-01-13 22:00:00,San Francisco,Downtown,37.79724136451833,-122.38454920800626,7.02061323531236,completed
T03100,2024-01-13 22:00:00,New York,Downtown,40.67319241883364,-74.0168037644393,19.467774795603486,completed
T02091,2024-01-13 22:00:00,New York,Airport,40.72810928160528,-73.90513287171407,27.121124067791804,completed
T02586,2024-01-13 23:00:00,New York,Downtown,40.75397264764831,-74.01225215489863,16.340881857918546,completed
T04982,2024-01-13 23:00:00,New York,Downtown,40.656741509213994,-74.05872929111268,51.37388252668924,completed
T04970,2024-01-14 00:00:00,New York,Suburbs,40.775038126066825,-74.04957440340883,9.044989993625856,completed
T00411,2024-01-14 00:00:00,San Francisco,Downtown,37.74630925740522,-122.32363877476578,22.254474366216822,completed
T03880,2024-01-14 00:00:00,San Francisco,Downtown,37.80575299591855,-122.46999938896711,23.032435093184297,completed
T00836,2024-01-14 00:00:00,London,Downtown,51.47636253081406,-0.13438713203486585,28.063230389025243,cancelled
T03861,2024-01-14 00:00:00,London,Downtown,51.47606116662931,-0.06893495457391016,68.96444065381107,completed
T04363,2024-01-14 00:00:00,London,Downtown,51.47138332348361,-0.1471010484887433,20.153700544153534,completed
T00525,2024-01-14 01:00:00,New York,Downtown,40.74755379913522,-73.94942811275156,30.000408843336025,completed
T03185,2024-01-14 01:00:00,New York,Downtown,40.6794216249732,-74.07428226728071,39.83245111440163,completed
T04937,2024-01-14 02:00:00,New York,Downtown,40.741976036593606,-74.04708919485131,30.26640619058758,completed
T02301,2024-01-14 02:00:00,New York,Downtown,40.66427381493069,-73.97551863635303,8.982534251228927,completed
T00387,2024-01-14 03:00:00,New York,Downtown,40.743664357707345,-74.04562524354026,35.772879282366624,completed
T00823,2024-01-14 03:00:00,New York,Downtown,40.797584970559804,-74.00136395083379,35.12570956003339,cancelled
T04730,2024-01-14 03:00:00,New York,Downtown,40.67187893192629,-74.01916769374776,30.255104435051873,completed
T03580,2024-01-14 03:00:00,New York,Downtown,40.722057648141906,-73.99447648288195,44.343807801879315,completed
T00333,2024-01-14 03:00:00,London,Downtown,51.5969885145533,-0.23037842134329503,38.69992098411575,completed
T03356,2024-01-14 03:00:00,San Francisco,Suburbs,37.788591146513326,-122.45490035490218,41.03847717828566,completed
T01140,2024-01-14 04:00:00,New York,Downtown,40.61541124457377,-74.02433437705935,33.81892220681482,completed
T00206,2024-01-14 04:00:00,New York,Suburbs,40.71270230005663,-74.00458157505541,44.350482858296694,completed
T00493,2024-01-14 04:00:00,San Francisco,Airport,37.752443501224626,-122.45216407670347,18.90157766571727,cancelled
T03635,2024-01-14 04:00:00,New York,Suburbs,40.76988520894841,-74.0792820214158,27.49282427209514,completed
T03179,2024-01-14 04:00:00,New York,Downtown,40.70520449513697,-73.96203451012532,28.157556632889523,completed
T01408,2024-01-14 04:00:00,London,Downtown,51.47003761539959,-0.15890358622032988,61.05950799194507,cancelled
T01779,2024-01-14 04:00:00,London,Downtown,51.53216431469446,-0.1250516552937812,11.169479188056266,completed
T02794,2024-01-14 04:00:00,New York,Downtown,40.70433706138968,-73.97093697183196,26.72498505992789,completed
T03990,2024-01-14 04:00:00,New York,Downtown,40.62798191057398,-74.05588991519774,11.88509675253442,completed
T01104,2024-01-14 04:00:00,London,Downtown,51.47908596174097,-0.2199191014233208,21.02446508806039,completed
T02347,2024-01-14 04:00:00,New York,Suburbs,40.81561686722159,-73.96500142050398,14.863464028215036,completed
T02287,2024-01-14 05:00:00,San Francisco,Downtown,37.818261158784665,-122.34152188561431,24.88491316799955,completed
T04743,2024-01-14 05:00:00,London,Downtown,51.49111833839094,-0.07334591863198298,24.789366860425332,completed
T00990,2024-01-14 05:00:00,London,Suburbs,51.52271078398906,-0.037060745859470196,18.147227346912196,completed
T00347,2024-01-14 05:00:00,San Francisco,Downtown,37.79238735938879,-122.45226677578506,19.23218756803336,completed
T03658,2024-01-14 06:00:00,New York,Downtown,40.80089369185375,-73.97951565152154,8.467754479691017,completed
T01577,2024-01-14 06:00:00,New York,Suburbs,40.586358811570896,-73.98260190711697,63.672944647280275,completed
T01534,2024-01-14 06:00:00,New York,Downtown,40.69753252892144,-74.04342671925014,29.06397693174043,completed
T02824,2024-01-14 06:00:00,San Francisco,Downtown,37.74729399742074,-122.3800542117252,33.65180616300242,no_driver
T01929,2024-01-14 07:00:00,London,Downtown,51.50639491792529,-0.09559074884937055,25.7084537716933,completed
T00662,2024-01-14 07:00:00,London,Downtown,51.45940438742651,-0.11096362579510569,23.541295409197808,completed
T03921,2024-01-14 07:00:00,San Francisco,Downtown,37.746644879485096,-122.31389460397489,28.67266007232213,completed
T00750,2024-01-14 07:00:00,San Francisco,Downtown,37.811495744100974,-122.41391400749276,19.80576871497684,completed
T04392,2024-01-14 07:00:00,New York,Downtown,40.722936200143174,-74.04744504095858,17.738337457761183,completed
T03198,2024-01-14 07:00:00,San Francisco,Downtown,37.76137818431374,-122.3236272697339,27.10068231695905,completed
T02569,2024-01-14 08:00:00,New York,Downtown,40.591713211087246,-74.00260275827567,15.936438488096625,completed
T02492,2024-01-14 08:00:00,San Francisco,Suburbs,37.81646856688477,-122.41065573158764,15.703347655151884,completed
T02712,2024-01-14 08:00:00,New York,Suburbs,40.7989620258253,-73.96902737036925,13.213504116663545,cancelled
T03982,2024-01-14 09:00:00,New York,Suburbs,40.66943871957961,-74.05455050993785,11.68266917301047,completed
T01063,2024-01-14 09:00:00,San Francisco,Downtown,37.79168275247987,-122.40902515642769,14.149155761409943,completed
T00881,2024-01-14 09:00:00,San Francisco,Downtown,37.81505765992498,-122.32915066376299,32.27309601563047,completed
T04285,2024-01-14 09:00:00,New York,Airport,40.74321948010842,-74.04688291133655,36.57941877613248,completed
T01590,2024-01-14 09:00:00,London,Suburbs,51.61908812375488,-0.14969536862431126,11.76408948171836,completed
T04241,2024-01-14 09:00:00,San Francisco,Downtown,37.729918563578224,-122.48672717361436,11.197387667549021,cancelled
T04929,2024-01-14 09:00:00,San Francisco,Downtown,37.78519327167942,-122.45304677652139,26.635026875663307,completed
T00765,2024-01-14 09:00:00,New York,Airport,40.739001696573894,-73.91350689013066,28.190219284039813,completed
T02756,2024-01-14 09:00:00,New York,Downtown,40.69889250363954,-74.09689315318734,13.430954861707686,completed
T01649,2024-01-14 09:00:00,London,Downtown,51.50191718009917,-0.18198490235184958,23.82497403984403,cancelled
T00755,2024-01-14 09:00:00,New York,Downtown,40.72388651491127,-73.93451364443028,14.331418916837755,completed
T02808,2024-01-14 10:00:00,London,Airport,51.49232934083831,-0.16489451101396213,29.482752122597606,completed
T00694,2024-01-14 10:00:00,New York,Downtown,40.75262261935506,-73.93008176028808,10.955001884250677,completed
T03427,2024-01-14 10:00:00,New York,Downtown,40.71439869933027,-74.01776178716008,20.422973866678493,completed
T02596,2024-01-14 10:00:00,London,Suburbs,51.46427045188299,-0.09079259332085486,14.411324258835924,completed
T04150,2024-01-14 10:00:00,New York,Downtown,40.63313352964106,-74.0273204483329,22.095297091098416,cancelled
T03389,2024-01-14 10:00:00,New York,Suburbs,40.7829653792469,-74.05254249481624,27.797197353789876,completed
T02901,2024-01-14 10:00:00,New York,Airport,40.61656482243096,-73.98752373277712,19.52539065956056,completed
T01973,2024-01-14 10:00:00,London,Airport,51.51600586733654,-0.11741570755914614,33.678696055285755,completed
T03220,2024-01-14 11:00:00,New York,Suburbs,40.764535837201244,-74.06509636980827,16.137738141200295,completed
T00446,2024-01-14 11:00:00,New York,Downtown,40.70500484584848,-73.86326584488306,39.87964581474752,completed
T02696,2024-01-14 11:00:00,San Francisco,Suburbs,37.76687073605206,-122.41234760864704,11.273478096024398,completed
T02124,2024-01-14 11:00:00,San Francisco,Suburbs,37.73737015688686,-122.41830786847838,9.847377946493964,completed
T01221,2024-01-14 11:00:00,London,Downtown,51.54400180141666,-0.20299902799107872,52.44220416233999,completed
T03829,2024-01-14 11:00:00,London,Downtown,51.615912835852676,-0.027612969233194548,34.670772261083016,completed
T00136,2024-01-14 11:00:00,New York,Airport,40.800001575282664,-73.97972456396327,15.39498320502895,completed
T01732,2024-01-14 12:00:00,London,Downtown,51.44320170082844,-0.12006308918089327,9.088715075650715,completed
T01487,2024-01-14 12:00:00,London,Suburbs,51.535426242510106,-0.11242970832603662,14.405135386505409,completed
T04905,2024-01-14 12:00:00,London,Downtown,51.548270093599115,-0.12529697737778003,20.13754604604518,completed
T01238,2024-01-14 12:00:00,San Francisco,Downtown,37.79596445108993,-122.39341465944712,30.50349810754424,completed
T03124,2024-01-14 12:00:00,New York,Suburbs,40.72701153301217,-73.92212171073784,19.53042337888831,completed
T01764,2024-01-14 12:00:00,San Francisco,Downtown,37.71710926472074,-122.43332591188812,15.932459119499669,completed
T01935,2024-01-14 12:00:00,New York,Suburbs,40.6360516868529,-74.02363262996326,37.22288926485606,cancelled
T02790,2024-01-14 12:00:00,San Francisco,Downtown,37.86924048658747,-122.35607479928451,11.487771537265967,completed
T04078,2024-01-14 12:00:00,London,Downtown,51.48702937906693,-0.11484002983161355,14.239309581451248,completed
T03648,2024-01-14 13:00:00,San Francisco,Suburbs,37.78628199616987,-122.43909551134149,31.149326136001484,completed
T02769,2024-01-14 13:00:00,San Francisco,Downtown,37.73505442381442,-122.35647966912036,16.79063754889821,completed
T01913,2024-01-14 13:00:00,New York,Downtown,40.78176559723899,-73.97217947376119,8.576528095292751,completed
T03192,2024-01-14 13:00:00,San Francisco,Downtown,37.79917290699544,-122.41505899578603,7.329949954866765,completed
T02363,2024-01-14 13:00:00,London,Downtown,51.578581717814956,-0.06207823323353165,36.0421029521797,completed
T02351,2024-01-14 13:00:00,New York,Suburbs,40.736177428623655,-73.99274614025491,19.44164021424114,completed
T01215,2024-01-14 13:00:00,New York,Downtown,40.683698873498045,-73.96046362201956,16.697163592865536,completed
T04141,2024-01-14 13:00:00,New York,Downtown,40.726582925419265,-74.06290566900601,16.462902030648888,no_driver
T02970,2024-01-14 13:00:00,New York,Airport,40.625622339777706,-74.03589535718532,38.63484187244521,completed
T01429,2024-01-14 13:00:00,New York,Downtown,40.74205199777191,-73.96953461770732,21.306269828543083,cancelled
T01170,2024-01-14 13:00:00,London,Suburbs,51.47808793688651,-0.07880899664150648,13.790234353707278,completed
T04205,2024-01-14 13:00:00,San Francisco,Downtown,37.75943310471212,-122.46123892029891,30.54099991166265,completed
T04673,2024-01-14 14:00:00,London,Downtown,51.49048654967664,-0.09894529860805351,24.621848829660365,cancelled
T02307,2024-01-14 14:00:00,London,Downtown,51.59272292963987,-0.2095383254900392,8.231587938073899,completed
T02879,2024-01-14 14:00:00,New York,Suburbs,40.67974038721638,-74.03762487730626,14.27884337118607,completed
T01042,2024-01-14 14:00:00,San Francisco,Downtown,37.75342629699189,-122.31972115369136,7.991468850439691,completed
T01466,2024-01-14 14:00:00,London,Downtown,51.54000006344039,-0.07784121600151192,12.530275893764802,completed
T01048,2024-01-14 14:00:00,New York,Airport,40.72116111340367,-73.97326323737337,16.835709669353793,cancelled
T01218,2024-01-14 14:00:00,San Francisco,Suburbs,37.72474007675485,-122.37357467111042,65.28583126153168,completed
T01049,2024-01-14 14:00:00,London,Downtown,51.471361797565585,-0.13786061978218908,14.205315691722303,no_driver
T03636,2024-01-14 15:00:00,New York,Downtown,40.741332145184224,-73.99721931459005,31.345994037026838,no_driver
T03531,2024-01-14 15:00:00,New York,Downtown,40.7380617357253,-73.98055277946497,20.034492981183895,completed
T02746,2024-01-14 15:00:00,London,Airport,51.55629758911331,-0.15958990177401958,21.561092593131114,completed
T04028,2024-01-14 15:00:00,London,Airport,51.523129018207705,-0.12855230020198952,14.575900291290466,completed
T00838,2024-01-14 15:00:00,London,Downtown,51.43636820509755,-0.07996912485769131,36.02591967692527,completed
T01540,2024-01-14 15:00:00,New York,Suburbs,40.78739093666901,-74.00293479931926,33.07237486750926,no_driver
T03030,2024-01-14 15:00:00,London,Airport,51.64747051891096,-0.11355089538501263,18.00857623404088,completed
T01234,2024-01-14 15:00:00,London,Downtown,51.39314610687836,-0.1983120726474153,44.32674159686451,completed
T00798,2024-01-14 16:00:00,London,Downtown,51.532282409765806,-0.09820108681518112,13.565230550941592,completed
T03087,2024-01-14 16:00:00,New York,Downtown,40.65662426397768,-74.09032841032314,12.690226853253924,completed
T03269,2024-01-14 16:00:00,New York,Downtown,40.66247720560489,-74.03939391852953,32.091642699974585,completed
T03178,2024-01-14 16:00:00,New York,Suburbs,40.76989782469346,-74.0374871584636,24.356563506677613,cancelled
T04924,2024-01-14 16:00:00,San Francisco,Downtown,37.81524292488032,-122.4030459436081,18.353116260048758,cancelled
T04298,2024-01-14 16:00:00,London,Downtown,51.4549461912606,-0.15416225095252312,20.558254344248212,cancelled
T00158,2024-01-14 16:00:00,London,Suburbs,51.56227093780281,-0.16863873201060864,33.66420692038943,completed
T04263,2024-01-14 16:00:00,New York,Downtown,40.74314020292113,-74.05321604175644,25.949112206239935,completed
T04058,2024-01-14 16:00:00,San Francisco,Downtown,37.75700260915321,-122.46130444981019,30.08434990733256,completed
T04280,2024-01-14 17:00:00,New York,Airport,40.71396836502928,-74.02790393657425,5.720009138776595,completed
T02655,2024-01-14 17:00:00,San Francisco,Downtown,37.64688915961697,-122.45432009281359,10.490254642196188,completed
T04323,2024-01-14 17:00:00,New York,Airport,40.75593236422227,-73.95740150837166,32.451388896619505,completed
T03352,2024-01-14 17:00:00,San Francisco,Downtown,37.80593075078638,-122.46383263968683,6.235506745433245,cancelled
T03057,2024-01-14 17:00:00,New York,Downtown,40.75461902714167,-73.96876027433647,18.017683855874694,completed
T04727,2024-01-14 17:00:00,London,Suburbs,51.49186376542733,-0.0584167020269305,18.1890423150933,completed
T04210,2024-01-14 17:00:00,London,Airport,51.4697535275194,-0.19456334500754927,21.164028444446107,completed
T01594,2024-01-14 17:00:00,San Francisco,Downtown,37.729360610842015,-122.44744023939143,16.60595617963161,completed
T01901,2024-01-14 17:00:00,London,Downtown,51.44731338401299,-0.11100206185497163,17.441838513255234,completed
T01712,2024-01-14 17:00:00,New York,Airport,40.68918413119883,-73.91153343595482,13.114449688037443,cancelled
T01416,2024-01-14 18:00:00,New York,Suburbs,40.66473707287852,-74.00341460759041,11.413387855733877,completed
T00342,2024-01-14 18:00:00,London,Suburbs,51.49096506196968,-0.2769966370718382,39.44704056136138,completed
T02311,2024-01-14 18:00:00,New York,Suburbs,40.73464982391201,-73.98065455089463,13.572379928338158,cancelled
T00590,2024-01-14 19:00:00,New York,Downtown,40.79772680538639,-73.9562915200718,16.858156960282116,completed
T00315,2024-01-14 19:00:00,New York,Downtown,40.71781854863625,-74.014572102509,7.629833040013294,completed
T03771,2024-01-14 19:00:00,New York,Downtown,40.74415329205354,-73.97565802621867,64.48496796015415,completed
T02064,2024-01-14 19:00:00,London,Airport,51.47566232543191,-0.12370091683428874,52.116971236734635,completed
T03383,2024-01-14 19:00:00,San Francisco,Airport,37.78819460214817,-122.35649468605673,31.701674069053055,cancelled
T02763,2024-01-14 19:00:00,San Francisco,Downtown,37.74014154147455,-122.47348838409025,32.38390756406696,completed
T04632,2024-01-14 20:00:00,San Francisco,Suburbs,37.72022222620349,-122.38297804015271,15.95687094163139,no_driver
T01380,2024-01-14 20:00:00,New York,Airport,40.64530305585924,-73.97319184046835,19.47750847875323,completed
T03239,2024-01-14 20:00:00,London,Downtown,51.46652483500529,-0.15330853676366663,21.01105057348958,cancelled
T02562,2024-01-14 20:00:00,London,Downtown,51.41842190771661,-0.0748985543427822,19.309143939872122,completed
T01820,2024-01-14 20:00:00,London,Downtown,51.48269330457722,-0.050207920771570685,30.513015630825503,completed
T03655,2024-01-14 20:00:00,San Francisco,Downtown,37.7043574554373,-122.34032228702296,19.131285911929236,completed
T03315,2024-01-14 21:00:00,San Francisco,Downtown,37.76908701379367,-122.35554891333106,27.99293055204987,completed
T03499,2024-01-14 21:00:00,New York,Downtown,40.68086743424567,-73.99717418461054,31.825266002854725,completed
T01668,2024-01-14 21:00:00,New York,Suburbs,40.69087241084233,-74.04316471653497,30.340806213393137,completed
T00558,2024-01-14 21:00:00,New York,Downtown,40.68059030716512,-74.09059516355661,33.01752937634832,completed
T02304,2024-01-14 21:00:00,San Francisco,Downtown,37.768754877280934,-122.44842960026891,9.936397293326468,completed
T02168,2024-01-14 21:00:00,New York,Suburbs,40.72590581443849,-74.06018627141331,34.88323036187449,completed
T03097,2024-01-14 21:00:00,New York,Downtown,40.75242480686823,-74.03440791169693,12.843390368449317,completed
T02313,2024-01-14 22:00:00,London,Downtown,51.446161183550245,-0.17749570248913205,36.557907895735,completed
T00295,2024-01-14 22:00:00,New York,Suburbs,40.76579000164068,-74.03368507074812,8.060792416826008,completed
T03714,2024-01-14 22:00:00,San Francisco,Downtown,37.781813499999956,-122.3074888988449,33.33255190276782,completed
T02747,2024-01-14 22:00:00,San Francisco,Downtown,37.83306061785825,-122.36481543992916,52.95585117119263,completed
T02192,2024-01-14 23:00:00,New York,Airport,40.76655554122944,-73.96422809036784,20.12039554090255,completed
T00308,2024-01-14 23:00:00,London,Downtown,51.392253401211065,-0.06467099054193108,9.509322173216349,completed
T01792,2024-01-15 00:00:00,San Francisco,Downtown,37.72736016686529,-122.49631053951668,43.169382499964556,completed
T03902,2024-01-15 00:00:00,San Francisco,Suburbs,37.851203604981585,-122.4043853151532,29.901329687027392,completed
T04685,2024-01-15 00:00:00,New York,Downtown,40.60437110006966,-74.00479351374962,25.110830709826473,completed
T02535,2024-01-15 00:00:00,New York,Downtown,40.66290167951786,-73.9736208354134,18.69766953534073,completed
T02832,2024-01-15 01:00:00,London,Downtown,51.49349068096583,-0.17773149079986034,11.7057147265449,completed
T01084,2024-01-15 01:00:00,San Francisco,Airport,37.74148358509659,-122.44045336441755,20.742521211872692,completed
T02238,2024-01-15 01:00:00,London,Airport,51.49563644126159,-0.09869172690322736,16.62137105273746,completed
T01559,2024-01-15 02:00:00,New York,Downtown,40.66600805636708,-74.07213926716099,8.104312968573101,completed
T02034,2024-01-15 02:00:00,New York,Suburbs,40.7354242611131,-74.03363445652363,17.51106025230345,cancelled
T04912,2024-01-15 02:00:00,San Francisco,Downtown,37.72349887357049,-122.40790598684204,9.555998639829522,completed
T01877,2024-01-15 02:00:00,San Francisco,Downtown,37.73689357933913,-122.42196112209024,28.559743179654436,completed
T03592,2024-01-15 02:00:00,London,Downtown,51.502341447385824,-0.11710508464921938,8.53763437771273,completed
T02454,2024-01-15 03:00:00,New York,Downtown,40.70231387637023,-74.04439514015432,27.142129386341722,cancelled
T01201,2024-01-15 03:00:00,New York,Downtown,40.66992852423201,-73.93238542256086,31.074650406154106,no_driver
T01054,2024-01-15 03:00:00,New York,Suburbs,40.74239915747621,-73.9465659272483,21.701223598510882,completed
T03195,2024-01-15 04:00:00,New York,Downtown,40.75777356310845,-73.94835664428197,34.02521845913036,completed
T04669,2024-01-15 04:00:00,New York,Suburbs,40.76570484203394,-73.97638834006997,10.394735245293674,completed
T03695,2024-01-15 04:00:00,New York,Airport,40.72114351079252,-73.99380344324554,27.131089173725833,completed
T02860,2024-01-15 04:00:00,London,Downtown,51.479593860129015,-0.14710982979397114,12.172306976718662,completed
T04452,2024-01-15 04:00:00,San Francisco,Downtown,37.804619932151056,-122.40031581293623,36.70887049909811,completed
T02604,2024-01-15 04:00:00,New York,Downtown,40.64615256375785,-73.99793505046318,30.3951884515143,completed
T02255,2024-01-15 04:00:00,New York,Downtown,40.7048548945194,-73.95631650793618,11.427817322386074,completed
T03219,2024-01-15 04:00:00,San Francisco,Airport,37.771860342976574,-122.46469828188218,25.297923102608934,completed
T04853,2024-01-15 04:00:00,New York,Suburbs,40.59709994393884,-74.04217036044064,27.99899662435171,completed
T00532,2024-01-15 04:00:00,New York,Downtown,40.794376870548184,-74.01902923769082,56.08005602027154,completed
T02221,2024-01-15 04:00:00,New York,Downtown,40.683357533975794,-73.97145802745356,33.222870734112504,completed
T01500,2024-01-15 05:00:00,New York,Downtown,40.72416094512136,-74.06290362096688,6.988277445968856,cancelled
T04351,2024-01-15 05:00:00,San Francisco,Downtown,37.80318872840958,-122.49518698663739,43.020112424736034,cancelled
T00379,2024-01-15 05:00:00,London,Airport,51.48953338388217,-0.06721071344241242,24.17212882354662,completed
T04041,2024-01-15 05:00:00,New York,Suburbs,40.70360666755459,-74.03179771304598,38.213612945388135,completed
T03067,2024-01-15 05:00:00,London,Downtown,51.62677481614371,-0.14778863902633732,35.57031979370723,completed
T04443,2024-01-15 06:00:00,New York,Downtown,40.765213301945536,-74.03577251968353,23.605598785703215,completed
T01539,2024-01-15 06:00:00,San Francisco,Suburbs,37.76395423244099,-122.3786726988034,26.30636439542096,completed
T00695,2024-01-15 06:00:00,San Francisco,Downtown,37.80626559505065,-122.3899341742552,35.71185568644256,completed
T00266,2024-01-15 06:00:00,New York,Suburbs,40.63180939967669,-73.97666677952873,26.24432776132239,completed
T03274,2024-01-15 06:00:00,London,Airport,51.51883280481385,-0.1823507229822465,7.1693058283899775,completed
T01951,2024-01-15 06:00:00,San Francisco,Airport,37.754728628011705,-122.48395997665855,6.866306061804407,completed
T01262,2024-01-15 06:00:00,New York,Downtown,40.68132440046563,-74.02667006823364,42.04545117093115,completed
T03482,2024-01-15 06:00:00,London,Airport,51.46858831002585,-0.18446636133184857,17.26884174306253,completed
T03293,2024-01-15 06:00:00,San Francisco,Downtown,37.79457949459905,-122.367659308824,17.292679251071235,completed
T02410,2024-01-15 06:00:00,San Francisco,Downtown,37.80868537592543,-122.43821010372591,13.689362500599088,completed
T04262,2024-01-15 06:00:00,New York,Suburbs,40.72767401718136,-73.97685347463292,9.016428003678648,completed
T02434,2024-01-15 07:00:00,San Francisco,Downtown,37.7437217237671,-122.34441561101268,23.154814825431465,completed
T03498,2024-01-15 07:00:00,San Francisco,Downtown,37.82343470074871,-122.47346837057854,39.33560768336439,completed
T02911,2024-01-15 07:00:00,New York,Suburbs,40.68597764805182,-73.94779646868366,70.32699375195836,no_driver
T03867,2024-01-15 07:00:00,New York,Downtown,40.70226764663434,-73.93051308611928,36.144349244956274,cancelled
T01672,2024-01-15 08:00:00,London,Airport,51.53555567635896,-0.060828746535021946,29.616303526676255,completed
T02126,2024-01-15 08:00:00,San Francisco,Downtown,37.74919434884282,-122.49146632696414,7.409863143556656,completed
T00600,2024-01-15 08:00:00,New York,Suburbs,40.75059488680279,-73.97920844914192,15.707359366199341,completed
T04836,2024-01-15 08:00:00,New York,Downtown,40.624771580901566,-74.03671115469602,11.904512992334947,completed
T00774,2024-01-15 08:00:00,New York,Downtown,40.7805658892949,-74.02134685647847,17.57067209771739,cancelled
T04550,2024-01-15 08:00:00,New York,Downtown,40.64057931066342,-74.0299583840235,8.397102335556106,completed
T00734,2024-01-15 08:00:00,New York,Suburbs,40.73357550825377,-73.96558731706756,17.180669024445393,completed
T04382,2024-01-15 08:00:00,New York,Downtown,40.72178694023679,-74.09871841747587,21.649232607144484,completed
T01206,2024-01-15 09:00:00,New York,Downtown,40.725208977731036,-73.96118453222924,22.65182808532162,completed
T01823,2024-01-15 09:00:00,San Francisco,Downtown,37.7398048104238,-122.40161945252382,51.72291303688981,completed
T01961,2024-01-15 09:00:00,New York,Downtown,40.65390798400215,-74.01476210682225,42.330496384690555,cancelled
T02225,2024-01-15 09:00:00,San Francisco,Suburbs,37.784635121627,-122.47249589659238,15.801855182008564,no_driver
T02906,2024-01-15 09:00:00,San Francisco,Suburbs,37.782400935317995,-122.4785791181709,18.846528670737463,completed
T04065,2024-01-15 09:00:00,New York,Downtown,40.76200037566577,-74.03150049593343,29.82893543450875,completed
T03240,2024-01-15 09:00:00,New York,Downtown,40.76003158845574,-74.00170087321838,53.108715662927665,completed
T02020,2024-01-15 10:00:00,San Francisco,Downtown,37.82733165752046,-122.33467673355703,34.039544021753954,completed
T02690,2024-01-15 10:00:00,London,Downtown,51.515687630592616,-0.0990066122379474,56.23219384908437,completed
T04834,2024-01-15 10:00:00,New York,Airport,40.65937129035046,-74.07063647483474,13.963484894885623,cancelled
T02829,2024-01-15 10:00:00,New York,Downtown,40.679098958858845,-74.01549553290094,23.400030247173113,cancelled
T00614,2024-01-15 10:00:00,London,Downtown,51.51035415563415,-0.10764352222182672,41.144504842743295,completed
T03696,2024-01-15 10:00:00,New York,Suburbs,40.711638604198505,-74.11321908744148,27.87958947929266,completed
T04462,2024-01-15 10:00:00,London,Suburbs,51.65796603017726,-0.05388895444232558,18.88138858494764,completed
T01611,2024-01-15 10:00:00,New York,Downtown,40.77628706607728,-73.95475080566008,61.494270157258114,completed
T00814,2024-01-15 10:00:00,New York,Suburbs,40.68013757396003,-73.99816268867163,27.72741332806771,completed
T04521,2024-01-15 11:00:00,London,Suburbs,51.521449600534964,-0.12521253982540426,35.986031131549225,completed
T02432,2024-01-15 11:00:00,London,Downtown,51.53054599617139,-0.10338100943198036,28.632907079419915,completed
T00548,2024-01-15 11:00:00,San Francisco,Suburbs,37.784354977320554,-122.39791120829572,48.25416017862718,no_driver
T00947,2024-01-15 11:00:00,London,Downtown,51.448728578036196,-0.0713962210816701,18.65382264519813,completed
T03693,2024-01-15 11:00:00,London,Downtown,51.51131752661665,-0.10377918467576652,32.51289598083075,cancelled
T04032,2024-01-15 11:00:00,New York,Suburbs,40.69020131806936,-73.99566509415503,25.19743565962414,completed
T04042,2024-01-15 11:00:00,New York,Downtown,40.74299888461421,-74.12702138353175,10.530499130934054,completed
T01196,2024-01-15 11:00:00,New York,Downtown,40.664604166719705,-74.04406378787907,11.491487491863735,cancelled
T01598,2024-01-15 11:00:00,New York,Downtown,40.72305550343884,-73.97802615572826,56.8747498356014,cancelled
T03454,2024-01-15 12:00:00,San Francisco,Downtown,37.70753228311996,-122.31340377762463,23.877636596518997,completed
T03497,2024-01-15 12:00:00,San Francisco,Downtown,37.780077070565575,-122.46691578465514,22.019398537286055,completed
T03943,2024-01-15 12:00:00,New York,Downtown,40.68024565407267,-73.99455415239737,27.74113995978358,completed
T00826,2024-01-15 12:00:00,New York,Downtown,40.7527982815253,-74.05500693575063,17.93936708743032,completed
T03653,2024-01-15 12:00:00,New York,Airport,40.70784020714172,-73.96609255224257,28.82449638822949,cancelled
T04021,2024-01-15 13:00:00,San Francisco,Airport,37.78772693544529,-122.38113786062269,28.5163158764168,completed
T01112,2024-01-15 13:00:00,New York,Downtown,40.604235135056584,-73.99425383153368,34.81956980846327,completed
T01843,2024-01-15 13:00:00,New York,Downtown,40.722879614739036,-74.01380614072235,73.47638180955293,completed
T03078,2024-01-15 13:00:00,New York,Suburbs,40.72637305935005,-73.97786911836532,12.304294928846202,cancelled
T01287,2024-01-15 13:00:00,New York,Downtown,40.667694691232754,-74.03738693218693,37.34128326327177,completed
T03976,2024-01-15 13:00:00,London,Downtown,51.51905909754905,-0.17854598600587634,18.274547304655115,completed
T04692,2024-01-15 13:00:00,New York,Downtown,40.649540411088175,-74.02070503167829,20.038692960380935,completed
T02679,2024-01-15 13:00:00,New York,Suburbs,40.691088738360726,-74.06290990902284,26.786622923748386,completed
T03586,2024-01-15 13:00:00,New York,Downtown,40.65771977228057,-73.93790200448252,25.661834276611252,completed
T02157,2024-01-15 14:00:00,London,Downtown,51.53580722863367,-0.1686903689658528,21.83009906690455,completed
T01757,2024-01-15 14:00:00,San Francisco,Suburbs,37.74019469593499,-122.42257827923669,37.00218001348038,completed
T04268,2024-01-15 14:00:00,New York,Downtown,40.73763152793501,-74.05880777031574,9.713378040590701,completed
T00054,2024-01-15 14:00:00,San Francisco,Downtown,37.831272321374286,-122.40706142142707,15.773703588133912,completed
T03161,2024-01-15 14:00:00,London,Downtown,51.44922683759813,-0.1835594244708201,30.22213657585816,cancelled
T00982,2024-01-15 14:00:00,New York,Downtown,40.731974503214765,-73.9914665996889,11.800234705319813,completed
T01987,2024-01-15 14:00:00,New York,Downtown,40.74864827386157,-73.99202563073355,30.633693899701548,completed
T03933,2024-01-15 14:00:00,New York,Suburbs,40.619156605258304,-74.01982073005448,22.39633404831624,completed
T02211,2024-01-15 14:00:00,San Francisco,Downtown,37.734681486759506,-122.3535363396826,25.056160679073876,completed
T02675,2024-01-15 14:00:00,New York,Suburbs,40.7114429401505,-74.09816590008742,31.757931105924364,completed
T01027,2024-01-15 14:00:00,New York,Downtown,40.63616364381168,-73.9862202080407,6.849344614040579,completed
T04654,2024-01-15 14:00:00,New York,Downtown,40.691165404341774,-74.0785416847394,12.793553002472304,completed
T04546,2024-01-15 14:00:00,London,Suburbs,51.49401921294575,-0.14439040382607338,16.02447788566745,completed
T04224,2024-01-15 15:00:00,London,Suburbs,51.52229702355828,-0.0673641351211188,9.520948174679612,completed
T01529,2024-01-15 15:00:00,New York,Airport,40.71101064436793,-73.9591524128651,29.98107625505632,completed
T01521,2024-01-15 15:00:00,San Francisco,Downtown,37.775861696475076,-122.4625883521978,10.930030278765813,completed
T01367,2024-01-15 15:00:00,London,Downtown,51.579981112219656,-0.15892528896823466,26.47910192750258,cancelled
T01986,2024-01-15 15:00:00,New York,Suburbs,40.6649737663934,-74.00112874424967,49.92871649083578,completed
T00267,2024-01-15 15:00:00,San Francisco,Downtown,37.76338170446109,-122.42148187746848,23.449618105664204,completed
T02560,2024-01-15 15:00:00,London,Downtown,51.429776627492814,-0.06730060648612785,63.761503479660526,completed
T02212,2024-01-15 15:00:00,New York,Downtown,40.74325946656675,-74.08969312621456,13.116725839318654,cancelled
T04347,2024-01-15 15:00:00,New York,Downtown,40.71759189389827,-74.0559509657443,47.673624753209076,completed
T03447,2024-01-15 15:00:00,San Francisco,Downtown,37.74702921745215,-122.36503413619633,34.27347649056237,completed
T00926,2024-01-15 16:00:00,San Francisco,Suburbs,37.856831477959545,-122.5198779969326,24.549206667596007,completed
T04261,2024-01-15 16:00:00,San Francisco,Downtown,37.85101023160609,-122.37122970265257,15.163285011594178,completed
T00754,2024-01-15 16:00:00,New York,Suburbs,40.7947669701054,-74.04182434582756,12.953683094989831,completed
T01211,2024-01-15 17:00:00,New York,Airport,40.76973392145856,-73.9994549058591,42.32947489551313,cancelled
T03675,2024-01-15 17:00:00,London,Downtown,51.506016506752026,-0.07839663714279255,18.585342081961628,no_driver
T00667,2024-01-15 17:00:00,San Francisco,Suburbs,37.825082896718605,-122.38178313519752,16.85890875354548,completed
T00717,2024-01-15 17:00:00,San Francisco,Downtown,37.744593203553876,-122.42675075283117,38.713210623413524,completed
T03613,2024-01-15 17:00:00,San Francisco,Downtown,37.808613242368956,-122.5316282540786,38.7739354864926,cancelled
T03412,2024-01-15 17:00:00,New York,Downtown,40.733316504327284,-73.90546833037081,14.228567755508218,completed
T04775,2024-01-15 17:00:00,London,Downtown,51.4951807381752,-0.05925075360899372,44.298977061245296,completed
T03507,2024-01-15 17:00:00,San Francisco,Downtown,37.78204808250035,-122.38198077107765,33.75755619068519,completed
T03556,2024-01-15 17:00:00,New York,Downtown,40.678223600236166,-73.92232045264002,22.578862672869768,completed
T02240,2024-01-15 18:00:00,New York,Airport,40.61727750080092,-74.02689703102827,12.271035827835636,completed
T03794,2024-01-15 18:00:00,New York,Downtown,40.748830400507856,-74.08807115225913,34.035415876697456,completed
T01876,2024-01-15 18:00:00,London,Downtown,51.48803802445435,-0.16256556277825376,14.577582014922047,completed
T04593,2024-01-15 18:00:00,New York,Downtown,40.751967667391064,-73.9983314337306,27.493634102373278,cancelled
T01295,2024-01-15 18:00:00,New York,Downtown,40.699492430096754,-74.01534069082759,8.493029346397165,completed
T02464,2024-01-15 18:00:00,San Francisco,Downtown,37.812981968681946,-122.3966388228572,24.769209329682436,completed
T00370,2024-01-15 18:00:00,London,Downtown,51.445793303667095,-0.20863432032057472,13.794593786622588,completed
T01457,2024-01-15 19:00:00,New York,Downtown,40.74897458369697,-73.95055779447424,41.07992737534565,cancelled
T02921,2024-01-15 19:00:00,San Francisco,Airport,37.77884681726368,-122.45684765156537,35.733515090790114,completed
T04385,2024-01-15 19:00:00,San Francisco,Downtown,37.832879378687515,-122.42808865234603,10.325657139024848,completed
T00349,2024-01-15 19:00:00,San Francisco,Suburbs,37.7505432975316,-122.35979837007328,28.243094148869044,cancelled
T04770,2024-01-15 19:00:00,New York,Downtown,40.708562514247966,-73.96906359977734,10.840207608774815,completed
T00029,2024-01-15 19:00:00,San Francisco,Downtown,37.81637495242267,-122.33812730791138,7.112712739766403,cancelled
T00580,2024-01-15 19:00:00,San Francisco,Downtown,37.72620175467452,-122.47991873768673,26.792441104707954,completed
T01884,2024-01-15 19:00:00,New York,Suburbs,40.69524206060581,-74.02594429711709,43.18442186183862,no_driver
T00307,2024-01-15 19:00:00,New York,Suburbs,40.75157136658785,-74.04214048185968,33.65089591373116,completed
T04606,2024-01-15 19:00:00,New York,Downtown,40.70056832341584,-74.03170458909493,18.126042997875388,completed
T01156,2024-01-15 20:00:00,San Francisco,Downtown,37.74214270125913,-122.42476704832987,21.596847850115807,completed
T00449,2024-01-15 20:00:00,London,Airport,51.613018332402106,-0.1783071207418766,9.487733873373497,completed
T02367,2024-01-15 20:00:00,New York,Downtown,40.67316385512435,-73.96739956298552,8.537379201477595,cancelled
T01642,2024-01-15 20:00:00,New York,Downtown,40.753011384976915,-73.90456430832415,21.13945149228007,completed
T03529,2024-01-15 20:00:00,San Francisco,Downtown,37.793411658417334,-122.42435575115843,12.766320473021494,completed
T00415,2024-01-15 20:00:00,New York,Suburbs,40.72565134259193,-73.99383217259711,24.748248483890606,completed
T03879,2024-01-15 20:00:00,New York,Downtown,40.750435425809926,-73.99672515860355,12.256006059992512,completed
T04362,2024-01-15 20:00:00,San Francisco,Downtown,37.6865693855582,-122.36797071332377,10.75010583294746,completed
T01389,2024-01-15 20:00:00,London,Suburbs,51.46048353979816,-0.0016792927847914252,13.694180813980822,completed
T02530,2024-01-15 21:00:00,London,Downtown,51.54712343097399,-0.07295405683367992,20.242211590298545,completed
T03742,2024-01-15 21:00:00,San Francisco,Suburbs,37.85486724563758,-122.45712854288244,37.91460983875025,no_driver
T01382,2024-01-15 21:00:00,San Francisco,Downtown,37.75573983825811,-122.41820591288086,14.28529725889571,completed
T01001,2024-01-15 22:00:00,New York,Downtown,40.72060552658576,-74.04974311953373,39.387082993041304,completed
T03784,2024-01-15 22:00:00,San Francisco,Downtown,37.725960103669834,-122.491404903867,16.516921139625428,completed
T03911,2024-01-15 22:00:00,New York,Downtown,40.7308333157465,-74.00757132080292,46.11482019143188,completed
T04998,2024-01-15 22:00:00,London,Downtown,51.550189705604325,-0.1815812366643891,23.161684613512442,completed
T02780,2024-01-15 22:00:00,London,Downtown,51.48280681045789,-0.15453427536773778,12.100274076214937,completed
T00833,2024-01-15 22:00:00,San Francisco,Downtown,37.82317549600469,-122.48746320378098,29.065669262638142,completed
T01318,2024-01-15 22:00:00,San Francisco,Downtown,37.79662275451908,-122.3941798879329,21.102853199764997,completed
T01931,2024-01-15 22:00:00,London,Downtown,51.52202666977828,-0.11938297927665026,30.834030631756878,completed
T01597,2024-01-15 23:00:00,New York,Airport,40.78660951392698,-74.0147997772064,20.36671587919912,completed
T00746,2024-01-15 23:00:00,San Francisco,Downtown,37.81485897335859,-122.45956199391101,19.8277672398574,cancelled
T01621,2024-01-15 23:00:00,San Francisco,Downtown,37.78725611995528,-122.44536716867928,29.039389218579366,cancelled
T04943,2024-01-15 23:00:00,New York,Suburbs,40.73156377940944,-74.11707718819285,38.9681845152386,completed
T02856,2024-01-15 23:00:00,San Francisco,Downtown,37.756531213416565,-122.31294866798763,46.23383078541959,completed
T04740,2024-01-15 23:00:00,New York,Downtown,40.70359522814563,-73.95733105835293,14.623393467470498,completed
T04113,2024-01-15 23:00:00,New York,Suburbs,40.641690283942474,-74.05529794381783,22.449359330028123,completed
T04395,2024-01-15 23:00:00,New York,Downtown,40.7298369921897,-74.10778132133375,44.70670840338242,no_driver
T04555,2024-01-15 23:00:00,San Francisco,Downtown,37.80070480214815,-122.4823371378562,16.869512811739906,completed
T00040,2024-01-16 00:00:00,San Francisco,Downtown,37.72856066333519,-122.41732444236791,7.540899582640962,completed
T04729,2024-01-16 00:00:00,New York,Suburbs,40.72114283528966,-74.0165155228152,13.136789818743983,completed
T01157,2024-01-16 00:00:00,New York,Downtown,40.76416781397755,-73.9775400575361,26.40286045042435,completed
T00288,2024-01-16 00:00:00,San Francisco,Downtown,37.80874705065638,-122.36586388590204,20.351081351297623,no_driver
T01344,2024-01-16 00:00:00,San Francisco,Downtown,37.78421263376809,-122.46899026772702,19.1418016454659,completed
T04847,2024-01-16 00:00:00,San Francisco,Suburbs,37.72481942380324,-122.41430301746081,44.420953044025964,completed
T02140,2024-01-16 00:00:00,New York,Airport,40.70221928941914,-74.02461865813306,18.256533657513486,completed
T02710,2024-01-16 00:00:00,London,Downtown,51.54530383659799,-0.14173235766418282,19.39267477134982,cancelled
T00763,2024-01-16 00:00:00,San Francisco,Downtown,37.71949893189081,-122.45622381215347,13.400618614604868,completed
T04081,2024-01-16 01:00:00,New York,Downtown,40.75346807898636,-74.0065830824342,15.80031828332999,completed
T02881,2024-01-16 01:00:00,New York,Airport,40.64797009112954,-74.01777253370398,14.31935773809306,completed
T04883,2024-01-16 01:00:00,New York,Downtown,40.68039185663556,-73.99840419977355,26.684813375957525,completed
T04098,2024-01-16 01:00:00,London,Suburbs,51.514092993721675,-0.12035236342853038,17.09491033128422,completed
T04814,2024-01-16 01:00:00,San Francisco,Suburbs,37.76001454268901,-122.36536966461178,38.08663667079642,completed
T01952,2024-01-16 01:00:00,San Francisco,Downtown,37.839860233976964,-122.44177580902384,6.730721473510105,cancelled
T01160,2024-01-16 02:00:00,London,Downtown,51.49351665796816,-0.05687201576545518,9.150139773386492,completed
T03530,2024-01-16 02:00:00,New York,Downtown,40.81672386980869,-73.96008891694743,27.339571560408878,completed
T04259,2024-01-16 02:00:00,New York,Downtown,40.71808909928253,-73.96435806321064,9.961437743960852,completed
T02767,2024-01-16 02:00:00,San Francisco,Suburbs,37.848363365751865,-122.45431101910232,10.22122358753763,completed
T01617,2024-01-16 02:00:00,San Francisco,Downtown,37.79051944707258,-122.47575389687731,38.453780125492855,completed
T00775,2024-01-16 02:00:00,San Francisco,Downtown,37.84614123344624,-122.45612205465852,17.113457945256776,completed
T03288,2024-01-16 02:00:00,New York,Airport,40.689900459664244,-74.03609413551708,18.480421911615537,completed
T00236,2024-01-16 02:00:00,San Francisco,Suburbs,37.82119695777521,-122.37906595478833,13.672972486032675,completed
T01509,2024-01-16 03:00:00,San Francisco,Downtown,37.6937917215396,-122.46420013509378,30.76133821344286,completed
T04708,2024-01-16 03:00:00,San Francisco,Airport,37.72291806319622,-122.42115486111014,20.846101346932326,completed
T00102,2024-01-16 03:00:00,San Francisco,Downtown,37.79859389530695,-122.44974784840075,30.380973940056528,completed
T02133,2024-01-16 03:00:00,New York,Suburbs,40.79363676832416,-73.98032779873243,25.12068290631671,completed
T04316,2024-01-16 03:00:00,New York,Airport,40.69635123764257,-73.99780012521165,65.02412297134632,completed
T03166,2024-01-16 04:00:00,New York,Downtown,40.76161498516326,-74.07301862704776,16.42102738631836,completed
T04979,2024-01-16 04:00:00,San Francisco,Downtown,37.73561694034524,-122.42256261900567,15.901553974538114,completed
T01198,2024-01-16 04:00:00,New York,Suburbs,40.66976263383992,-73.98197223958017,41.129928745029105,completed
T04877,2024-01-16 04:00:00,New York,Downtown,40.66741772851051,-73.98293077794574,35.13619589859239,completed
T04372,2024-01-16 04:00:00,San Francisco,Downtown,37.74244341980837,-122.45440933453973,8.496498451762605,completed
T00440,2024-01-16 04:00:00,New York,Suburbs,40.785770814193626,-74.05352719058871,15.451586665060672,completed
T03105,2024-01-16 05:00:00,San Francisco,Suburbs,37.74607041838005,-122.41865628513756,9.999150686395831,completed
T04569,2024-01-16 05:00:00,London,Downtown,51.467681475006444,-0.09760076230505645,14.672210494575753,completed
T04880,2024-01-16 05:00:00,New York,Downtown,40.7535085132652,-74.08580554589874,26.712607673704795,completed
T02324,2024-01-16 05:00:00,New York,Downtown,40.725112098583494,-74.02875273160002,51.4099369117286,completed
T00866,2024-01-16 05:00:00,New York,Suburbs,40.69127822129543,-73.94969155454304,13.37570070464922,completed
T04479,2024-01-16 05:00:00,San Francisco,Suburbs,37.777585808716964,-122.38923480474205,17.137410046259426,completed
T02809,2024-01-16 05:00:00,London,Suburbs,51.41862489771246,-0.22897949425597824,39.86597767182856,completed
T03737,2024-01-16 05:00:00,San Francisco,Downtown,37.73958605378119,-122.50297602884338,22.927196883092712,completed
T01754,2024-01-16 06:00:00,San Francisco,Downtown,37.79498384644518,-122.45121076991758,27.148202240552063,cancelled
T04703,2024-01-16 06:00:00,London,Airport,51.498736878135674,-0.10034947574539506,28.698411787085355,completed
T02206,2024-01-16 06:00:00,London,Downtown,51.47335775218203,-0.14167666880874974,26.769798637275745,completed
T02371,2024-01-16 06:00:00,San Francisco,Airport,37.744639490926794,-122.46538447721103,15.836034824144017,completed
T00496,2024-01-16 06:00:00,New York,Airport,40.70992361781519,-74.10801707171694,21.280023839537524,completed
T04110,2024-01-16 06:00:00,New York,Suburbs,40.635721877334,-73.98508849486316,36.908238509723546,completed
T00948,2024-01-16 07:00:00,New York,Downtown,40.74412478825216,-74.04719659017205,12.889303547255079,completed
T02695,2024-01-16 07:00:00,New York,Downtown,40.752770845011874,-74.02148648664836,23.931897019108625,completed
T03301,2024-01-16 07:00:00,San Francisco,Downtown,37.74967655401743,-122.2530609731178,36.03761460195359,completed
T00368,2024-01-16 07:00:00,New York,Airport,40.65244136770841,-74.05321775706166,15.20339978706302,completed
T03830,2024-01-16 07:00:00,San Francisco,Downtown,37.818084303470854,-122.45770862741223,30.857665201861508,completed
T03595,2024-01-16 07:00:00,San Francisco,Downtown,37.747493861520674,-122.47533541634434,49.31679795444488,completed
T03554,2024-01-16 08:00:00,London,Suburbs,51.51386879735696,-0.138503135736619,10.128094120116376,completed
T01075,2024-01-16 08:00:00,New York,Downtown,40.70166202988909,-74.03549048841691,19.69867701155303,completed
T02069,2024-01-16 08:00:00,New York,Downtown,40.777632504772754,-73.96406560941772,67.61367838281366,completed
T04625,2024-01-16 08:00:00,San Francisco,Suburbs,37.78040093575213,-122.40052871710948,28.861765320009198,completed
T02912,2024-01-16 08:00:00,New York,Downtown,40.67118134647532,-74.04660562451615,42.40585890463144,completed
T03947,2024-01-16 08:00:00,London,Downtown,51.480291472348675,-0.18699544819656685,27.997128384831296,completed
T02872,2024-01-16 08:00:00,New York,Suburbs,40.723303303741346,-73.9621183503884,13.178968020611753,completed
T02870,2024-01-16 08:00:00,New York,Downtown,40.78133868619622,-73.89593847659656,9.844525632011816,completed
T03870,2024-01-16 08:00:00,New York,Downtown,40.784503769893526,-74.010598240613,25.850810927364943,completed
T03295,2024-01-16 08:00:00,London,Airport,51.49222184620666,-0.048745117983750225,28.564650653148046,cancelled
T03001,2024-01-16 09:00:00,San Francisco,Downtown,37.822644051291185,-122.43965981582252,22.384293524165138,completed
T00556,2024-01-16 09:00:00,San Francisco,Downtown,37.79622298090648,-122.44236005169026,25.67534630073,cancelled
T02518,2024-01-16 09:00:00,New York,Downtown,40.79270745520159,-73.95876493073897,7.940227551371704,no_driver
T00832,2024-01-16 09:00:00,New York,Downtown,40.6517767125307,-74.07031140444155,21.87428363424852,cancelled
T01471,2024-01-16 09:00:00,New York,Downtown,40.70294700253249,-73.99027242597033,7.583132773305429,completed
T03762,2024-01-16 09:00:00,London,Downtown,51.563832511442676,-0.070780987240048,11.636365697225528,completed
T03779,2024-01-16 09:00:00,London,Downtown,51.492021933674216,-0.16342794857451393,23.956048837624703,completed
T00949,2024-01-16 09:00:00,London,Downtown,51.483085504808486,-0.13208226418227303,51.76594876025241,completed
T03367,2024-01-16 09:00:00,New York,Downtown,40.765312734385844,-73.98042005727517,15.543308766278237,completed
T04152,2024-01-16 10:00:00,London,Downtown,51.48682856484463,-0.1322186488125868,11.870664645954138,completed
T03160,2024-01-16 10:00:00,London,Suburbs,51.48172979321477,-0.07245711748578194,25.079103825117507,completed
T00306,2024-01-16 10:00:00,San Francisco,Suburbs,37.749008490439785,-122.45767878272763,18.00520496594577,completed
T01036,2024-01-16 10:00:00,New York,Downtown,40.679216186733605,-73.98903227775826,26.42147490082621,completed
T02559,2024-01-16 10:00:00,San Francisco,Downtown,37.761836175467465,-122.4712267125782,21.670414611352246,completed
T02183,2024-01-16 10:00:00,New York,Downtown,40.59630650284693,-74.03229375378638,10.34936418200299,completed
T01464,2024-01-16 10:00:00,New York,Suburbs,40.69792235277692,-73.97863436630666,28.419333323739927,completed
T01222,2024-01-16 10:00:00,London,Downtown,51.501018129010376,-0.0885960905203664,54.77404187064928,completed
T01237,2024-01-16 10:00:00,New York,Downtown,40.711181708119405,-74.08118098037531,20.321587853697544,completed
T04186,2024-01-16 10:00:00,San Francisco,Suburbs,37.83129861546459,-122.46780677368099,34.21611494909112,completed
T02719,2024-01-16 10:00:00,San Francisco,Downtown,37.72732431240651,-122.39884165058274,21.985887014049585,completed
T04356,2024-01-16 10:00:00,New York,Airport,40.69750121928592,-73.94626585283177,20.048244913359934,completed
T00971,2024-01-16 11:00:00,New York,Airport,40.74904120006659,-74.00525772156124,26.855411535592403,completed
T04089,2024-01-16 11:00:00,New York,Downtown,40.76584602784437,-74.03522080726104,17.755970914815293,no_driver
T00120,2024-01-16 11:00:00,New York,Downtown,40.777870119515384,-74.07358590085377,26.959993099113298,completed
T00030,2024-01-16 11:00:00,London,Suburbs,51.5474905858263,-0.17818082482751738,19.27707597481536,completed
T03327,2024-01-16 11:00:00,London,Suburbs,51.50504694029644,-0.12121166027912483,60.692868118663064,completed
T02578,2024-01-16 11:00:00,San Francisco,Downtown,37.73111246343862,-122.52242887436027,30.256128549835445,completed
T03542,2024-01-16 11:00:00,San Francisco,Downtown,37.772740956233086,-122.52455966913236,63.38931701823989,completed
T01372,2024-01-16 11:00:00,New York,Downtown,40.75448147965202,-73.96168030512024,17.137134554513292,completed
T02751,2024-01-16 11:00:00,San Francisco,Downtown,37.762869779159814,-122.4692783700253,24.632860298529252,completed
T02868,2024-01-16 11:00:00,London,Downtown,51.582414578272406,-0.14771413374762268,12.053560512057153,no_driver
T04857,2024-01-16 11:00:00,San Francisco,Suburbs,37.811535448544824,-122.39152087478244,25.311766418596548,cancelled
T02854,2024-01-16 12:00:00,London,Suburbs,51.58017345949679,-0.046792235903327165,54.4024328913255,completed
T01467,2024-01-16 12:00:00,New York,Downtown,40.766300988239195,-73.98508227682554,17.142130001873447,completed
T00245,2024-01-16 12:00:00,San Francisco,Suburbs,37.70822224951909,-122.46888271073799,16.061282966927784,completed
T03649,2024-01-16 12:00:00,San Francisco,Suburbs,37.79797501169915,-122.37641609099474,17.63264762599583,completed
T04934,2024-01-16 12:00:00,San Francisco,Airport,37.734246133101394,-122.39087262779411,28.78581907787971,cancelled
T02483,2024-01-16 12:00:00,San Francisco,Suburbs,37.72491359639012,-122.50593398404997,11.881629372342491,no_driver
T01947,2024-01-16 12:00:00,San Francisco,Downtown,37.79187180880204,-122.40408247658432,30.923949960166425,completed
T00825,2024-01-16 12:00:00,San Francisco,Downtown,37.727513521101564,-122.46931081259272,55.982762398521444,completed
T01113,2024-01-16 12:00:00,New York,Downtown,40.7778959714224,-74.05597031884756,15.560874936776429,completed
T02458,2024-01-16 12:00:00,San Francisco,Downtown,37.761539336531506,-122.4431027299017,24.385003993385773,completed
T02254,2024-01-16 12:00:00,New York,Airport,40.709550897742645,-74.00238967304313,31.235259813429472,completed
T04958,2024-01-16 13:00:00,San Francisco,Downtown,37.85494518462501,-122.37220464314902,31.513611310992175,completed
T03863,2024-01-16 13:00:00,San Francisco,Suburbs,37.807366590502745,-122.49663710376605,6.2515738054529315,completed
T04214,2024-01-16 13:00:00,New York,Airport,40.69232619647351,-74.03723315664408,25.467996314750415,completed
T00028,2024-01-16 13:00:00,New York,Airport,40.715689941909396,-73.95408582523072,15.971375762158484,completed
T04544,2024-01-16 14:00:00,New York,Downtown,40.719475508592744,-73.95002935432584,37.795062210846304,completed
T00925,2024-01-16 14:00:00,New York,Downtown,40.751325154884945,-74.00932295251205,33.728543444643236,completed
T04475,2024-01-16 14:00:00,New York,Airport,40.692614711194054,-74.05047868735721,21.95504780448958,completed
T04821,2024-01-16 14:00:00,San Francisco,Downtown,37.811893132918726,-122.34382188544585,20.009519114069256,completed
T01775,2024-01-16 15:00:00,San Francisco,Downtown,37.742356231764994,-122.48033662075228,26.301893894406273,completed
T01619,2024-01-16 15:00:00,San Francisco,Downtown,37.78123698108265,-122.4079587451186,37.19373015368013,completed
T00748,2024-01-16 15:00:00,New York,Downtown,40.65525079095381,-74.0438410704718,17.92442206213935,completed
T03546,2024-01-16 15:00:00,New York,Downtown,40.659344288745224,-73.98533531610497,31.300963864231505,completed
T01810,2024-01-16 15:00:00,New York,Downtown,40.76557509561163,-74.05185395478976,21.87688334468423,completed
T04349,2024-01-16 16:00:00,London,Downtown,51.538203722254586,-0.26324593657336576,63.53707613863638,completed
T04515,2024-01-16 16:00:00,New York,Suburbs,40.68998359735325,-73.99893409386459,50.7199496226033,completed
T04572,2024-01-16 16:00:00,London,Downtown,51.41942035243165,-0.09108330581245794,9.48896178897206,completed
T02083,2024-01-16 16:00:00,London,Airport,51.514177888452,-0.16500944670609646,18.744790628926403,completed
T00088,2024-01-16 16:00:00,San Francisco,Downtown,37.876271169257805,-122.45929006822442,15.66149098126429,completed
T00171,2024-01-16 17:00:00,New York,Downtown,40.734754910022254,-74.01014445959112,26.094079903036558,completed
T02500,2024-01-16 17:00:00,New York,Downtown,40.69759818037304,-74.03737590479568,12.41010213090195,completed
T01781,2024-01-16 17:00:00,San Francisco,Suburbs,37.80936688283673,-122.4583873448865,14.850932643897863,completed
T03848,2024-01-16 17:00:00,San Francisco,Downtown,37.712511884251406,-122.4322017527366,19.98598968026016,no_driver
T01390,2024-01-16 17:00:00,San Francisco,Downtown,37.78297976593659,-122.45567404717616,25.96459888334085,completed
T02597,2024-01-16 17:00:00,San Francisco,Downtown,37.833460213473245,-122.36574885775852,28.597873534086332,completed
T02161,2024-01-16 17:00:00,New York,Airport,40.62899484230437,-73.99726446416716,19.260786810448693,completed
T00670,2024-01-16 17:00:00,New York,Suburbs,40.77166755508646,-74.05496073967372,53.752188683437296,completed
T02040,2024-01-16 17:00:00,New York,Downtown,40.63606985835746,-74.01716424824463,45.86919279615622,cancelled
T03931,2024-01-16 17:00:00,New York,Downtown,40.76628778006079,-74.0210112407142,6.997147714732578,completed
T03027,2024-01-16 17:00:00,New York,Downtown,40.75841390984881,-74.00786484728017,7.595428057641195,completed
T04405,2024-01-16 17:00:00,San Francisco,Downtown,37.777912549278184,-122.3231511685628,34.98668493221256,completed
T03532,2024-01-16 17:00:00,New York,Downtown,40.73260825955141,-74.06824739338509,28.867087695340466,no_driver
T01284,2024-01-16 18:00:00,San Francisco,Downtown,37.856310108464605,-122.43591024155386,28.21887959805708,completed
T03897,2024-01-16 18:00:00,San Francisco,Downtown,37.772778067149765,-122.43481255825334,17.531154833733716,completed
T00552,2024-01-16 18:00:00,New York,Downtown,40.783833351707685,-73.92220474283194,23.49502345958214,no_driver
T04229,2024-01-16 18:00:00,New York,Downtown,40.75864760375294,-74.05137642062549,12.375249696985017,completed
T00841,2024-01-16 18:00:00,New York,Downtown,40.61316857896139,-74.06062115645494,54.01824090271019,completed
T00187,2024-01-16 18:00:00,San Francisco,Downtown,37.76854124915658,-122.37194586881262,7.724167771524899,completed
T00091,2024-01-16 19:00:00,San Francisco,Downtown,37.79566902678475,-122.34926664520222,16.619496551485305,completed
T01506,2024-01-16 19:00:00,San Francisco,Downtown,37.77053831789198,-122.52230711969052,21.135440575615384,completed
T00819,2024-01-16 19:00:00,London,Downtown,51.49015543039721,-0.08843308497807498,75.72547905530521,completed
T01886,2024-01-16 19:00:00,New York,Downtown,40.680123937501094,-74.00975420539733,26.843433223124773,completed
T00773,2024-01-16 19:00:00,San Francisco,Suburbs,37.77921011778558,-122.46267759682372,36.64169635126106,completed
T00108,2024-01-16 19:00:00,London,Downtown,51.490696703847746,-0.08989841064872758,16.099756085561765,completed
T00322,2024-01-16 20:00:00,London,Suburbs,51.47906872862099,-0.13502891829723207,17.08122869524911,completed
T04491,2024-01-16 20:00:00,London,Suburbs,51.50392944241717,-0.1450628923722722,27.747845917165698,completed
T03122,2024-01-16 21:00:00,New York,Downtown,40.701992048811015,-73.89644870301045,22.453049197994485,no_driver
T04230,2024-01-16 21:00:00,London,Downtown,51.53751195725664,-0.085576446011351,17.20161463569333,completed
T00159,2024-01-16 21:00:00,San Francisco,Downtown,37.75584520458687,-122.38462697082603,56.19305778135407,completed
T04227,2024-01-16 22:00:00,London,Downtown,51.50998837948125,-0.07296760515246148,23.83642104178936,completed
T00392,2024-01-16 22:00:00,San Francisco,Downtown,37.85511423240619,-122.47314740369278,15.305978282720673,no_driver
T02593,2024-01-16 22:00:00,San Francisco,Suburbs,37.824308444486654,-122.40743669294186,23.975223828803237,no_driver
T04383,2024-01-16 22:00:00,New York,Downtown,40.77506121461332,-74.03771817147181,27.464991354043256,completed
T03186,2024-01-16 22:00:00,New York,Suburbs,40.6874930871974,-74.05614316072791,24.897614753442255,completed
T01008,2024-01-16 23:00:00,New York,Downtown,40.62327160278179,-74.02217169670111,9.698979691608429,cancelled
T04373,2024-01-16 23:00:00,San Francisco,Downtown,37.66494346781705,-122.35352252584097,14.423525265558757,completed
T04151,2024-01-16 23:00:00,New York,Airport,40.742333259656036,-73.9923041737154,22.47514451843519,completed
T02100,2024-01-16 23:00:00,San Francisco,Downtown,37.73376705296145,-122.40117051257496,41.39609839856809,completed
T02945,2024-01-16 23:00:00,New York,Downtown,40.67944570399321,-74.01306287814072,14.671560745475361,completed
T01498,2024-01-16 23:00:00,New York,Downtown,40.74043808386772,-74.03237772139886,42.74068171159605,cancelled
T03197,2024-01-17 00:00:00,New York,Downtown,40.61972285644749,-73.9012601107142,28.247901794732005,completed
T00317,2024-01-17 00:00:00,San Francisco,Airport,37.71567631535327,-122.42635597370966,17.89654842824807,completed
T01573,2024-01-17 00:00:00,London,Downtown,51.46833588528854,-0.10872020083698614,16.466708743951994,completed
T00073,2024-01-17 00:00:00,San Francisco,Downtown,37.87626286052845,-122.43633590915536,14.737138820936664,cancelled
T01044,2024-01-17 00:00:00,New York,Downtown,40.643414902565446,-73.9667819962982,24.229615702947886,completed
T02899,2024-01-17 00:00:00,San Francisco,Downtown,37.804737122613886,-122.4231638375888,21.662157541204955,completed
T02672,2024-01-17 01:00:00,New York,Downtown,40.68290032718477,-74.01776031942268,16.11995594532936,completed
T01305,2024-01-17 01:00:00,San Francisco,Downtown,37.738382938291274,-122.37053265207595,17.624970942878267,completed
T03582,2024-01-17 01:00:00,New York,Suburbs,40.73513332910951,-74.04887966134639,28.753219274826666,completed
T00679,2024-01-17 01:00:00,New York,Airport,40.71296378440171,-73.91664495463067,14.911773895652825,completed
T04538,2024-01-17 01:00:00,San Francisco,Airport,37.80098220915789,-122.36510915626216,43.766053302957474,completed
T03941,2024-01-17 01:00:00,New York,Downtown,40.68770301477378,-74.01824507019381,29.804899582939292,completed
T04036,2024-01-17 01:00:00,New York,Downtown,40.756140787306535,-74.0603844630149,13.301135496371286,completed
T01729,2024-01-17 01:00:00,London,Suburbs,51.59032486700992,-0.13723468186265317,13.256592527054647,completed
T01264,2024-01-17 01:00:00,San Francisco,Downtown,37.795660486300214,-122.38106909586654,31.978881018035608,completed
T02029,2024-01-17 02:00:00,New York,Suburbs,40.60850396460661,-73.97363013757055,39.81856058751188,cancelled
T03230,2024-01-17 02:00:00,New York,Downtown,40.79752154634506,-74.00275080445611,21.717500168548064,completed
T02784,2024-01-17 02:00:00,London,Downtown,51.4936693010985,-0.12683169943019412,7.913297738290371,completed
T01346,2024-01-17 02:00:00,New York,Downtown,40.703240999384185,-74.02666226517347,45.47300253765017,completed
T03676,2024-01-17 02:00:00,San Francisco,Downtown,37.82870205318823,-122.36499683988337,18.000305227325647,completed
T00867,2024-01-17 02:00:00,New York,Downtown,40.73590508307267,-74.02281421837495,45.869551954413055,completed
T01240,2024-01-17 02:00:00,London,Downtown,51.52253319889792,-0.2360183997589135,32.8108080337426,completed
T03033,2024-01-17 03:00:00,New York,Downtown,40.688252464238694,-73.94509990781545,47.06493207273917,completed
T00196,2024-01-17 03:00:00,New York,Downtown,40.652803257384505,-74.03739893805594,20.113739044305248,completed
T01531,2024-01-17 03:00:00,New York,Downtown,40.68030394544016,-73.99371774148966,13.486335094471533,completed
T01666,2024-01-17 03:00:00,New York,Downtown,40.60824597877066,-74.02782769990108,8.021749791621806,cancelled
T02151,2024-01-17 03:00:00,San Francisco,Suburbs,37.68015703737476,-122.29793690205794,31.603152070363944,completed
T02526,2024-01-17 03:00:00,San Francisco,Airport,37.825282449768565,-122.35475634490345,10.188447176355755,completed
T02178,2024-01-17 03:00:00,New York,Downtown,40.75781951166296,-73.95353552908507,27.74985641762676,cancelled
T02730,2024-01-17 03:00:00,London,Suburbs,51.51673200102225,-0.15062352129533824,30.967812508844673,completed
T04343,2024-01-17 04:00:00,San Francisco,Downtown,37.75330878597757,-122.41627576541241,26.100032995143373,completed
T02551,2024-01-17 04:00:00,New York,Downtown,40.67985021195033,-74.13918880088231,12.419770754361265,completed
T00818,2024-01-17 04:00:00,San Francisco,Downtown,37.738505028067294,-122.47940464442138,27.57916943468137,completed
T01076,2024-01-17 04:00:00,London,Downtown,51.499894664523765,-0.11015242839654574,11.350706059861821,completed
T02598,2024-01-17 04:00:00,London,Downtown,51.55651437417986,-0.15977651042613977,22.672591545881954,completed
T00700,2024-01-17 04:00:00,San Francisco,Suburbs,37.74756813485914,-122.37788376680606,48.12880439153426,completed
T04932,2024-01-17 04:00:00,San Francisco,Suburbs,37.79748895449774,-122.42117014609154,12.607242310373891,completed
T01332,2024-01-17 04:00:00,New York,Downtown,40.7321335567644,-73.98557873961416,24.313666300302476,completed
T01803,2024-01-17 05:00:00,San Francisco,Downtown,37.80705473194276,-122.4430622380814,5.290917813231145,completed
T00089,2024-01-17 05:00:00,New York,Suburbs,40.72854633593562,-74.03168784754446,44.78074108435426,completed
T02985,2024-01-17 05:00:00,New York,Downtown,40.81861661718634,-73.98562762784859,33.761974050792276,completed
T01424,2024-01-17 05:00:00,New York,Suburbs,40.70393862693144,-73.99158025347548,14.36596464281209,completed
T01438,2024-01-17 05:00:00,New York,Downtown,40.67868387160434,-73.98383114778412,14.184492298948257,completed
T02086,2024-01-17 05:00:00,London,Airport,51.41530142716755,-0.12637719121092555,35.85379076540257,completed
T04647,2024-01-17 05:00:00,New York,Downtown,40.69155945818265,-74.12036727030707,43.88173800491874,completed
T00676,2024-01-17 06:00:00,New York,Suburbs,40.71533160374749,-74.08449301502908,9.344610059224703,completed
T00123,2024-01-17 06:00:00,New York,Downtown,40.734845100115415,-74.01617807134366,37.70229796158856,cancelled
T02563,2024-01-17 06:00:00,New York,Downtown,40.675480068828314,-73.97744725828301,8.004372510621032,completed
T02054,2024-01-17 06:00:00,New York,Downtown,40.73058109274302,-73.99326733085,20.68686171539919,completed
T01078,2024-01-17 06:00:00,San Francisco,Downtown,37.73626342920181,-122.38313307143744,63.529801999992976,completed
T00226,2024-01-17 06:00:00,San Francisco,Downtown,37.722664002692106,-122.41867771156467,48.92321421622079,completed
T04246,2024-01-17 06:00:00,London,Downtown,51.61551994948451,-0.17261121984091443,38.65318812306025,completed
T00618,2024-01-17 07:00:00,New York,Downtown,40.61217515741473,-73.91621121116951,20.45976151513166,completed
T01894,2024-01-17 07:00:00,New York,Airport,40.72610774102572,-74.03570321846533,16.535540115564853,completed
T01689,2024-01-17 07:00:00,San Francisco,Downtown,37.686336389214034,-122.34175646847207,15.8775266231115,completed
T01950,2024-01-17 07:00:00,London,Downtown,51.52431495128549,-0.14718381705729106,15.301424769353272,completed
T03553,2024-01-17 07:00:00,San Francisco,Suburbs,37.779790000964745,-122.41285986364635,14.82326275228824,completed
T03343,2024-01-17 07:00:00,London,Downtown,51.4902739964433,-0.12705585484795345,19.095056843959973,completed
T00603,2024-01-17 07:00:00,London,Airport,51.49383634935015,-0.17565071649669875,22.702049960742002,completed
T03020,2024-01-17 08:00:00,New York,Downtown,40.632513673969676,-73.98932298470432,31.65636294985656,completed
T00843,2024-01-17 08:00:00,New York,Downtown,40.6797921473798,-74.05106815185248,33.01112895809179,completed
T02722,2024-01-17 08:00:00,San Francisco,Suburbs,37.80916907195796,-122.44458484013634,21.784043239143852,cancelled
T03350,2024-01-17 08:00:00,New York,Downtown,40.80096614343741,-73.98676450752964,7.698576838178631,completed
T00209,2024-01-17 08:00:00,New York,Suburbs,40.72384876841436,-74.01410239106006,32.851265978810396,completed
T01966,2024-01-17 08:00:00,New York,Airport,40.831197702922886,-74.00129301772213,23.610696995004016,completed
T03280,2024-01-17 08:00:00,New York,Suburbs,40.7001421412325,-74.00589336331011,28.110958446348427,completed
T01329,2024-01-17 08:00:00,New York,Suburbs,40.718578444508886,-73.95198263841371,25.61207690294531,completed
T03596,2024-01-17 09:00:00,London,Downtown,51.51184626652567,-0.141274699164823,9.613584312943532,completed
T03603,2024-01-17 09:00:00,New York,Downtown,40.6128694464141,-74.01368475519249,14.767076903602817,completed
T04748,2024-01-17 09:00:00,London,Downtown,51.47485748493009,-0.05663098537788244,31.14306332984895,completed
T00022,2024-01-17 09:00:00,New York,Downtown,40.70889962690737,-73.99941841278255,30.174772421566544,completed
T02568,2024-01-17 09:00:00,San Francisco,Downtown,37.85169105984635,-122.42052897177818,14.667978927068358,completed
T01626,2024-01-17 09:00:00,New York,Downtown,40.683420619781124,-73.95955588992614,12.609881222215783,completed
T01368,2024-01-17 09:00:00,New York,Downtown,40.6201252621313,-73.99840742910085,36.764763898398016,completed
T04852,2024-01-17 09:00:00,New York,Downtown,40.70024084572446,-73.96366105012372,27.37605389905374,completed
T02419,2024-01-17 09:00:00,New York,Downtown,40.69638045812364,-74.03539725014029,54.33825106001532,completed
T01681,2024-01-17 09:00:00,New York,Downtown,40.696174899524074,-73.93551164293127,16.38317912906408,completed
T03740,2024-01-17 09:00:00,New York,Suburbs,40.60833517202172,-74.03995564744382,29.87727814203374,completed
T01450,2024-01-17 10:00:00,New York,Downtown,40.77327711598056,-73.97150838644907,17.16955693471111,cancelled
T01257,2024-01-17 10:00:00,New York,Airport,40.66006109131191,-74.04310669862372,23.823867251232105,cancelled
T01560,2024-01-17 10:00:00,London,Downtown,51.559069307756936,-0.11308281361056563,11.61176122093221,completed
T00570,2024-01-17 10:00:00,London,Downtown,51.51613023320917,-0.13470307274798038,12.560125174977248,completed
T03969,2024-01-17 10:00:00,New York,Downtown,40.79022712860871,-73.96840527348583,54.26413824901993,completed
T01386,2024-01-17 10:00:00,London,Downtown,51.48916958640511,-0.1452685579703792,9.801057210983398,completed
T03189,2024-01-17 11:00:00,New York,Downtown,40.7175117539197,-74.06845939512614,28.35310594062137,completed
T04509,2024-01-17 11:00:00,London,Downtown,51.54501207039013,-0.08804900755477227,13.39113053474809,completed
T01236,2024-01-17 11:00:00,London,Airport,51.52671006499708,-0.07629706444118664,13.007774880212796,completed
T00135,2024-01-17 11:00:00,New York,Suburbs,40.71479752409642,-73.97684594915742,30.072173288170426,completed
T03128,2024-01-17 11:00:00,San Francisco,Downtown,37.75940790243803,-122.4715944220025,11.275440974299478,completed
T04897,2024-01-17 11:00:00,London,Downtown,51.48702650619735,-0.0016731651187465446,23.956353580975613,completed
T02915,2024-01-17 11:00:00,New York,Downtown,40.65947424448346,-73.96811498157753,12.068746506099615,cancelled
T01016,2024-01-17 11:00:00,San Francisco,Downtown,37.78154824480213,-122.38344218932667,21.191729431721193,completed
T01978,2024-01-17 11:00:00,New York,Downtown,40.72359645755095,-73.9774411371492,17.957916469220372,completed
T03949,2024-01-17 11:00:00,London,Airport,51.57461745417129,-0.12875596652289317,27.17080012746457,completed
T01453,2024-01-17 11:00:00,New York,Airport,40.79993794669975,-73.99493688628263,35.96946438212462,completed
T00793,2024-01-17 11:00:00,New York,Airport,40.717607839499316,-74.01884539531346,6.935362257562007,completed
T00104,2024-01-17 12:00:00,London,Downtown,51.540504347508744,-0.17396365581581535,27.916708751997007,completed
T00221,2024-01-17 12:00:00,San Francisco,Downtown,37.75246905732641,-122.47879832036811,13.871202138199711,completed
T00998,2024-01-17 12:00:00,New York,Downtown,40.75672937466147,-74.00945470669588,19.836938200070076,completed
T01245,2024-01-17 12:00:00,New York,Downtown,40.70695118716745,-73.98306352780315,23.568750064268322,completed
T02094,2024-01-17 12:00:00,New York,Downtown,40.66875000933346,-73.98171664122671,7.9939683649060544,cancelled
T03864,2024-01-17 12:00:00,San Francisco,Downtown,37.690810010107946,-122.38561561017046,18.359619681591475,completed
T01602,2024-01-17 12:00:00,New York,Airport,40.675112047812696,-73.99869063299163,37.76195134600141,completed
T01737,2024-01-17 12:00:00,New York,Airport,40.72789179952472,-73.9587836793065,14.765234079357374,completed
T02960,2024-01-17 12:00:00,New York,Downtown,40.712752990940196,-74.0134744201007,10.120796191938428,completed
T04083,2024-01-17 12:00:00,New York,Airport,40.64880314365447,-74.06696239613608,35.10569482377286,completed
T00920,2024-01-17 12:00:00,New York,Downtown,40.67540337399941,-74.11569652227787,10.92321924008235,completed
T01769,2024-01-17 12:00:00,New York,Suburbs,40.67861498566066,-74.00867780220275,9.64925868728259,completed
T04140,2024-01-17 12:00:00,New York,Downtown,40.7320666420486,-74.02207185054294,23.91598839317259,completed
T01209,2024-01-17 13:00:00,London,Airport,51.52337399416406,-0.14882772979799153,8.688426874707005,completed
T00681,2024-01-17 13:00:00,New York,Airport,40.68584846276403,-73.95232686209279,23.551895267988016,completed
T02136,2024-01-17 13:00:00,New York,Downtown,40.696467592042914,-74.11287012308229,10.299018866053988,completed
T03665,2024-01-17 13:00:00,New York,Downtown,40.724013487079006,-74.00700858547425,29.706862810155428,no_driver
T04705,2024-01-17 13:00:00,New York,Downtown,40.66241031450732,-74.05846487086066,15.045956380623535,completed
T00164,2024-01-17 13:00:00,New York,Airport,40.71975617022912,-73.97679914957706,20.33276429204235,completed
T02177,2024-01-17 13:00:00,New York,Downtown,40.71697924781084,-74.04753157718326,13.033751473928753,completed
T00794,2024-01-17 13:00:00,New York,Downtown,40.66126566655843,-74.08055756237023,12.624053625908997,completed
T00640,2024-01-17 13:00:00,London,Suburbs,51.52987553665816,-0.1327405256349786,15.968419048995884,completed
T03920,2024-01-17 13:00:00,New York,Downtown,40.79887555828312,-73.96934887682,8.909989701031254,completed
T01624,2024-01-17 13:00:00,New York,Downtown,40.64746568372097,-74.03976526071625,23.56861280682667,completed
T04434,2024-01-17 13:00:00,New York,Downtown,40.714009574776824,-74.01651501197783,15.084628691089835,cancelled
T02964,2024-01-17 14:00:00,San Francisco,Downtown,37.79478795721062,-122.45925827533596,59.393024249313875,no_driver
T01767,2024-01-17 14:00:00,New York,Downtown,40.7886471602584,-73.94233152773671,12.952147179609973,completed
T04749,2024-01-17 14:00:00,New York,Downtown,40.655061757508,-74.01879399273355,35.26077872652838,completed
T03096,2024-01-17 14:00:00,San Francisco,Suburbs,37.74698983983652,-122.34451355833377,12.914721798421446,completed
T02798,2024-01-17 14:00:00,New York,Downtown,40.7569744573382,-74.0445142840739,9.02098409108617,completed
T02652,2024-01-17 14:00:00,New York,Downtown,40.69296571056358,-73.98092654379917,22.716172214495927,completed
T04116,2024-01-17 14:00:00,New York,Suburbs,40.70121455880923,-73.98472947140218,25.515969336794857,completed
T00652,2024-01-17 15:00:00,San Francisco,Downtown,37.80585592561447,-122.3551788903795,20.960728721367772,completed
T04257,2024-01-17 15:00:00,San Francisco,Downtown,37.74577333892359,-122.4554414884705,35.937464792517254,completed
T02743,2024-01-17 15:00:00,San Francisco,Downtown,37.78086681895131,-122.39402351014768,25.56210636048246,completed
T02217,2024-01-17 15:00:00,San Francisco,Airport,37.878272244191734,-122.41883308757316,27.29868759885997,completed
T02959,2024-01-17 15:00:00,New York,Downtown,40.71829002691572,-74.00075568180681,20.383532995659742,completed
T02761,2024-01-17 16:00:00,San Francisco,Suburbs,37.75222161289689,-122.4416942741513,15.15935596807309,completed
T00847,2024-01-17 16:00:00,London,Downtown,51.5690271893104,-0.06906300714832449,6.68394055787509,completed
T04983,2024-01-17 16:00:00,New York,Downtown,40.69280766779872,-74.04017725717416,34.40268588830505,cancelled
T00523,2024-01-17 16:00:00,London,Downtown,51.488007505049595,-0.046684548355370406,21.33833910374584,cancelled
T01117,2024-01-17 16:00:00,London,Airport,51.50232044199737,-0.1741763038155934,23.704108469051544,no_driver
T00772,2024-01-17 16:00:00,New York,Downtown,40.79056690171023,-74.08337364752029,21.86982195233075,completed
T02063,2024-01-17 16:00:00,New York,Suburbs,40.751300852209766,-73.9937849935031,27.093032704161782,completed
T01581,2024-01-17 17:00:00,New York,Airport,40.73178243463907,-74.04700372639984,28.296647865992888,completed
T01725,2024-01-17 17:00:00,London,Downtown,51.43688152113791,-0.1176905179333391,12.089928622680608,completed
T01715,2024-01-17 17:00:00,New York,Airport,40.592829612780264,-73.9919220450829,37.420502588226405,completed
T03638,2024-01-17 17:00:00,London,Downtown,51.5172834611758,-0.07723248691234287,14.098304990631428,completed
T03835,2024-01-17 17:00:00,New York,Suburbs,40.80155821050783,-74.06414978396012,20.29492519073745,completed
T04890,2024-01-17 18:00:00,London,Suburbs,51.485076569302855,-0.12093212300370959,12.939352782036504,completed
T04221,2024-01-17 18:00:00,San Francisco,Downtown,37.68215775259724,-122.39273375491663,8.872904888475947,completed
T00085,2024-01-17 18:00:00,New York,Suburbs,40.75132908520236,-73.98851918193273,22.547611135395766,completed
T00983,2024-01-17 18:00:00,San Francisco,Airport,37.673781381648496,-122.44431491562536,28.918261121851874,completed
T04977,2024-01-17 18:00:00,New York,Suburbs,40.73542980629127,-74.03328391768753,15.783957088162161,completed
T00338,2024-01-17 18:00:00,San Francisco,Downtown,37.77803243247389,-122.35818887942129,28.221674241151394,completed
T04335,2024-01-17 18:00:00,New York,Downtown,40.68924487184934,-73.95289656294489,22.113076701951368,completed
T00508,2024-01-17 19:00:00,New York,Airport,40.6937674343772,-74.04140087209123,13.466489643886979,completed
T03953,2024-01-17 19:00:00,London,Downtown,51.51275252649266,-0.1726222704320233,11.951916695872955,completed
T02621,2024-01-17 19:00:00,New York,Airport,40.78242407344352,-74.00138076711158,26.591950294002487,completed
T00238,2024-01-17 19:00:00,London,Downtown,51.463283669428165,-0.14434608751239833,22.40849826168347,cancelled
T03660,2024-01-17 19:00:00,San Francisco,Downtown,37.72506353445738,-122.47743452297499,20.736921840185317,cancelled
T02744,2024-01-17 20:00:00,New York,Suburbs,40.65825077523818,-73.9978506589494,29.812420721471614,completed
T02118,2024-01-17 20:00:00,New York,Downtown,40.76002437909237,-74.02279300736207,24.093378005723626,completed
T03873,2024-01-17 20:00:00,San Francisco,Downtown,37.76998431088677,-122.39338648246236,20.287654292588105,completed
T03544,2024-01-17 20:00:00,San Francisco,Suburbs,37.76810331871742,-122.47189075255659,29.984941272760402,completed
T00077,2024-01-17 20:00:00,New York,Downtown,40.606674089970696,-73.98188930938288,19.69913017926776,completed
T02291,2024-01-17 20:00:00,New York,Downtown,40.63514230001586,-74.078097151074,33.901655181280155,cancelled
T01988,2024-01-17 21:00:00,New York,Downtown,40.72644177804221,-73.99988283912568,11.10623777109569,completed
T01342,2024-01-17 21:00:00,New York,Airport,40.77055358369553,-73.99944705186596,20.475113057917557,completed
T04200,2024-01-17 21:00:00,New York,Suburbs,40.77165374320337,-74.04506411084049,15.388443222408902,completed
T01266,2024-01-17 21:00:00,New York,Downtown,40.74062191096801,-73.95599772922938,31.36327194268839,completed
T02019,2024-01-17 21:00:00,New York,Downtown,40.59112303634401,-73.95117138335596,39.707018261484954,completed
T04429,2024-01-17 21:00:00,New York,Suburbs,40.78315831527415,-74.04357608194915,15.235249646321831,cancelled
T03547,2024-01-17 22:00:00,New York,Suburbs,40.82230372097156,-74.01070323576141,19.516197194860958,completed
T02934,2024-01-17 22:00:00,London,Downtown,51.595539499435965,-0.21680566004607338,21.31313443313295,completed
T02053,2024-01-17 22:00:00,New York,Downtown,40.6331700303178,-74.0270101893485,18.343374813013252,completed
T02938,2024-01-17 22:00:00,San Francisco,Downtown,37.7077277696066,-122.50318027955784,13.315164948065538,completed
T04540,2024-01-17 23:00:00,New York,Downtown,40.61183667054985,-73.95162150464867,7.866134298990577,completed
T01620,2024-01-17 23:00:00,New York,Suburbs,40.65778581166987,-74.0044826237642,12.200362573201414,completed
T01522,2024-01-17 23:00:00,San Francisco,Downtown,37.77991567606817,-122.46925264781898,8.47996145587162,completed
T03627,2024-01-17 23:00:00,San Francisco,Suburbs,37.80684498637538,-122.3943053774951,14.653339650145314,completed
T02068,2024-01-17 23:00:00,London,Airport,51.47082754661761,-0.14211786762124914,10.490207914855715,completed
T00027,2024-01-18 00:00:00,San Francisco,Suburbs,37.7348349759227,-122.47748179794652,19.237576428547243,completed
T02797,2024-01-18 00:00:00,New York,Suburbs,40.76555525134707,-73.99396122195026,21.474336142912698,completed
T01087,2024-01-18 00:00:00,New York,Suburbs,40.70651373957255,-73.96440833172463,19.90258430742708,completed
T02643,2024-01-18 00:00:00,New York,Airport,40.72163766909951,-74.07117374328399,31.21950848552345,completed
T03309,2024-01-18 00:00:00,London,Downtown,51.5939062997843,-0.13592168813170816,29.319357011759564,cancelled
T04629,2024-01-18 00:00:00,San Francisco,Downtown,37.759417016067275,-122.38847451989258,15.661837381411692,cancelled
T04009,2024-01-18 00:00:00,New York,Suburbs,40.73849529647686,-74.0396579284333,99.91201982263104,completed
T00499,2024-01-18 01:00:00,New York,Suburbs,40.759994072539136,-74.01321352038245,23.750340641427684,completed
T02267,2024-01-18 01:00:00,New York,Suburbs,40.737746100760006,-74.03529526007011,25.50034550095255,completed
T04056,2024-01-18 01:00:00,New York,Downtown,40.729119640978446,-74.03793895346605,12.06342539703991,completed
T03970,2024-01-18 01:00:00,New York,Downtown,40.743673241025355,-73.98923695502253,13.194543107521584,completed
T04801,2024-01-18 02:00:00,London,Suburbs,51.51254096205585,-0.09200634428238634,42.327170283240434,completed
T04520,2024-01-18 02:00:00,London,Suburbs,51.46828832411778,-0.12543386305008647,31.072034517559793,completed
T04633,2024-01-18 02:00:00,New York,Downtown,40.66413906158173,-73.96893316486745,8.853855761012008,completed
T03348,2024-01-18 02:00:00,San Francisco,Downtown,37.78640005271606,-122.47769865650034,15.166075453380948,completed
T04055,2024-01-18 02:00:00,New York,Downtown,40.73736669833916,-74.01525933989898,25.686217050364824,completed
T02243,2024-01-18 02:00:00,New York,Suburbs,40.68390095235979,-73.95562315183585,9.687086104401468,completed
T01229,2024-01-18 02:00:00,New York,Downtown,40.683496029678885,-73.99080796535304,25.051480966401645,no_driver
T04674,2024-01-18 03:00:00,London,Downtown,51.52989245731928,-0.09079593443192646,8.451519457437914,completed
T04978,2024-01-18 03:00:00,San Francisco,Downtown,37.812268553653844,-122.37689924403182,14.524817753273101,completed
T00587,2024-01-18 04:00:00,San Francisco,Airport,37.79318304207874,-122.39977247077424,35.12018723625297,completed
T00617,2024-01-18 04:00:00,London,Suburbs,51.50954702312858,-0.10217062943401602,11.973507639751222,completed
T01195,2024-01-18 04:00:00,New York,Suburbs,40.69339535748594,-74.03320427948769,29.246746060886526,completed
T02232,2024-01-18 04:00:00,New York,Downtown,40.70126392293634,-73.96434122030342,11.928821818331233,completed
T00497,2024-01-18 04:00:00,New York,Downtown,40.789037074431974,-73.94098371948785,10.041436270518853,completed
T01291,2024-01-18 04:00:00,London,Suburbs,51.46477854751287,-0.07700775665080056,24.015853817309917,completed
T02277,2024-01-18 04:00:00,New York,Downtown,40.656546322237936,-73.9852532044913,34.13628647763603,completed
T03538,2024-01-18 05:00:00,London,Suburbs,51.635392140880754,-0.07286877069232,26.543018165179806,completed
T04198,2024-01-18 05:00:00,New York,Suburbs,40.775815094293804,-73.98613969588523,17.04920661274995,completed
T03440,2024-01-18 05:00:00,New York,Suburbs,40.710694966039824,-74.01012893807658,20.248780547072116,completed
T03787,2024-01-18 05:00:00,New York,Downtown,40.63852572988203,-73.95698393266541,41.31716143227849,completed
T03256,2024-01-18 06:00:00,New York,Downtown,40.73350061898923,-73.9471820555919,22.089756536395317,completed
T01959,2024-01-18 06:00:00,New York,Downtown,40.82054589345158,-73.9410855598287,16.971497843841803,completed
T02523,2024-01-18 06:00:00,New York,Downtown,40.70958171752487,-73.9558830538139,30.335491769593016,completed
T01428,2024-01-18 06:00:00,San Francisco,Airport,37.79449280268956,-122.37484119200525,9.799458533002433,cancelled
T00572,2024-01-18 06:00:00,New York,Suburbs,40.70325906473339,-73.99806422016249,36.747997268373325,completed
T01647,2024-01-18 07:00:00,New York,Downtown,40.70496684325077,-73.93428971571728,13.421920093830634,cancelled
T03406,2024-01-18 07:00:00,San Francisco,Downtown,37.76449438617623,-122.3788675039547,49.163164058913395,completed
T04811,2024-01-18 07:00:00,New York,Downtown,40.72337317611951,-73.95240711839745,9.28212585917308,no_driver
T02259,2024-01-18 07:00:00,San Francisco,Downtown,37.70665752203761,-122.38939623148987,23.2359548830224,completed
T03334,2024-01-18 07:00:00,San Francisco,Downtown,37.80161164237745,-122.43964509752725,44.56313226439762,completed
T00016,2024-01-18 07:00:00,London,Downtown,51.44644246295289,-0.14759844766043295,17.983798295787885,cancelled
T03013,2024-01-18 07:00:00,New York,Suburbs,40.71550287454538,-74.03264098515207,11.266329164018785,completed
T02163,2024-01-18 07:00:00,New York,Downtown,40.65102149933454,-73.99411927799112,38.52987473223965,completed
T02600,2024-01-18 07:00:00,New York,Downtown,40.64481146047058,-74.01555581609261,41.44151393296422,completed
T01289,2024-01-18 07:00:00,New York,Downtown,40.62187468401632,-73.95155219902686,29.536312623702187,completed
T00543,2024-01-18 08:00:00,New York,Suburbs,40.8163587441738,-73.99837061790372,38.697420946296134,completed
T00979,2024-01-18 08:00:00,New York,Downtown,40.74721085261937,-74.07276125141449,6.446557819266783,completed
T03303,2024-01-18 08:00:00,New York,Downtown,40.71726319699621,-74.05674371610189,28.450939399859713,completed
T02666,2024-01-18 08:00:00,New York,Airport,40.7023284484137,-74.07786261536242,22.566123120983384,completed
T01239,2024-01-18 08:00:00,San Francisco,Downtown,37.73499866799778,-122.4138657071863,16.130434863754388,completed
T01752,2024-01-18 08:00:00,New York,Suburbs,40.755921168610925,-73.99757487714743,15.484764092570195,cancelled
T03918,2024-01-18 08:00:00,New York,Downtown,40.734636116744234,-73.98575235759485,26.639407750930268,completed
T00283,2024-01-18 09:00:00,New York,Downtown,40.716082368757625,-73.9023334699564,38.965166011805145,completed
T03733,2024-01-18 09:00:00,San Francisco,Downtown,37.83750009564709,-122.33650704830517,22.265216390436766,completed
T02640,2024-01-18 09:00:00,London,Downtown,51.49480151672266,-0.0840689527647731,11.95912438155738,completed
T03183,2024-01-18 09:00:00,New York,Airport,40.7093229887256,-73.95949035918127,20.83541723652104,completed
T03095,2024-01-18 10:00:00,New York,Suburbs,40.75449359957148,-74.03030080376982,10.075088426317631,completed
T03451,2024-01-18 10:00:00,New York,Suburbs,40.766280424685085,-73.9152697638709,21.629853992850343,completed
T01956,2024-01-18 10:00:00,London,Suburbs,51.46951510551281,-0.18163739320599073,31.332677515358593,completed
T02406,2024-01-18 10:00:00,New York,Downtown,40.69265974727349,-73.99560208672496,42.899571603316595,completed
T00134,2024-01-18 10:00:00,New York,Downtown,40.67922540597937,-74.07734403341627,59.73165302630577,completed
T02171,2024-01-18 10:00:00,New York,Airport,40.75841411575313,-74.0160943006166,8.278516621074811,completed
T04160,2024-01-18 10:00:00,New York,Downtown,40.71559153467108,-74.02010882946308,32.294639765573216,completed
T00454,2024-01-18 10:00:00,New York,Suburbs,40.7374213561154,-73.92916657922379,53.59945400858049,completed
T03797,2024-01-18 10:00:00,London,Downtown,51.42143965860553,-0.14253825649228866,9.455059505158875,no_driver
T00220,2024-01-18 11:00:00,San Francisco,Downtown,37.8583379800471,-122.42565473921623,12.177221790843186,completed
T00728,2024-01-18 11:00:00,New York,Downtown,40.68765325171286,-73.9780256307252,25.57495173900778,cancelled
T04448,2024-01-18 11:00:00,San Francisco,Downtown,37.83663209561084,-122.4215705186506,12.461492370661297,completed
T02028,2024-01-18 11:00:00,London,Airport,51.52252702420273,-0.08644510513421688,25.393388450450306,completed
T01109,2024-01-18 11:00:00,New York,Airport,40.71136688180649,-73.98581987768254,25.94354093372158,completed
T04270,2024-01-18 11:00:00,New York,Suburbs,40.79610186234488,-74.02920262095299,37.178079636478834,completed
T00792,2024-01-18 11:00:00,San Francisco,Suburbs,37.678728137960405,-122.44204146261598,28.62458105702767,completed
T02022,2024-01-18 11:00:00,New York,Suburbs,40.649884298250996,-73.96769984014362,7.060543325992357,completed
T00144,2024-01-18 11:00:00,London,Suburbs,51.54274666627914,-0.11016968079937539,19.122954576338472,completed
T00509,2024-01-18 11:00:00,London,Suburbs,51.493606311733934,-0.1421287653468113,20.946216664458124,completed
T02202,2024-01-18 12:00:00,London,Downtown,51.498160961715726,-0.09478933954746248,27.829290618409786,completed
T02986,2024-01-18 12:00:00,London,Suburbs,51.49441415729674,-0.15964217819670562,38.22294611883267,completed
T02973,2024-01-18 12:00:00,London,Airport,51.46753085170996,-0.12349591654569983,14.074996632220245,completed
T01535,2024-01-18 12:00:00,New York,Downtown,40.66008873569986,-74.02606061373064,9.620203427287539,completed
T04108,2024-01-18 12:00:00,New York,Downtown,40.65161135931443,-73.97360180675275,41.25328016836727,cancelled
T00303,2024-01-18 12:00:00,New York,Downtown,40.68796849066446,-73.94553992488443,30.486404853503053,completed
T04334,2024-01-18 13:00:00,London,Downtown,51.472200309381364,-0.11099530982072316,6.911023280293038,completed
T04894,2024-01-18 13:00:00,London,Suburbs,51.454174381679266,-0.10848155006711056,16.397867033168346,completed
T03473,2024-01-18 13:00:00,London,Downtown,51.483930092040204,-0.11917966704516487,38.29848972604147,cancelled
T01192,2024-01-18 13:00:00,New York,Suburbs,40.716164099652914,-73.96789401511455,55.55651583022861,completed
T02380,2024-01-18 13:00:00,New York,Suburbs,40.74488449863179,-74.09479255415995,19.606989510430566,completed
T02646,2024-01-18 13:00:00,New York,Downtown,40.74364950075228,-74.07560523981286,12.216792784829913,completed
T02242,2024-01-18 13:00:00,San Francisco,Suburbs,37.698754393076136,-122.49408224334265,16.845011632845086,cancelled
T00619,2024-01-18 13:00:00,San Francisco,Downtown,37.81372354560657,-122.38083384774778,11.671125392274902,completed
T02850,2024-01-18 13:00:00,New York,Airport,40.762145033277505,-74.04473885819837,10.737614255688069,completed
T01543,2024-01-18 13:00:00,New York,Downtown,40.7006647492144,-73.96691726660197,20.791638790477762,cancelled
T01391,2024-01-18 13:00:00,San Francisco,Downtown,37.839234592489184,-122.43036673258337,21.574665060156008,cancelled
T00310,2024-01-18 13:00:00,San Francisco,Suburbs,37.72318904096928,-122.38489956208814,36.874464502293314,completed
T02984,2024-01-18 13:00:00,San Francisco,Downtown,37.728695846528,-122.52571652708795,43.189586426840116,no_driver
T02247,2024-01-18 13:00:00,New York,Airport,40.7642470478764,-74.0209158842909,55.588159496520305,completed
T01288,2024-01-18 13:00:00,New York,Suburbs,40.73850249596243,-74.0363269148047,7.8231441732488305,no_driver
T01720,2024-01-18 14:00:00,New York,Suburbs,40.743582035842316,-74.03162878065488,17.335905456725982,no_driver
T04288,2024-01-18 14:00:00,New York,Airport,40.72319066954429,-74.08003257796133,31.877850176990563,completed
T04109,2024-01-18 14:00:00,New York,Downtown,40.646817096654495,-73.95912828082561,24.482933280151503,completed
T02030,2024-01-18 14:00:00,San Francisco,Downtown,37.72402071094354,-122.41006787477703,29.774348861698048,completed
T02740,2024-01-18 14:00:00,New York,Downtown,40.764182656368,-73.97676987473037,21.124033214741836,completed
T04534,2024-01-18 15:00:00,New York,Airport,40.7626722079837,-74.01299539862539,27.409305412590427,completed
T02715,2024-01-18 15:00:00,San Francisco,Downtown,37.851253334561235,-122.4452010411098,34.6280120612387,completed
T04220,2024-01-18 15:00:00,New York,Downtown,40.661337464843854,-73.95893133536771,51.815488010339934,completed
T03433,2024-01-18 15:00:00,New York,Downtown,40.70738641406538,-73.9429503959615,41.44134063915632,completed
T03068,2024-01-18 15:00:00,San Francisco,Downtown,37.809531375457276,-122.40298595867725,29.465247122290265,completed
T02571,2024-01-18 15:00:00,London,Downtown,51.46136300167791,-0.12035020540872907,14.062237765534602,completed
T03987,2024-01-18 16:00:00,New York,Downtown,40.79362222110157,-73.88669519243162,8.524251980324483,completed
T04793,2024-01-18 16:00:00,San Francisco,Downtown,37.81101453639126,-122.44287196161625,20.564776971016443,completed
T04940,2024-01-18 16:00:00,San Francisco,Downtown,37.815713140073626,-122.33099281907793,7.563627392012268,completed
T04371,2024-01-18 16:00:00,San Francisco,Downtown,37.74019787518295,-122.4130411885702,10.735840462150712,completed
T00561,2024-01-18 16:00:00,London,Downtown,51.48926311372682,-0.12854149792046551,13.664971187820734,no_driver
T02472,2024-01-18 16:00:00,London,Downtown,51.58965534777592,-0.11701880396395672,12.151242557498229,completed
T04567,2024-01-18 16:00:00,San Francisco,Airport,37.7861578541132,-122.41818261411382,18.145996298446885,cancelled
T03571,2024-01-18 16:00:00,San Francisco,Suburbs,37.6875504415501,-122.52997567546288,17.141758093563134,completed
T00785,2024-01-18 16:00:00,New York,Suburbs,40.71734960476169,-73.95602648992009,10.495365739343484,completed
T03388,2024-01-18 17:00:00,New York,Suburbs,40.70066812172738,-74.06206967491208,13.154900245050271,completed
T03800,2024-01-18 17:00:00,San Francisco,Downtown,37.79288581148064,-122.43059515692754,13.505021708158033,completed
T04184,2024-01-18 17:00:00,New York,Downtown,40.700480308209244,-73.87684334423338,31.187571567294796,completed
T04104,2024-01-18 17:00:00,San Francisco,Downtown,37.78283199499367,-122.30349130110334,16.090956052528426,completed
T00637,2024-01-18 17:00:00,New York,Airport,40.6573262792605,-74.00689022201355,39.41263663242767,completed
T03959,2024-01-18 17:00:00,New York,Suburbs,40.681824292033696,-73.95863960530791,25.753850941270912,completed
T04062,2024-01-18 18:00:00,New York,Downtown,40.66240071463559,-73.95739836587886,23.76940372544556,completed
T01449,2024-01-18 18:00:00,San Francisco,Airport,37.7981312602839,-122.37496685901148,31.792658208702544,completed
T03908,2024-01-18 18:00:00,New York,Airport,40.71422258679876,-74.0633358296742,33.05848250991549,completed
T03063,2024-01-18 19:00:00,New York,Downtown,40.695196734264194,-73.98925334431387,5.775543866567679,cancelled
T03697,2024-01-18 19:00:00,San Francisco,Airport,37.78287717865182,-122.5472352851654,12.160568572014329,completed
T02591,2024-01-18 19:00:00,London,Suburbs,51.503439022308214,-0.11626265428515992,10.984940496093866,cancelled
T02452,2024-01-18 19:00:00,New York,Airport,40.7298545963345,-74.07436026714079,20.629132593149926,completed
T03527,2024-01-18 19:00:00,New York,Downtown,40.80839759511873,-74.09042863984405,40.504207654879934,completed
T01256,2024-01-18 19:00:00,London,Downtown,51.5278912666468,-0.2067915037844277,17.526981030038023,completed
T03591,2024-01-18 19:00:00,New York,Downtown,40.78237958040464,-74.00597415301094,28.56260557042365,completed
T03173,2024-01-18 20:00:00,San Francisco,Downtown,37.71389312259451,-122.52344692523116,8.853760489887925,completed
T02635,2024-01-18 20:00:00,New York,Suburbs,40.75789405007307,-73.9826459360108,33.39271975660627,completed
T00125,2024-01-18 21:00:00,New York,Downtown,40.76474993191533,-73.95699229404607,81.08752782578318,completed
T03808,2024-01-18 21:00:00,New York,Suburbs,40.81451342855672,-73.90685208807231,18.720859459222282,completed
T01578,2024-01-18 21:00:00,San Francisco,Downtown,37.82555735270132,-122.31380248404763,59.09481574223918,completed
T02828,2024-01-18 21:00:00,New York,Suburbs,40.72848730859966,-73.95664655874404,27.425301459749875,completed
T04995,2024-01-18 21:00:00,New York,Suburbs,40.68789736400858,-73.87220496352359,28.963151172353832,no_driver
T01920,2024-01-18 21:00:00,New York,Downtown,40.67800488795427,-74.02000091198303,12.378730313851072,completed
T04134,2024-01-18 21:00:00,London,Downtown,51.47615049075182,-0.15328513065390564,21.396993572662538,completed
T04013,2024-01-18 21:00:00,New York,Downtown,40.704475472719515,-73.93967349210668,29.61982053742797,completed
T01787,2024-01-18 22:00:00,New York,Downtown,40.62447594779238,-73.94112276810176,35.04181145303686,completed
T02891,2024-01-18 22:00:00,San Francisco,Downtown,37.79699504942735,-122.44707535389344,8.526144370911597,completed
T04597,2024-01-18 22:00:00,New York,Downtown,40.62302255941992,-73.93978975427618,23.66841787520514,completed
T02486,2024-01-18 22:00:00,New York,Downtown,40.69803540949463,-74.06958650934534,24.12969543755854,completed
T01586,2024-01-18 22:00:00,San Francisco,Suburbs,37.80595506938711,-122.31896043064714,23.3676469351582,completed
T03944,2024-01-18 22:00:00,New York,Downtown,40.69751350223399,-74.00869777476495,18.692332342809593,completed
T02162,2024-01-18 23:00:00,New York,Downtown,40.74196296304833,-73.90525182947486,41.27355283402213,completed
T00817,2024-01-18 23:00:00,San Francisco,Downtown,37.785161907689485,-122.3595875781875,15.356836589365727,completed
T02963,2024-01-18 23:00:00,San Francisco,Suburbs,37.82780201174515,-122.45597639322727,31.6671244830972,no_driver
T00744,2024-01-18 23:00:00,New York,Downtown,40.7018847959572,-73.99996161445627,39.138821180296475,completed
T04886,2024-01-19 00:00:00,San Francisco,Downtown,37.8250682480292,-122.42843356806263,29.039285818907338,completed
T03900,2024-01-19 00:00:00,New York,Suburbs,40.685761113117856,-73.99532977016422,25.178075936064637,completed
T04130,2024-01-19 00:00:00,New York,Downtown,40.72005557945658,-74.09204448562446,19.946468614491035,completed
T02413,2024-01-19 00:00:00,New York,Downtown,40.72428969707773,-74.03666048021762,25.7263217464602,cancelled
T03836,2024-01-19 00:00:00,San Francisco,Suburbs,37.834767613397,-122.43459443735225,14.73194126930977,completed
T01796,2024-01-19 00:00:00,New York,Downtown,40.69603495794383,-74.04019434064965,41.78224077071063,completed
T04972,2024-01-19 00:00:00,San Francisco,Airport,37.81637659482249,-122.46799881189425,26.467502418969726,completed
T04637,2024-01-19 00:00:00,New York,Suburbs,40.65024790887227,-74.03291204933298,38.18383588672775,completed
T02887,2024-01-19 00:00:00,London,Downtown,51.552021591508215,-0.10138628045022037,19.328969787043,completed
T02728,2024-01-19 00:00:00,New York,Downtown,40.78912406469215,-73.99754037486096,18.151076001235367,cancelled
T02800,2024-01-19 01:00:00,New York,Downtown,40.66297597508504,-73.99582385972892,30.39394713873339,completed
T04072,2024-01-19 01:00:00,New York,Downtown,40.75936718418409,-73.97996875141645,31.413818714775125,completed
T02393,2024-01-19 01:00:00,New York,Suburbs,40.7564971140236,-74.11151163228207,22.018310005239822,completed
T04986,2024-01-19 01:00:00,New York,Suburbs,40.74941826534022,-73.93811652594869,24.685521228842266,completed
T01789,2024-01-19 01:00:00,San Francisco,Airport,37.78612831375037,-122.34926203302503,29.846045503609666,no_driver
T01716,2024-01-19 01:00:00,London,Downtown,51.58116014192018,-0.24375760885371056,20.869673505347414,completed
T02511,2024-01-19 01:00:00,New York,Downtown,40.67888154649557,-74.10314048709435,20.429097915904286,cancelled
T04638,2024-01-19 01:00:00,San Francisco,Downtown,37.790064266866516,-122.39888828793062,25.882703429983657,completed
T02467,2024-01-19 01:00:00,London,Downtown,51.49559823022691,-0.13818269809739958,19.731153874870074,completed
T01676,2024-01-19 02:00:00,New York,Airport,40.643673078038326,-73.99498514739022,53.71830885767565,completed
T04442,2024-01-19 02:00:00,New York,Downtown,40.793667670042154,-73.98430025741543,12.66707991782441,completed
T00477,2024-01-19 02:00:00,London,Downtown,51.54643687521883,-0.09252277662689204,17.670919390620398,completed
T03461,2024-01-19 02:00:00,New York,Downtown,40.75716757668856,-74.01545601243767,10.068115091228242,completed
T03177,2024-01-19 02:00:00,New York,Downtown,40.72747950569797,-74.03951464613911,19.86860761430235,completed
T02330,2024-01-19 02:00:00,New York,Downtown,40.71163780074824,-73.94582485276415,23.699131993917042,completed
T01379,2024-01-19 02:00:00,New York,Downtown,40.69354479843187,-73.94550702345101,42.07322140594924,completed
T02687,2024-01-19 02:00:00,New York,Suburbs,40.77080027506665,-73.98824909145527,8.876580545320952,cancelled
T00002,2024-01-19 03:00:00,San Francisco,Downtown,37.73090339958249,-122.46264905949533,33.78310154190419,completed
T01169,2024-01-19 03:00:00,London,Downtown,51.52382020798202,-0.16262309142022063,15.575027187476092,completed
T01246,2024-01-19 03:00:00,San Francisco,Airport,37.80439139329673,-122.35953730078802,55.6604692261179,completed
T02659,2024-01-19 03:00:00,San Francisco,Downtown,37.72423781052238,-122.43729456912772,18.026637827540576,completed
T04183,2024-01-19 04:00:00,New York,Downtown,40.73628425425043,-74.00432894037809,15.681497109228408,completed
T02312,2024-01-19 04:00:00,San Francisco,Downtown,37.783452296496456,-122.46859010500012,22.285102592567988,completed
T04993,2024-01-19 04:00:00,New York,Downtown,40.74591837768187,-74.04842454674176,26.66654386920247,completed
T00809,2024-01-19 04:00:00,London,Suburbs,51.441074525313276,-0.11737223489559721,13.774475901706872,completed
T00621,2024-01-19 05:00:00,New York,Downtown,40.77506789825085,-73.98925713648366,7.997384898413429,completed
T03413,2024-01-19 05:00:00,San Francisco,Suburbs,37.72844319673086,-122.46611984504969,26.055655069497206,completed
T04293,2024-01-19 05:00:00,London,Downtown,51.484673992268284,-0.16336253823288582,30.808746613119375,no_driver
T00732,2024-01-19 05:00:00,New York,Airport,40.72653129876886,-73.98625264625696,6.525446157029724,cancelled
T00468,2024-01-19 05:00:00,New York,Downtown,40.66015671263324,-74.05166658762529,15.042107409652044,completed
T03909,2024-01-19 05:00:00,New York,Downtown,40.71103357602845,-74.02796776488678,15.29622560036607,completed
T02495,2024-01-19 05:00:00,New York,Downtown,40.6419487631953,-74.00344162204274,59.97126399844455,completed
T01587,2024-01-19 05:00:00,New York,Downtown,40.746074723771045,-74.01988160257042,24.160881472636014,completed
T00955,2024-01-19 06:00:00,San Francisco,Downtown,37.82021332772827,-122.34071938333095,46.891051919730074,cancelled
T02534,2024-01-19 06:00:00,New York,Downtown,40.67046659743904,-74.0873098685435,45.72726271099596,completed
T00993,2024-01-19 06:00:00,San Francisco,Downtown,37.89400459396179,-122.50748981863659,14.82492196410023,completed
T02549,2024-01-19 06:00:00,London,Downtown,51.477734855443884,-0.10569184634370539,39.98234676028281,completed
T02840,2024-01-19 06:00:00,London,Downtown,51.46126378459377,-0.15825589751787938,26.090811940335893,completed
T02994,2024-01-19 06:00:00,New York,Suburbs,40.70446624759467,-74.03289562377483,19.107449097500616,completed
T00777,2024-01-19 06:00:00,London,Suburbs,51.544175495635784,-0.12162474464279097,26.82909147167959,completed
T01351,2024-01-19 07:00:00,New York,Downtown,40.745541458561966,-74.0056182930391,16.250135838754225,completed
T01227,2024-01-19 07:00:00,San Francisco,Suburbs,37.720364170773244,-122.41866095290835,16.23431791686975,completed
T02369,2024-01-19 07:00:00,San Francisco,Downtown,37.807024772948985,-122.50789384894536,28.03055733005854,completed
T01585,2024-01-19 07:00:00,San Francisco,Downtown,37.74412977493926,-122.45499359549989,40.1758058511801,completed
T03995,2024-01-19 07:00:00,San Francisco,Downtown,37.68122252385438,-122.45462196997097,13.108178857070175,completed
T01670,2024-01-19 07:00:00,New York,Downtown,40.70900357905511,-73.99712895392143,18.456038322451754,no_driver
T04782,2024-01-19 07:00:00,New York,Downtown,40.71131597878545,-73.98036175451159,28.06257550053363,completed
T01612,2024-01-19 07:00:00,San Francisco,Suburbs,37.80688757270543,-122.44085068558455,30.712136606159348,completed
T02263,2024-01-19 08:00:00,London,Airport,51.564651611597256,-0.07042381386998067,19.648941359641302,completed
T00400,2024-01-19 08:00:00,New York,Downtown,40.686388799700616,-73.96224198166006,63.74250886498374,completed
T04499,2024-01-19 08:00:00,San Francisco,Airport,37.72862404257861,-122.47151417228092,14.538518948843794,completed
T04797,2024-01-19 08:00:00,London,Downtown,51.57296648207579,0.0023334162703129713,35.455235914416,completed
T00725,2024-01-19 08:00:00,New York,Downtown,40.66984165128416,-73.98075870101604,15.928109529372168,completed
T01526,2024-01-19 08:00:00,New York,Downtown,40.72373087534405,-73.92051177642719,9.086765224739558,completed
T00472,2024-01-19 08:00:00,San Francisco,Downtown,37.66055758947382,-122.44934504983182,14.996686354371953,no_driver
T00660,2024-01-19 08:00:00,San Francisco,Airport,37.86697193905918,-122.42161764403002,30.101227977835244,no_driver
T04155,2024-01-19 08:00:00,New York,Downtown,40.63262074208065,-73.90822078364864,37.23463901323192,completed
T01446,2024-01-19 09:00:00,New York,Airport,40.6543178401933,-74.02350799594099,47.391000824925996,completed
T02680,2024-01-19 09:00:00,London,Downtown,51.55060137039897,-0.13696881456564605,35.44761500262693,completed
T04125,2024-01-19 09:00:00,San Francisco,Downtown,37.70782924135382,-122.45480442418652,41.76108708350753,completed
T02792,2024-01-19 09:00:00,San Francisco,Downtown,37.864780685687194,-122.39266835462273,12.244792905955352,completed
T01249,2024-01-19 09:00:00,New York,Suburbs,40.68810442644316,-74.01949349648277,7.203162912465112,completed
T00348,2024-01-19 09:00:00,New York,Downtown,40.70998201181161,-74.01974975727218,32.73770115195184,no_driver
T01225,2024-01-19 09:00:00,London,Downtown,51.42532791687852,-0.13556786705062196,18.402777613987745,completed
T01770,2024-01-19 10:00:00,London,Airport,51.52915213674672,-0.07054306031895624,29.04937320494835,completed
T03749,2024-01-19 10:00:00,New York,Downtown,40.7355640691688,-73.98017199690527,32.71242103330232,completed
T01183,2024-01-19 10:00:00,San Francisco,Downtown,37.79598219541081,-122.52453351214697,18.155483804388968,cancelled
T01294,2024-01-19 10:00:00,New York,Downtown,40.707877586698245,-74.06080362545457,12.691587810027123,completed
T01151,2024-01-19 10:00:00,San Francisco,Suburbs,37.75215242737013,-122.4791805999957,50.224297385472,completed
T00489,2024-01-19 10:00:00,New York,Suburbs,40.649653919487854,-74.03176172834945,29.517988311402917,completed
T01358,2024-01-19 10:00:00,New York,Suburbs,40.65826865012441,-74.01630292890313,36.00513428034499,completed
T03856,2024-01-19 10:00:00,New York,Airport,40.76103076569764,-74.00891305346897,55.14082064950049,completed
T04746,2024-01-19 11:00:00,London,Suburbs,51.43137980760004,-0.12306875771865046,41.15660056646783,completed
T02831,2024-01-19 11:00:00,New York,Suburbs,40.78670163775575,-74.0088690104708,12.046321687579102,no_driver
T04322,2024-01-19 11:00:00,San Francisco,Suburbs,37.67662626329072,-122.3873519654792,19.036119163873316,completed
T00231,2024-01-19 11:00:00,London,Downtown,51.551014802668526,-0.056666458387394925,29.320271724681728,completed
T04621,2024-01-19 11:00:00,San Francisco,Downtown,37.78200098306505,-122.3930908959121,16.864262115992606,completed
T03460,2024-01-19 12:00:00,London,Downtown,51.559609587621864,-0.16075321008696525,29.312961642361884,completed
T00984,2024-01-19 12:00:00,New York,Downtown,40.706739896631255,-74.01577189831404,15.04074098562203,completed
T02425,2024-01-19 12:00:00,New York,Airport,40.731015821129496,-73.96188953556853,59.58216629741247,completed
T01354,2024-01-19 12:00:00,San Francisco,Downtown,37.718691828981385,-122.48490526082928,36.16683575196775,no_driver
T02708,2024-01-19 12:00:00,San Francisco,Airport,37.71279240154793,-122.50214103521355,66.82354494856159,completed
T02056,2024-01-19 12:00:00,New York,Downtown,40.65003838982712,-73.94559262193675,51.15265691126452,completed
T03505,2024-01-19 12:00:00,San Francisco,Downtown,37.76911101942844,-122.44311250798792,67.41965358770453,no_driver
T04138,2024-01-19 12:00:00,London,Downtown,51.407283203977734,-0.14070293208875478,27.223317524622956,completed
T01710,2024-01-19 12:00:00,San Francisco,Downtown,37.78312954102296,-122.36974121320908,15.816228316243128,completed
T00094,2024-01-19 12:00:00,New York,Downtown,40.727856175502424,-74.003039657962,20.649560162445727,completed
T02575,2024-01-19 12:00:00,New York,Downtown,40.729940778831654,-74.04269012024216,22.941657648831598,completed
T01908,2024-01-19 13:00:00,New York,Downtown,40.64438217714852,-73.99707503995741,17.55513668977563,completed
T04091,2024-01-19 13:00:00,San Francisco,Downtown,37.821763352716395,-122.39465323816302,26.687923756217458,completed
T02520,2024-01-19 13:00:00,New York,Downtown,40.70723798945301,-74.008702090864,13.972986228523098,completed
T00527,2024-01-19 13:00:00,New York,Suburbs,40.813379965026286,-73.94609560182552,36.89881080734837,completed
T02819,2024-01-19 14:00:00,San Francisco,Downtown,37.79975638286781,-122.36889740830608,11.142662606762055,completed
T01631,2024-01-19 14:00:00,New York,Suburbs,40.67641524620979,-73.99187343264528,20.536151727310422,completed
T02234,2024-01-19 14:00:00,San Francisco,Downtown,37.70730824344798,-122.35517237051765,28.24977744397944,no_driver
T01907,2024-01-19 14:00:00,San Francisco,Downtown,37.70575746093841,-122.42682147093466,23.398738801404665,completed
T01663,2024-01-19 14:00:00,San Francisco,Downtown,37.8002274717501,-122.39491707807052,16.98142232422795,completed
T01818,2024-01-19 14:00:00,San Francisco,Suburbs,37.77639577125657,-122.3757963174656,17.602441586413907,completed
T00015,2024-01-19 14:00:00,San Francisco,Suburbs,37.78092062426289,-122.44470479887653,14.793710591429646,completed
T04676,2024-01-19 14:00:00,New York,Downtown,40.671412868964936,-74.01797055863638,45.21641450514112,completed
T03984,2024-01-19 14:00:00,New York,Airport,40.746717785495285,-73.95212017736878,54.44849317077925,completed
T01423,2024-01-19 14:00:00,New York,Airport,40.70180341480993,-73.9284138761032,29.656881503374635,completed
T00373,2024-01-19 15:00:00,New York,Suburbs,40.70276300195451,-74.0301096738868,12.625729201653465,completed
T04215,2024-01-19 15:00:00,New York,Downtown,40.715759191664915,-73.99146688080464,23.729119177054393,no_driver
T00595,2024-01-19 15:00:00,San Francisco,Suburbs,37.70283760087796,-122.44223954407244,8.60537636777547,cancelled
T03619,2024-01-19 15:00:00,San Francisco,Downtown,37.76934373734706,-122.39037448935724,17.96251189288082,completed
T00173,2024-01-19 15:00:00,New York,Airport,40.676963919766884,-73.97799565736979,27.003345936020132,completed
T03484,2024-01-19 15:00:00,New York,Suburbs,40.75330973030622,-74.03513775690023,34.32267184282231,completed
T03983,2024-01-19 16:00:00,London,Downtown,51.52526389568817,-0.12288427560272967,40.18196853748578,no_driver
T01074,2024-01-19 16:00:00,London,Downtown,51.42136974340426,-0.11713358493222742,19.914549018593146,completed
T01984,2024-01-19 16:00:00,San Francisco,Downtown,37.829422445039555,-122.41643209949548,12.649914136749885,completed
T00329,2024-01-19 16:00:00,San Francisco,Suburbs,37.826296214041385,-122.43007938122858,13.4664006614856,cancelled
T00481,2024-01-19 16:00:00,New York,Downtown,40.757961531056374,-74.0055842447386,18.731280412942873,completed
T03471,2024-01-19 16:00:00,San Francisco,Downtown,37.839517225568216,-122.38512852857959,25.99082207706251,completed
T02876,2024-01-19 16:00:00,San Francisco,Suburbs,37.75540141458391,-122.46233716435297,13.43409297915141,completed
T01658,2024-01-19 17:00:00,New York,Suburbs,40.77611689284495,-74.094572981307,15.14787301344593,completed
T02226,2024-01-19 17:00:00,San Francisco,Downtown,37.72692139063248,-122.39081293071001,15.422161494860303,completed
T03276,2024-01-19 17:00:00,London,Downtown,51.52405824529739,-0.07931534210007538,62.04461071763551,completed
T04518,2024-01-19 17:00:00,New York,Suburbs,40.73189975864518,-74.0586045135032,64.57191444115433,completed
T03152,2024-01-19 17:00:00,London,Downtown,51.470546573167226,-0.15489991860444965,20.993610412802358,completed
T02058,2024-01-19 17:00:00,New York,Downtown,40.828284182803216,-73.94911596566638,22.624638813338954,completed
T02884,2024-01-19 17:00:00,San Francisco,Downtown,37.80239928545494,-122.43288392721092,36.64656098492456,completed
T04529,2024-01-19 17:00:00,San Francisco,Downtown,37.746960766428565,-122.38769164788633,37.437351648918415,completed
T02657,2024-01-19 18:00:00,London,Downtown,51.49744334031391,-0.10866928250805663,20.71138537170172,cancelled
T01730,2024-01-19 18:00:00,New York,Downtown,40.70213507835266,-73.99125810595932,7.819120808412022,completed
T04581,2024-01-19 18:00:00,San Francisco,Suburbs,37.75198662437364,-122.45488990996886,33.07413455637355,completed
T04313,2024-01-19 18:00:00,San Francisco,Downtown,37.82835136976849,-122.41645682045696,7.685130878806269,completed
T02079,2024-01-19 18:00:00,New York,Downtown,40.67414429315582,-73.95998821461508,30.846171234530757,no_driver
T03091,2024-01-19 18:00:00,New York,Airport,40.64012893191309,-74.04289746433712,26.621536026393994,cancelled
T00312,2024-01-19 18:00:00,San Francisco,Downtown,37.73715146337156,-122.36562748088784,31.007685489835577,completed
T04410,2024-01-19 19:00:00,New York,Downtown,40.69204153259182,-74.02303282466423,17.12782451679853,completed
T03281,2024-01-19 19:00:00,New York,Suburbs,40.816447074866296,-73.99069546048923,14.319417257396006,completed
T02663,2024-01-19 20:00:00,New York,Downtown,40.65929728387973,-74.08413352223673,27.697366034206947,completed
T03419,2024-01-19 20:00:00,San Francisco,Downtown,37.80149593370471,-122.32089152281463,35.618121493680306,completed
T02373,2024-01-19 20:00:00,San Francisco,Suburbs,37.81468856961835,-122.38020999491528,10.33766741855822,completed
T01070,2024-01-19 20:00:00,New York,Suburbs,40.822950323138585,-74.01226034266635,21.587277739692702,completed
T04258,2024-01-19 21:00:00,London,Downtown,51.55001678415371,-0.1751918968979096,48.88418475665874,completed
T02087,2024-01-19 21:00:00,San Francisco,Downtown,37.766009360755135,-122.50427598395666,13.267656882598926,completed
T00943,2024-01-19 21:00:00,San Francisco,Suburbs,37.71980200480261,-122.46234824442026,25.187826563693978,completed
T04513,2024-01-19 21:00:00,San Francisco,Suburbs,37.83051994916313,-122.34195136452531,16.353714741867485,completed
T01662,2024-01-19 21:00:00,New York,Suburbs,40.56370340435783,-73.93482342356724,21.749999295499983,completed
T02922,2024-01-19 21:00:00,New York,Downtown,40.74499259596091,-74.05778547120757,24.584470475514962,completed
T04710,2024-01-19 21:00:00,New York,Suburbs,40.68448232426509,-74.00004520729757,24.170931197589343,completed
T00248,2024-01-19 22:00:00,San Francisco,Downtown,37.71708079051914,-122.53978274216733,18.398742396549146,cancelled
T02065,2024-01-19 23:00:00,San Francisco,Airport,37.72298510040649,-122.41221594434322,19.683508963211935,completed
T00361,2024-01-19 23:00:00,New York,Downtown,40.74100905034307,-73.97669597548435,29.57619060846334,completed
T04575,2024-01-19 23:00:00,New York,Downtown,40.77353023830791,-74.08007431548481,25.75858371004626,completed
T04378,2024-01-19 23:00:00,New York,Suburbs,40.70003714370238,-73.98355263166908,15.194733275386573,completed
T01250,2024-01-19 23:00:00,London,Downtown,51.60513505246038,-0.1183236380829657,18.65186744674737,completed
T04971,2024-01-19 23:00:00,San Francisco,Downtown,37.81097289813935,-122.43225319513131,26.57690180252493,completed
T02565,2024-01-19 23:00:00,London,Suburbs,51.46246250603759,-0.17211355754411267,9.401924859046556,completed
T02329,2024-01-19 23:00:00,New York,Downtown,40.70263438691675,-73.98637299956,25.019889575370232,completed
T00942,2024-01-20 00:00:00,New York,Downtown,40.796473792459985,-74.07966357198131,14.769231176450116,completed
T00362,2024-01-20 00:00:00,New York,Downtown,40.80040348997855,-74.04466899764715,12.472787329640774,completed
T00060,2024-01-20 00:00:00,New York,Airport,40.75847905408047,-74.08650858545302,11.115746637264285,completed
T04282,2024-01-20 00:00:00,New York,Downtown,40.77044354774448,-74.07152356208216,17.309915712067664,completed
T03966,2024-01-20 00:00:00,New York,Airport,40.7197344812431,-74.01496426689732,11.276032803220641,completed
T04878,2024-01-20 00:00:00,San Francisco,Airport,37.80860656150787,-122.41288726084277,20.824671270975053,completed
T04274,2024-01-20 00:00:00,San Francisco,Downtown,37.74823942732331,-122.47908535859068,45.124006948223894,completed
T03246,2024-01-20 01:00:00,New York,Airport,40.76806673447655,-73.96265388004956,26.476096691324127,completed
T00316,2024-01-20 01:00:00,New York,Suburbs,40.6809716489389,-74.00586056519991,26.976526804073643,completed
T02858,2024-01-20 01:00:00,New York,Downtown,40.719190926856434,-74.10623253320176,15.324124636889273,completed
T01684,2024-01-20 01:00:00,London,Downtown,51.52555603991675,-0.23003507924537547,13.058285119747286,cancelled
T03120,2024-01-20 01:00:00,San Francisco,Downtown,37.736945064206374,-122.4826496628917,14.203897771313654,completed
T03163,2024-01-20 01:00:00,London,Suburbs,51.44783138148137,-0.10372857983517517,30.055693626370346,completed
T03376,2024-01-20 02:00:00,San Francisco,Downtown,37.92641590732732,-122.41932820706596,19.41102200277308,completed
T00970,2024-01-20 02:00:00,San Francisco,Downtown,37.70763418094828,-122.42092547295704,19.071869438607337,completed
T04086,2024-01-20 02:00:00,New York,Suburbs,40.65832993006947,-74.04824749421793,27.69491506486071,completed
T01694,2024-01-20 02:00:00,New York,Suburbs,40.73006935904454,-74.03050549127148,54.006406177282706,completed
T01278,2024-01-20 03:00:00,New York,Downtown,40.74958004574968,-73.97635575847363,19.617205796425125,cancelled
T03600,2024-01-20 03:00:00,New York,Downtown,40.65742553996456,-73.99569600013164,21.085293686516042,completed
T01641,2024-01-20 03:00:00,New York,Downtown,40.72881827199162,-74.01161248246048,44.041121320002794,completed
T01361,2024-01-20 03:00:00,London,Downtown,51.59235685607504,-0.08575222238081565,8.12506986275255,completed
T04061,2024-01-20 03:00:00,London,Downtown,51.53810271551454,-0.13766570671418651,9.704005774778233,completed
T04656,2024-01-20 03:00:00,New York,Downtown,40.78651791144476,-73.89124779076234,17.564750707277945,completed
T03180,2024-01-20 03:00:00,New York,Downtown,40.6756319998351,-74.02128835080686,22.093926826715954,cancelled
T03084,2024-01-20 04:00:00,New York,Downtown,40.75173763928765,-73.94259423977819,19.313654011467094,cancelled
T04752,2024-01-20 04:00:00,New York,Downtown,40.70178319870322,-74.01730214384298,28.357353081219294,cancelled
T01147,2024-01-20 04:00:00,San Francisco,Downtown,37.81768257404226,-122.37175622984311,25.517852706932533,completed
T04179,2024-01-20 04:00:00,New York,Downtown,40.66755563629554,-73.98293021060515,14.562953115427495,completed
T04687,2024-01-20 04:00:00,San Francisco,Airport,37.89773918860121,-122.37979269863699,14.133960361142123,completed
T03845,2024-01-20 04:00:00,New York,Downtown,40.70678346436125,-73.96494747998986,11.656154109057887,completed
T02390,2024-01-20 05:00:00,San Francisco,Downtown,37.69703350018791,-122.54517735627982,22.28496903204953,completed
T02113,2024-01-20 05:00:00,New York,Downtown,40.62534735683675,-74.05804825490034,44.853535224657975,completed
T04390,2024-01-20 05:00:00,New York,Downtown,40.70518244950294,-74.0392553384565,36.32538835517262,completed
T00086,2024-01-20 05:00:00,San Francisco,Downtown,37.83366562150454,-122.44073896150456,22.403901022926892,completed
T02223,2024-01-20 05:00:00,San Francisco,Downtown,37.80830861440895,-122.39304583674554,18.794653111463255,completed
T01505,2024-01-20 05:00:00,New York,Downtown,40.73610256244353,-73.9731580758021,17.77331490576813,completed
T03887,2024-01-20 05:00:00,San Francisco,Downtown,37.76392688709896,-122.3977993586584,28.901602657685835,completed
T04830,2024-01-20 05:00:00,New York,Downtown,40.71509382400384,-73.96974833628045,36.950084292611976,completed
T01942,2024-01-20 05:00:00,New York,Downtown,40.63429704539378,-74.04444135326962,26.192040121708345,completed
T01293,2024-01-20 05:00:00,San Francisco,Downtown,37.7799623049412,-122.45830813673416,11.406278903189678,completed
T04066,2024-01-20 05:00:00,New York,Suburbs,40.65429894391164,-74.07056579409428,23.382195989242234,completed
T01958,2024-01-20 06:00:00,San Francisco,Airport,37.815305313997875,-122.44700790052747,17.825457301589182,completed
T01695,2024-01-20 06:00:00,New York,Downtown,40.7457752414678,-73.96868828522257,17.12481878451917,completed
T03021,2024-01-20 06:00:00,San Francisco,Downtown,37.77269021325223,-122.44557104311215,20.213517450452695,completed
T04826,2024-01-20 06:00:00,San Francisco,Downtown,37.83671937188294,-122.31569300046591,19.624223740373342,completed
T02089,2024-01-20 07:00:00,London,Downtown,51.509393963282335,-0.14425346968270975,20.381188979731494,completed
T01014,2024-01-20 07:00:00,London,Downtown,51.506155432052054,-0.19646441612338272,25.188805933793724,completed
T02360,2024-01-20 07:00:00,London,Suburbs,51.60304147880575,-0.2121879349431132,26.693955340086795,completed
T03705,2024-01-20 07:00:00,New York,Downtown,40.69703875344342,-74.06518202225664,23.182412110751976,completed
T01108,2024-01-20 07:00:00,New York,Downtown,40.725491223356705,-74.02368833571286,31.49168708314299,completed
T01497,2024-01-20 08:00:00,New York,Downtown,40.73927359940447,-74.02088253771879,23.202929709713164,completed
T02758,2024-01-20 08:00:00,San Francisco,Airport,37.73472521832022,-122.34007781597143,25.873103589740055,completed
T00121,2024-01-20 08:00:00,New York,Suburbs,40.579240085795824,-74.0449808115621,24.803522576017826,completed
T03463,2024-01-20 08:00:00,New York,Downtown,40.764423414156674,-74.01363145379146,30.668091908603255,completed
T01960,2024-01-20 08:00:00,San Francisco,Downtown,37.80377080457934,-122.44990983448359,12.367289274089435,cancelled
T01191,2024-01-20 08:00:00,New York,Suburbs,40.6672863138756,-73.93159352654388,22.816135459373726,completed
T04484,2024-01-20 08:00:00,New York,Downtown,40.687240368261456,-73.99737328968288,36.869597430354645,completed
T02625,2024-01-20 08:00:00,New York,Airport,40.62212842209132,-74.02807113617054,21.233748280731728,completed
T04554,2024-01-20 08:00:00,New York,Downtown,40.81120995661771,-74.03481504133529,18.006763592654593,completed
T03884,2024-01-20 08:00:00,New York,Downtown,40.683333037095586,-73.97478402998877,14.923504155239243,completed
T01061,2024-01-20 08:00:00,New York,Downtown,40.70902855819442,-74.00163044820094,10.990758972278453,completed
T02342,2024-01-20 09:00:00,San Francisco,Downtown,37.72828784637536,-122.49957246379469,69.75661880409088,completed
T03147,2024-01-20 09:00:00,New York,Downtown,40.7025995924548,-74.07979283258469,15.986798161001055,completed
T00095,2024-01-20 09:00:00,London,Suburbs,51.47308829992978,-0.12314203095446952,42.95930645192126,completed
T04543,2024-01-20 09:00:00,New York,Downtown,40.655525734205,-73.92571136353037,70.87129910412582,completed
T01364,2024-01-20 09:00:00,New York,Downtown,40.62866790429974,-74.00523190991977,31.5881850158101,completed
T03594,2024-01-20 09:00:00,San Francisco,Suburbs,37.74420497687452,-122.36490656115392,24.705495958025192,no_driver
T00563,2024-01-20 09:00:00,New York,Suburbs,40.68779163778601,-73.92928774735388,26.177701867051283,completed
T01100,2024-01-20 09:00:00,New York,Airport,40.66971926343103,-73.97715350297831,71.09984508798364,completed
T03942,2024-01-20 10:00:00,London,Downtown,51.47170061431013,-0.12269011656556528,12.60055701449267,no_driver
T02595,2024-01-20 10:00:00,New York,Airport,40.74067595361266,-73.92700481981487,22.665369953639757,completed
T03729,2024-01-20 10:00:00,New York,Downtown,40.84040735502919,-73.99386744946804,7.729668440293473,cancelled
T02282,2024-01-20 10:00:00,New York,Downtown,40.74409794691241,-73.99103601603026,15.369133961647186,completed
T02188,2024-01-20 10:00:00,London,Downtown,51.539995954763704,-0.1782055267916945,21.05458657182675,completed
T04849,2024-01-20 10:00:00,London,Downtown,51.46453925735932,-0.16006625006717518,10.81341693589717,completed
T01943,2024-01-20 10:00:00,San Francisco,Airport,37.7460540866582,-122.40438570917912,10.866575054463627,completed
T03053,2024-01-20 11:00:00,London,Downtown,51.45632840206705,-0.15332959792287904,12.70470088526347,completed
T01137,2024-01-20 11:00:00,San Francisco,Downtown,37.76643285994792,-122.35756469288745,38.07839628714766,completed
T04723,2024-01-20 11:00:00,New York,Downtown,40.72439778858032,-73.99919514936855,21.21461497085014,completed
T03414,2024-01-20 11:00:00,London,Downtown,51.566863012808895,-0.09451704679848741,13.365484788041968,completed
T03843,2024-01-20 11:00:00,San Francisco,Suburbs,37.797140547919426,-122.485402669368,11.016952469934699,completed
T00069,2024-01-20 11:00:00,New York,Suburbs,40.72472855461445,-73.9901065177412,62.02238110824605,completed
T04248,2024-01-20 11:00:00,San Francisco,Downtown,37.76264229079386,-122.518079836581,26.99476181922659,cancelled
T02354,2024-01-20 12:00:00,New York,Downtown,40.74118509702843,-73.97265646384812,10.247955964724305,completed
T02946,2024-01-20 12:00:00,San Francisco,Suburbs,37.88635331361949,-122.35720981482484,9.267573943474975,completed
T04565,2024-01-20 12:00:00,London,Downtown,51.47427083533864,-0.13489243690397457,15.979708509683663,completed
T00264,2024-01-20 12:00:00,New York,Suburbs,40.70824303786877,-74.00950072194034,10.72374658665452,completed
T03743,2024-01-20 13:00:00,New York,Downtown,40.738419798353696,-73.91437675911263,31.86411005423443,completed
T00910,2024-01-20 13:00:00,New York,Suburbs,40.65512225842656,-73.94762752096915,17.193827234775664,completed
T00355,2024-01-20 13:00:00,New York,Airport,40.76983727308877,-73.97967203910413,23.895285225343102,completed
T03137,2024-01-20 13:00:00,San Francisco,Airport,37.739916636585754,-122.47414774966374,18.509917393311,completed
T03257,2024-01-20 13:00:00,New York,Downtown,40.70452307996237,-74.02900319446609,49.63123960938219,completed
T01537,2024-01-20 13:00:00,London,Downtown,51.47995221104243,-0.06960981385135735,30.403667967788163,completed
T00907,2024-01-20 13:00:00,San Francisco,Downtown,37.816964839964854,-122.37951453491361,54.243366651510804,completed
T02653,2024-01-20 13:00:00,New York,Suburbs,40.722749545607606,-74.06392473774045,25.34683355488206,completed
T00165,2024-01-20 13:00:00,New York,Downtown,40.73215273323151,-74.03685835169689,14.245819102376853,completed
T04159,2024-01-20 14:00:00,San Francisco,Downtown,37.748229369837986,-122.39809427739117,6.906148526429438,completed
T02276,2024-01-20 14:00:00,London,Suburbs,51.40386288176355,-0.09526389429512644,9.183956483341587,completed
T04726,2024-01-20 14:00:00,San Francisco,Suburbs,37.75058972933942,-122.40662873528969,24.4832757207122,completed
T04194,2024-01-20 14:00:00,San Francisco,Downtown,37.72057458592031,-122.45881503675226,9.792317192581061,completed
T03073,2024-01-20 14:00:00,New York,Downtown,40.72534308796862,-74.00590478001794,20.425083371910873,completed
T00198,2024-01-20 14:00:00,San Francisco,Suburbs,37.789201621174655,-122.39893752736398,8.356526492622065,no_driver
T00072,2024-01-20 14:00:00,New York,Downtown,40.84890000467293,-74.0420391698731,22.075385464784276,completed
T00895,2024-01-20 15:00:00,San Francisco,Downtown,37.658615611990705,-122.40830234606155,52.19787866150504,completed
T03335,2024-01-20 15:00:00,New York,Downtown,40.71844242047175,-74.01397792534117,20.8924810915872,completed
T01536,2024-01-20 15:00:00,New York,Suburbs,40.69775442545977,-74.02739551526028,38.8193207477656,completed
T00230,2024-01-20 15:00:00,London,Airport,51.43864167551979,-0.0868635581990213,8.861611243331016,completed
T00952,2024-01-20 15:00:00,San Francisco,Downtown,37.82672522587818,-122.38182132472255,39.908576351543374,completed
T00849,2024-01-20 15:00:00,San Francisco,Suburbs,37.7692300075439,-122.421530210081,23.75991321867663,completed
T04545,2024-01-20 15:00:00,London,Downtown,51.47323353330861,-0.15348260262848037,6.465557108097217,completed
T02732,2024-01-20 15:00:00,New York,Downtown,40.68977489406079,-74.00054996384189,33.92153740377815,completed
T01911,2024-01-20 15:00:00,London,Downtown,51.4892130709365,-0.11230010683242558,11.348867430189198,completed
T04618,2024-01-20 16:00:00,New York,Downtown,40.576984520142354,-74.06532973105433,17.315083592421132,completed
T03114,2024-01-20 16:00:00,London,Downtown,51.54342969464381,-0.11247088416378032,19.062179726796387,completed
T03059,2024-01-20 16:00:00,New York,Downtown,40.7158230505727,-74.04926961308644,14.192583044054425,completed
T03319,2024-01-20 16:00:00,New York,Downtown,40.83754490397968,-74.05409248293077,18.030631493777097,completed
T00933,2024-01-20 16:00:00,New York,Downtown,40.68403330905735,-73.95167695592232,7.263855073392861,completed
T04867,2024-01-20 16:00:00,New York,Downtown,40.665052826012186,-74.02876319028678,29.374791331323664,completed
T01763,2024-01-20 16:00:00,New York,Downtown,40.77852060449805,-74.06904765698434,7.961641103200645,cancelled
T04172,2024-01-20 17:00:00,New York,Downtown,40.742312975768634,-74.02380430028306,23.805732736602035,completed
T03144,2024-01-20 17:00:00,New York,Downtown,40.74471979087998,-73.98030990289415,16.825599548337124,completed
T03275,2024-01-20 17:00:00,London,Downtown,51.404971571090805,-0.1261423347767392,19.761255385256515,cancelled
T02684,2024-01-20 17:00:00,New York,Downtown,40.69630064895922,-74.02392798007654,19.32401367112117,completed
T00432,2024-01-20 17:00:00,New York,Suburbs,40.66041413104889,-74.03311791076564,21.510762312521134,completed
T01241,2024-01-20 18:00:00,San Francisco,Airport,37.64842501860128,-122.3976909789817,20.861365855904133,completed
T04191,2024-01-20 18:00:00,San Francisco,Downtown,37.75330942680719,-122.47896476452945,27.24668687856653,completed
T04431,2024-01-20 18:00:00,New York,Suburbs,40.77384012988701,-74.08391471609964,14.280729152658466,cancelled
T02039,2024-01-20 18:00:00,New York,Suburbs,40.73685675265844,-74.01938224171853,14.807041641480312,completed
T01050,2024-01-20 18:00:00,London,Downtown,51.49180423721837,-0.03821499701725059,30.836351121955786,no_driver
T00319,2024-01-20 18:00:00,New York,Suburbs,40.75254694644878,-74.02728046693674,17.032596233058158,completed
T03202,2024-01-20 18:00:00,New York,Airport,40.744083120166806,-74.00879041017178,18.807426604791758,completed
T04734,2024-01-20 18:00:00,New York,Downtown,40.628930369746385,-74.0460968270778,35.286373074376854,completed
T01136,2024-01-20 19:00:00,New York,Downtown,40.72717461801144,-74.05200484860971,9.307370012740158,completed
T01159,2024-01-20 19:00:00,New York,Downtown,40.78519146660855,-73.9557147653649,31.67438741007677,completed
T03049,2024-01-20 19:00:00,San Francisco,Downtown,37.75740552880342,-122.41466772967847,12.784033905534288,completed
T02981,2024-01-20 19:00:00,San Francisco,Airport,37.80174685464185,-122.43614251308955,46.90244423128292,completed
T00414,2024-01-20 19:00:00,London,Downtown,51.550723151010864,-0.09044309061057598,14.224340133454534,completed
T04441,2024-01-20 19:00:00,New York,Suburbs,40.59977624934204,-73.96939880001653,40.58342058497259,completed
T00505,2024-01-20 19:00:00,New York,Downtown,40.67666597310428,-73.95022135675907,9.816945646625525,completed
T03400,2024-01-20 19:00:00,New York,Downtown,40.67832591365883,-73.98295746368409,31.40608888312533,completed
T03633,2024-01-20 20:00:00,London,Downtown,51.462960548011395,-0.07079793566250353,15.540361517948257,completed
T04161,2024-01-20 20:00:00,San Francisco,Suburbs,37.81158338892895,-122.36336454761371,26.404891080148502,completed
T02142,2024-01-20 20:00:00,San Francisco,Downtown,37.775930899258626,-122.4743209640578,24.706647791219975,completed
T02804,2024-01-20 20:00:00,London,Downtown,51.5757452846485,-0.14388411842582388,10.374009570603253,no_driver
T01916,2024-01-20 20:00:00,New York,Airport,40.74500241082109,-74.00071299037417,17.149988756777145,completed
T04822,2024-01-20 21:00:00,New York,Downtown,40.704160910522035,-74.00855485297038,47.703301968682695,completed
T03893,2024-01-20 21:00:00,New York,Airport,40.77033114343369,-74.10966409188607,8.394668431002952,completed
T00168,2024-01-20 21:00:00,New York,Suburbs,40.76689838708401,-73.93793283388615,39.39203168979047,completed
T02496,2024-01-20 21:00:00,New York,Downtown,40.705948529226724,-73.98586534111558,38.36750762282081,cancelled
T03975,2024-01-20 21:00:00,San Francisco,Downtown,37.78368371660197,-122.32639791095703,10.650400494306155,no_driver
T04766,2024-01-20 21:00:00,London,Downtown,51.53277651284724,-0.1177379608207331,17.062813559092444,no_driver
T00693,2024-01-20 21:00:00,San Francisco,Downtown,37.777159783955206,-122.43923187260646,20.87792518661371,completed
T04668,2024-01-20 21:00:00,New York,Downtown,40.61002359891026,-73.99455259173551,15.87319723930744,completed
T04576,2024-01-20 22:00:00,New York,Airport,40.774905005752046,-73.92736408659503,10.455287511519973,completed
T00193,2024-01-20 22:00:00,New York,Suburbs,40.62523766880921,-74.04498951433705,43.58393416555803,completed
T02525,2024-01-20 22:00:00,London,Suburbs,51.499362195204576,-0.10956845230181007,22.58946086774204,completed
T04131,2024-01-20 22:00:00,New York,Suburbs,40.77517054563192,-73.94605738708759,30.223768832742692,completed
T00583,2024-01-20 23:00:00,New York,Downtown,40.71005744505773,-74.04287081389573,25.21911212590341,completed
T02484,2024-01-20 23:00:00,London,Suburbs,51.45150353089323,-0.1432196700567176,32.166256220466096,completed
T02810,2024-01-20 23:00:00,San Francisco,Downtown,37.8943039187255,-122.43110853613899,9.075507149965278,completed
T04374,2024-01-20 23:00:00,New York,Downtown,40.70172333489554,-74.03875293558075,22.817999029549114,completed
T00254,2024-01-20 23:00:00,New York,Suburbs,40.740631507939156,-73.9400431567279,53.55465526835383,completed
T04789,2024-01-21 00:00:00,San Francisco,Downtown,37.7312265905168,-122.38316584461852,17.00257423688688,completed
T01873,2024-01-21 00:00:00,New York,Downtown,40.72812620216606,-74.07712307036608,10.097938322038917,cancelled
T04124,2024-01-21 00:00:00,San Francisco,Downtown,37.76171595271018,-122.42829999406045,22.568846141387084,completed
T00740,2024-01-21 00:00:00,New York,Downtown,40.71535557516988,-73.95955422630723,22.701792034537043,completed
T02765,2024-01-21 00:00:00,London,Suburbs,51.54864030116595,-0.12671796481521533,13.81028531720797,completed
T00776,2024-01-21 00:00:00,San Francisco,Suburbs,37.735852557913375,-122.44487036554204,12.03855082234362,completed
T04963,2024-01-21 00:00:00,San Francisco,Downtown,37.80037416470801,-122.40042028761924,16.813023650014912,completed
T00964,2024-01-21 00:00:00,New York,Suburbs,40.66053106084606,-74.0168075864506,12.819640978235913,completed
T00058,2024-01-21 00:00:00,New York,Downtown,40.740958961343686,-74.09639457062572,35.67043614575451,completed
T01138,2024-01-21 00:00:00,New York,Downtown,40.73036652872138,-73.9789179599118,46.795601765937676,completed
T01094,2024-01-21 00:00:00,New York,Suburbs,40.697869326026286,-74.02377745081785,8.08163064178181,completed
T01430,2024-01-21 00:00:00,New York,Downtown,40.722847997516716,-74.02852999183274,18.264679930239183,completed
T00816,2024-01-21 01:00:00,New York,Downtown,40.692018941001606,-74.09172212377692,36.86899554261042,completed
T00780,2024-01-21 01:00:00,London,Downtown,51.516827940171076,-0.12407805149783273,13.109032222211003,completed
T03981,2024-01-21 01:00:00,New York,Suburbs,40.72943652455453,-73.90676899295985,24.24999311533427,completed
T02092,2024-01-21 01:00:00,New York,Downtown,40.67365811354103,-74.08949177399454,6.644197872452323,completed
T00686,2024-01-21 01:00:00,New York,Downtown,40.73775186476346,-74.05858314078182,11.68037853939401,completed
T01353,2024-01-21 01:00:00,New York,Suburbs,40.71560654533066,-74.06786607630899,26.204861756121392,completed
T02269,2024-01-21 02:00:00,New York,Downtown,40.63505759345249,-74.0858192669118,18.93996971297892,completed
T00913,2024-01-21 02:00:00,London,Suburbs,51.54527022698317,-0.1467265145316189,13.385123824991124,completed
T02055,2024-01-21 02:00:00,London,Downtown,51.45423925756174,-0.12963891253379187,23.0700885844212,completed
T03170,2024-01-21 02:00:00,New York,Downtown,40.65918810967425,-74.0201438934305,68.39050430670818,completed
T04326,2024-01-21 03:00:00,San Francisco,Downtown,37.813036402268736,-122.52744522955918,25.23641490007337,completed
T04862,2024-01-21 03:00:00,San Francisco,Downtown,37.73126519838793,-122.38320177667123,26.40067114078284,completed
T02778,2024-01-21 04:00:00,London,Airport,51.54947699431453,-0.08507894729119239,34.24439384431198,completed
T04222,2024-01-21 04:00:00,New York,Downtown,40.7839971690382,-73.97962324608244,31.974724992104445,completed
T02864,2024-01-21 04:00:00,New York,Suburbs,40.78489365829777,-73.89814590988973,16.88211349999546,completed
T03409,2024-01-21 04:00:00,San Francisco,Suburbs,37.70763457989566,-122.47985102619268,22.227464443313686,completed
T01275,2024-01-21 05:00:00,New York,Downtown,40.68892027584299,-74.00023478797509,18.872551388412248,completed
T00170,2024-01-21 05:00:00,San Francisco,Downtown,37.7390740604266,-122.43635886541412,48.268773525842164,completed
T01015,2024-01-21 05:00:00,San Francisco,Downtown,37.78645244993014,-122.3884231895607,13.215933531556978,completed
T00974,2024-01-21 05:00:00,London,Suburbs,51.57829947413839,-0.10867089375709914,19.15088036392693,completed
T00330,2024-01-21 05:00:00,New York,Downtown,40.707011858213704,-74.0111078238149,13.446792170885297,completed
T01309,2024-01-21 05:00:00,New York,Airport,40.69734829871477,-73.96746312511237,17.479535029729583,completed
T01155,2024-01-21 06:00:00,San Francisco,Downtown,37.81392207990668,-122.42050466259057,23.5279723048888,completed
T00294,2024-01-21 06:00:00,San Francisco,Downtown,37.778536974252006,-122.42993769951372,40.304046509353164,completed
T01855,2024-01-21 06:00:00,London,Downtown,51.48965491101417,-0.14394719413723017,6.8909901323184455,completed
T00875,2024-01-21 06:00:00,New York,Airport,40.73457199633655,-74.05180326916175,27.255811267181002,completed
T01665,2024-01-21 06:00:00,San Francisco,Suburbs,37.77747020242949,-122.36338384699013,18.718588004618383,completed
T03443,2024-01-21 06:00:00,London,Suburbs,51.504819660879235,-0.19335869763278088,16.001001213947234,cancelled
T04683,2024-01-21 06:00:00,San Francisco,Suburbs,37.75313479810612,-122.48658305843725,8.293646260434825,completed
T02303,2024-01-21 06:00:00,London,Downtown,51.54135425123953,-0.2048753797458334,30.663712765052846,completed
T00578,2024-01-21 07:00:00,London,Downtown,51.5717052013901,-0.12624988635296114,16.791613012154684,completed
T00927,2024-01-21 07:00:00,London,Suburbs,51.51946483491652,-0.11300807842524092,20.56475159753525,no_driver
T04252,2024-01-21 07:00:00,New York,Airport,40.710481098652316,-74.03283143488035,13.337597379664837,completed
T00888,2024-01-21 07:00:00,London,Downtown,51.490183233708116,-0.17696430524215204,18.97862230003024,completed
T00702,2024-01-21 07:00:00,San Francisco,Suburbs,37.75693541895863,-122.39654203731119,35.02282481911193,completed
T00727,2024-01-21 07:00:00,New York,Suburbs,40.75029649182374,-73.9239974479926,15.655929507418785,completed
T02920,2024-01-21 07:00:00,San Francisco,Downtown,37.72371202139166,-122.41482269630022,24.388830904992027,completed
T01026,2024-01-21 07:00:00,London,Downtown,51.57495466281413,-0.11046935082141118,51.686145323645015,completed
T03125,2024-01-21 07:00:00,New York,Downtown,40.634608475770214,-74.01664495394739,15.725812679059196,completed
T00006,2024-01-21 07:00:00,New York,Downtown,40.66794452989806,-73.94443882385097,34.54341131863258,completed
T02429,2024-01-21 07:00:00,San Francisco,Downtown,37.782097564643855,-122.45492809314021,16.20860375136492,cancelled
T03916,2024-01-21 08:00:00,London,Downtown,51.51043455515666,-0.09638981259969631,32.82673924428953,completed
T01129,2024-01-21 08:00:00,New York,Suburbs,40.68136850329928,-73.95530903815893,43.569354033707384,completed
T04612,2024-01-21 08:00:00,San Francisco,Downtown,37.70386072207589,-122.41733054053815,13.81657772214101,completed
T03392,2024-01-21 08:00:00,New York,Suburbs,40.73437162098575,-73.95570393238444,47.54029454411591,completed
T04721,2024-01-21 08:00:00,London,Downtown,51.49100755263396,-0.05252340749042675,37.2613800140038,completed
T02340,2024-01-21 08:00:00,New York,Airport,40.72642262234288,-73.94512113590595,8.645092225619493,completed
T01503,2024-01-21 08:00:00,New York,Suburbs,40.617906392203096,-74.01300806327744,18.788951823115095,completed
T03450,2024-01-21 08:00:00,London,Downtown,51.55929761158131,-0.05048287430299761,19.717806463296526,completed
T00261,2024-01-21 08:00:00,San Francisco,Suburbs,37.745292001671444,-122.37786245944335,49.863651676325915,completed
T03795,2024-01-21 08:00:00,San Francisco,Downtown,37.72225462937655,-122.42120269966817,41.393683017919834,completed
T00142,2024-01-21 08:00:00,New York,Downtown,40.610293162400964,-74.08644524334723,18.436402509843255,completed
T01955,2024-01-21 08:00:00,San Francisco,Suburbs,37.72559761648282,-122.3936901970889,12.192804329390134,completed
T00736,2024-01-21 09:00:00,London,Suburbs,51.56982235673794,-0.17079439763681348,37.7995133090693,completed
T03229,2024-01-21 09:00:00,New York,Downtown,40.670725139858014,-73.99213719377855,9.265541107418986,completed
T04608,2024-01-21 09:00:00,New York,Airport,40.68005251480982,-74.02319428748737,27.154677330496288,completed
T00559,2024-01-21 09:00:00,New York,Downtown,40.62786008114639,-73.93127409260416,34.43437923657129,completed
T02835,2024-01-21 09:00:00,New York,Suburbs,40.76740101077178,-73.9296517909543,37.230172892953036,completed
T00805,2024-01-21 09:00:00,New York,Downtown,40.75331790625455,-74.03484879718195,12.419759605240031,completed
T04626,2024-01-21 09:00:00,London,Suburbs,51.41154235290613,-0.1330944893088697,15.533749107440034,completed
T01248,2024-01-21 09:00:00,San Francisco,Suburbs,37.79707932211325,-122.42641032593457,27.65639347693748,completed
T01231,2024-01-21 09:00:00,San Francisco,Airport,37.908071368873834,-122.35804228375646,19.065057905132754,completed
T02579,2024-01-21 10:00:00,San Francisco,Downtown,37.84421950606589,-122.33722779458991,40.49428575922483,completed
T03799,2024-01-21 10:00:00,San Francisco,Suburbs,37.73441884411874,-122.45512165581434,16.78402683101155,completed
T01604,2024-01-21 10:00:00,London,Downtown,51.46951555072017,-0.157463917557696,32.50171617228407,completed
T00969,2024-01-21 10:00:00,New York,Downtown,40.73523582055174,-73.96723729709352,24.526089974837944,completed
T04764,2024-01-21 10:00:00,San Francisco,Downtown,37.78192207636718,-122.45512652428555,13.14951322352364,completed
T04412,2024-01-21 10:00:00,San Francisco,Airport,37.81863849950645,-122.39171295397406,11.677579430263219,completed
T04558,2024-01-21 10:00:00,London,Airport,51.42614916001854,-0.10177769870298616,26.207825774252953,cancelled
T02917,2024-01-21 11:00:00,New York,Downtown,40.62034680021377,-73.96043626473359,8.55044320637661,completed
T02741,2024-01-21 11:00:00,San Francisco,Airport,37.802815424806326,-122.39994079802929,54.51390639197356,completed
T04126,2024-01-21 11:00:00,San Francisco,Downtown,37.780697737524,-122.412488532781,33.09467522746767,completed
T01242,2024-01-21 11:00:00,New York,Downtown,40.68233907051755,-73.93185088296615,18.8750792897132,completed
T03564,2024-01-21 11:00:00,San Francisco,Downtown,37.80205309399265,-122.43976410750278,23.69169794910443,completed
T03146,2024-01-21 11:00:00,New York,Downtown,40.76161006103426,-74.03838419214304,17.580792165229898,completed
T01696,2024-01-21 12:00:00,San Francisco,Downtown,37.78328516834875,-122.38802510116403,12.88247700972564,completed
T02440,2024-01-21 12:00:00,London,Downtown,51.54884862203869,-0.1547503867934897,17.498289585008244,completed
T00551,2024-01-21 12:00:00,London,Downtown,51.47397314703193,-0.1709057864212254,27.422833551598128,completed
T02358,2024-01-21 12:00:00,London,Downtown,51.50074165229438,-0.07322193634921706,15.002731519154205,completed
T03978,2024-01-21 12:00:00,San Francisco,Downtown,37.662349487207265,-122.31531194072159,21.439762336662806,completed
T01422,2024-01-21 12:00:00,New York,Downtown,40.6038862443813,-73.9097602702867,26.85100768827688,completed
T04296,2024-01-21 13:00:00,New York,Airport,40.70982786714227,-74.07806133186989,17.600419439014477,completed
T04171,2024-01-21 13:00:00,New York,Downtown,40.76043537876288,-73.92850215732352,17.485399582711274,completed
T00799,2024-01-21 13:00:00,San Francisco,Downtown,37.708596837688326,-122.42276528425158,46.584585248919254,completed
T00137,2024-01-21 13:00:00,New York,Suburbs,40.73310763563272,-73.97851249523886,29.68086801269937,completed
T00292,2024-01-21 13:00:00,New York,Downtown,40.64684877325753,-73.97661409689226,10.086488461237604,completed
T04690,2024-01-21 13:00:00,New York,Downtown,40.6285553023927,-74.09786689766712,22.128255254860637,completed
T03502,2024-01-21 13:00:00,New York,Downtown,40.763026108739545,-73.98512511372712,9.535316331809907,completed
T00594,2024-01-21 13:00:00,London,Downtown,51.61875564447507,-0.16681137913325073,12.979989467807313,completed
T01857,2024-01-21 14:00:00,San Francisco,Downtown,37.78690120874428,-122.39881499812765,48.85622456223446,no_driver
T04699,2024-01-21 14:00:00,London,Downtown,51.55009650891534,-0.123392872582735,35.50244586670702,completed
T04337,2024-01-21 14:00:00,San Francisco,Downtown,37.849920386509766,-122.35608226214477,57.422455396169326,completed
T04144,2024-01-21 14:00:00,London,Downtown,51.54711668465332,-0.13365333387502085,17.843484286636556,no_driver
T04226,2024-01-21 15:00:00,San Francisco,Downtown,37.786212647007474,-122.47430865420782,31.36905693426638,completed
T00366,2024-01-21 15:00:00,San Francisco,Airport,37.744455134045815,-122.45151436075773,26.36048735582129,completed
T01629,2024-01-21 15:00:00,New York,Downtown,40.71409280234366,-74.0469790303207,28.542570957306328,completed
T00167,2024-01-21 15:00:00,San Francisco,Downtown,37.77989247716948,-122.42944027475215,31.42060548509392,completed
T01173,2024-01-21 15:00:00,New York,Downtown,40.743416243709945,-73.99319507901073,33.46200790397237,completed
T02400,2024-01-21 15:00:00,San Francisco,Downtown,37.665114109669595,-122.401397359892,31.98009924133376,completed
T01800,2024-01-21 15:00:00,New York,Downtown,40.75968249130985,-74.01673940763321,10.059849200723274,no_driver
T01395,2024-01-21 15:00:00,London,Downtown,51.500515189565135,-0.13734092868762235,38.78990741728978,completed
T01207,2024-01-21 15:00:00,London,Downtown,51.415856140343884,-0.08899634591375433,12.970635757931083,completed
T00869,2024-01-21 15:00:00,New York,Downtown,40.608339102483605,-74.05066264517951,62.50306566732252,completed
T03642,2024-01-21 15:00:00,San Francisco,Airport,37.75406089733951,-122.53159617535363,12.58997048738188,completed
T00320,2024-01-21 15:00:00,New York,Downtown,40.65208758548717,-73.95314714158549,46.38112588686259,completed
T04856,2024-01-21 16:00:00,New York,Downtown,40.708736245647394,-74.03718015300865,22.87834190796232,completed
T04079,2024-01-21 17:00:00,San Francisco,Suburbs,37.765469044858534,-122.41816513248492,17.033298260737038,completed
T04415,2024-01-21 17:00:00,San Francisco,Airport,37.73371856601124,-122.48893710538998,23.51084103500652,completed
T04587,2024-01-21 17:00:00,New York,Downtown,40.692401914046535,-74.02358524732745,22.782862967720583,completed
T01021,2024-01-21 17:00:00,New York,Suburbs,40.69705713418801,-74.01690265248648,15.201767593082307,completed
T01185,2024-01-21 17:00:00,New York,Downtown,40.66927345670797,-73.94253960231391,15.359094786538412,completed
T02383,2024-01-21 17:00:00,San Francisco,Downtown,37.7662468083416,-122.48922784187012,42.759209377185854,completed
T03974,2024-01-21 17:00:00,New York,Suburbs,40.68213777609554,-73.99353626697214,39.27851853054092,completed
T00779,2024-01-21 17:00:00,London,Suburbs,51.5882583356581,-0.05182709600804049,33.22960873726339,completed
T00781,2024-01-21 18:00:00,London,Downtown,51.51440084554376,-0.10257311451170978,19.3944607796806,completed
T03763,2024-01-21 18:00:00,New York,Downtown,40.59048114600044,-73.965897634557,7.21442630810591,completed
T00005,2024-01-21 18:00:00,London,Airport,51.48093399394962,-0.12320192788707403,25.7153603069765,completed
T04879,2024-01-21 18:00:00,San Francisco,Downtown,37.830461445733626,-122.38834608782572,18.440872170199896,completed
T03907,2024-01-21 18:00:00,New York,Suburbs,40.71073530693478,-73.94597344512451,33.90458828673661,completed
T04423,2024-01-21 19:00:00,New York,Downtown,40.684316937599064,-74.08995974712481,23.54703668248998,completed
T04765,2024-01-21 19:00:00,New York,Downtown,40.72960284455258,-74.01241484927412,20.179308803222582,completed
T00180,2024-01-21 19:00:00,New York,Suburbs,40.80695689818932,-74.17511071813959,19.078129775862507,completed
T00271,2024-01-21 19:00:00,New York,Airport,40.67382348598938,-74.09098974663785,34.52151843547867,completed
T04818,2024-01-21 19:00:00,London,Suburbs,51.54228540573185,-0.0944801588269846,39.95623038048661,completed
T04975,2024-01-21 19:00:00,San Francisco,Downtown,37.75344872240199,-122.4193693238972,38.25853209584993,completed
T02327,2024-01-21 19:00:00,New York,Downtown,40.68620250121638,-74.09169477738513,20.003914747047517,completed
T02445,2024-01-21 20:00:00,San Francisco,Downtown,37.77414767557074,-122.4376651785452,14.038036336579168,cancelled
T01742,2024-01-21 20:00:00,New York,Suburbs,40.733158464071764,-74.04783037851554,21.24341989157034,completed
T00234,2024-01-21 20:00:00,London,Downtown,51.470552037159415,-0.1292641128074009,15.618880105487431,completed
T03135,2024-01-21 20:00:00,San Francisco,Downtown,37.798971848097345,-122.37522969080116,30.753510780846753,completed
T00906,2024-01-21 21:00:00,London,Downtown,51.49299021968115,-0.11761938978038879,51.764484062249956,completed
T04187,2024-01-21 21:00:00,New York,Suburbs,40.673889406980386,-73.98110218014736,22.559632864110565,completed
T03704,2024-01-21 21:00:00,New York,Downtown,40.671314245842595,-74.03160653675238,7.291465239261736,completed
T04702,2024-01-21 22:00:00,New York,Downtown,40.69748223397281,-73.97248113378551,23.46158115690566,completed
T02651,2024-01-21 22:00:00,New York,Downtown,40.69453690807905,-74.0548955575195,18.25992916637839,completed
T02932,2024-01-21 22:00:00,New York,Downtown,40.752673337023715,-74.00919183233147,20.90254018914053,completed
T04115,2024-01-21 22:00:00,San Francisco,Downtown,37.789772957406306,-122.46235849304075,11.696229480737165,completed
T02471,2024-01-21 23:00:00,New York,Downtown,40.66691309591772,-73.93379771352404,15.07357420364988,completed
T01671,2024-01-21 23:00:00,New York,Downtown,40.688530280445306,-74.02630599992497,16.519656886890814,completed
T02873,2024-01-21 23:00:00,San Francisco,Suburbs,37.901336116246185,-122.4223425719727,23.51378830911091,completed
T04802,2024-01-21 23:00:00,New York,Downtown,40.78024312655685,-74.107169515368,42.548089535389416,completed
T01953,2024-01-21 23:00:00,San Francisco,Suburbs,37.74183531506004,-122.47241949086924,24.563706044330893,no_driver
T00284,2024-01-21 23:00:00,London,Downtown,51.51962612736764,-0.2234639504579378,7.925890089242941,completed
T02890,2024-01-21 23:00:00,New York,Downtown,40.78628249609896,-73.9654321754087,21.704042020292917,completed
T01345,2024-01-22 00:00:00,New York,Airport,40.67425524287526,-73.95641991473957,14.118146361439605,completed
T00835,2024-01-22 00:00:00,San Francisco,Downtown,37.77955287361975,-122.48014257767176,13.376256990731411,completed
T00905,2024-01-22 00:00:00,San Francisco,Downtown,37.69994227350503,-122.39563204958836,10.32479299451866,completed
T03640,2024-01-22 00:00:00,New York,Suburbs,40.70551245051354,-74.06421558346179,13.995876866528636,completed
T01772,2024-01-22 00:00:00,New York,Downtown,40.70017992639905,-74.06679052241253,19.66295413273759,cancelled
T02036,2024-01-22 00:00:00,New York,Downtown,40.650445098333485,-74.01556387562064,16.66651322123237,completed
T04505,2024-01-22 00:00:00,New York,Downtown,40.71472565581426,-73.92915330665984,11.327269065132644,completed
T01071,2024-01-22 00:00:00,San Francisco,Downtown,37.6971693813425,-122.3932837932883,24.703709305439908,completed
T02412,2024-01-22 01:00:00,New York,Airport,40.71852430792036,-73.95562214087406,27.972935639149412,completed
T00185,2024-01-22 01:00:00,New York,Downtown,40.69089325426363,-73.99959047509094,21.44779026996026,completed
T02033,2024-01-22 02:00:00,San Francisco,Downtown,37.738913323350396,-122.39061907587013,15.453926662736592,completed
T01194,2024-01-22 02:00:00,New York,Suburbs,40.67859091364827,-73.91141300834964,32.1009162034816,completed
T03511,2024-01-22 02:00:00,San Francisco,Suburbs,37.87166726823235,-122.37997581339124,24.84710329695547,completed
T02377,2024-01-22 02:00:00,New York,Downtown,40.70862358170045,-74.09226058217747,33.5386326961716,completed
T02491,2024-01-22 02:00:00,New York,Downtown,40.70946539897474,-74.05176065917053,21.491314735494406,completed
T00277,2024-01-22 03:00:00,New York,Suburbs,40.77134861975257,-73.9735986144568,18.98480244061396,completed
T03885,2024-01-22 03:00:00,San Francisco,Downtown,37.85968243064154,-122.47314821407103,16.58394585320883,completed
T04812,2024-01-22 03:00:00,New York,Airport,40.80942089062046,-74.04050882907563,40.01371804795641,completed
T02182,2024-01-22 03:00:00,London,Downtown,51.47647712365741,-0.18087123581970252,7.357914800909865,completed
T00117,2024-01-22 03:00:00,London,Downtown,51.433504567758995,-0.1337740070445371,12.470531721186761,completed
T04965,2024-01-22 04:00:00,London,Suburbs,51.446854642458995,-0.06577365018840617,14.1439741427988,completed
T03492,2024-01-22 04:00:00,San Francisco,Airport,37.7672402759253,-122.49667241635537,20.80715257427217,completed
T01705,2024-01-22 04:00:00,New York,Downtown,40.73796763742411,-74.00024065111967,26.139402530734493,completed
T04855,2024-01-22 04:00:00,New York,Airport,40.763236934309454,-73.95637196280039,7.615870756134311,completed
T02629,2024-01-22 04:00:00,New York,Downtown,40.63879253800802,-74.01152979546816,22.366645329938905,completed
T03328,2024-01-22 05:00:00,San Francisco,Downtown,37.648649660441315,-122.3921495823791,20.982195447413698,completed
T00071,2024-01-22 05:00:00,San Francisco,Airport,37.768597816606764,-122.4516567347343,39.46422918089708,completed
T02584,2024-01-22 05:00:00,New York,Downtown,40.69502511759369,-73.99777512867723,18.04340401011644,completed
T04664,2024-01-22 05:00:00,New York,Downtown,40.71130740763812,-74.00652878124986,30.43564698522278,completed
T04854,2024-01-22 05:00:00,New York,Suburbs,40.651069960874736,-74.00570582940263,21.17385585534691,completed
T02619,2024-01-22 05:00:00,New York,Airport,40.69520685495523,-73.92393715534726,46.78830725927057,completed
T02886,2024-01-22 05:00:00,San Francisco,Downtown,37.81953062304222,-122.43693296934386,18.03594064973953,completed
T03153,2024-01-22 05:00:00,New York,Downtown,40.664659939263736,-73.98194266954492,19.313149588449402,completed
T04107,2024-01-22 05:00:00,New York,Suburbs,40.67907172202293,-74.01979639083271,43.05202340433637,cancelled
T01740,2024-01-22 05:00:00,San Francisco,Airport,37.694715642721135,-122.42483210243168,13.776760995378524,completed
T03468,2024-01-22 05:00:00,New York,Downtown,40.63328740478778,-74.00273124602671,30.56309002620438,completed
T04592,2024-01-22 06:00:00,San Francisco,Airport,37.79738746855906,-122.35410030762583,33.15748630012505,no_driver
T01784,2024-01-22 06:00:00,New York,Downtown,40.66389668292447,-74.0592901625283,9.12626575938187,cancelled
T03292,2024-01-22 06:00:00,New York,Downtown,40.68179828665139,-73.91164005061191,9.52883233157231,completed
T01983,2024-01-22 06:00:00,New York,Downtown,40.75559291911212,-73.9964906728277,29.623154182740752,completed
T01750,2024-01-22 06:00:00,New York,Downtown,40.70292583831687,-74.00076833487341,87.95421177599174,completed
T00179,2024-01-22 06:00:00,London,Airport,51.56184766535717,-0.13530837512576374,39.69488766702836,completed
T02250,2024-01-22 06:00:00,New York,Suburbs,40.708372704782846,-74.05420886880201,27.34394466409592,completed
T01652,2024-01-22 06:00:00,New York,Downtown,40.6926876566867,-74.03313282845903,23.17144347538871,completed
T02748,2024-01-22 07:00:00,San Francisco,Downtown,37.742760075960575,-122.44744221835576,19.42946576576872,completed
T02236,2024-01-22 07:00:00,New York,Suburbs,40.73839875851784,-73.9971331700108,73.34987528254777,completed
T03310,2024-01-22 07:00:00,New York,Downtown,40.67221129163872,-73.97870464358387,31.20582590889446,completed
T00960,2024-01-22 07:00:00,London,Airport,51.46079091229131,-0.13627229993107393,17.628110134792866,completed
T04315,2024-01-22 07:00:00,New York,Downtown,40.651171012781084,-74.08974530450952,37.61048392685903,completed
T00341,2024-01-22 07:00:00,London,Suburbs,51.545739142449825,-0.11394070013092927,22.82368501988184,completed
T01833,2024-01-22 07:00:00,New York,Downtown,40.67285351873262,-74.06018053609984,38.26792088629373,completed
T02582,2024-01-22 08:00:00,New York,Airport,40.71788666774037,-73.97151604712438,11.43502624097697,completed
T00161,2024-01-22 08:00:00,New York,Downtown,40.746225057639876,-74.07741703787748,15.438748831149274,completed
T04119,2024-01-22 08:00:00,San Francisco,Airport,37.81481052039018,-122.35410641391296,13.129464821675855,completed
T02119,2024-01-22 08:00:00,New York,Downtown,40.79340991587041,-74.003392055123,100.64460794770339,completed
T01812,2024-01-22 08:00:00,San Francisco,Downtown,37.754637567735784,-122.46284184842796,15.273997859868565,completed
T01882,2024-01-22 08:00:00,London,Suburbs,51.468285371416066,-0.10913460041476582,23.900186792663437,cancelled
T01893,2024-01-22 08:00:00,London,Downtown,51.52283836371195,-0.1514442520239508,37.46935060368816,completed
T04022,2024-01-22 08:00:00,New York,Suburbs,40.71005454350219,-74.0059742284832,27.12111779841203,completed
T04348,2024-01-22 08:00:00,San Francisco,Airport,37.83037069910746,-122.3790227835658,9.068203860001383,no_driver
T01776,2024-01-22 08:00:00,New York,Downtown,40.75414942047556,-73.90608608230004,7.585167170761527,completed
T01481,2024-01-22 09:00:00,London,Downtown,51.50196896670242,-0.1307954124431424,47.90593403612263,completed
T02555,2024-01-22 09:00:00,London,Downtown,51.53942199409425,-0.10444722172620974,21.657973368736172,cancelled
T03639,2024-01-22 09:00:00,New York,Suburbs,40.732674340661255,-73.93166342398332,26.365785501232686,completed
T00722,2024-01-22 09:00:00,New York,Downtown,40.65737212470287,-73.92872367288705,26.724901781851717,completed
T02750,2024-01-22 09:00:00,New York,Downtown,40.74416031713974,-74.03139152902374,24.648369254394915,completed
T01489,2024-01-22 10:00:00,New York,Downtown,40.762105435354066,-74.01600596210956,40.17322484225582,completed
T04341,2024-01-22 10:00:00,London,Downtown,51.63211848537766,-0.24411314340880647,23.887950382359925,completed
T03732,2024-01-22 10:00:00,San Francisco,Downtown,37.75217832603653,-122.32972487452341,17.621585405477703,completed
T03267,2024-01-22 10:00:00,London,Suburbs,51.45213891971815,-0.20335167145789948,10.459064387291907,completed
T02200,2024-01-22 10:00:00,New York,Suburbs,40.729940408617665,-73.92897238080762,68.20045488119396,cancelled
T02615,2024-01-22 10:00:00,New York,Downtown,40.69921598276653,-73.9926870018767,18.255818786254068,completed
T00367,2024-01-22 10:00:00,New York,Downtown,40.65622401754507,-74.09621208238191,13.77406360172213,cancelled
T04420,2024-01-22 10:00:00,New York,Downtown,40.7554039033172,-74.0585410876675,22.288675441649108,cancelled
T01532,2024-01-22 10:00:00,San Francisco,Downtown,37.81557187059347,-122.37326301702227,20.152146653563992,completed
T02503,2024-01-22 11:00:00,New York,Downtown,40.75208376918758,-73.97180748308737,55.496865122364724,completed
T04577,2024-01-22 11:00:00,London,Downtown,51.47822806756624,-0.11179699958286884,21.198265319582468,completed
T03860,2024-01-22 11:00:00,New York,Downtown,40.70414642250612,-74.05929818967414,19.082437383852273,completed
T04364,2024-01-22 11:00:00,New York,Downtown,40.73575642316867,-74.00258606299711,71.21608690342734,completed
T04398,2024-01-22 12:00:00,New York,Airport,40.68199331266596,-74.00326585432153,6.461539497175281,completed
T03968,2024-01-22 12:00:00,New York,Downtown,40.67780006301231,-74.0034170313178,21.306548389437644,completed
T04761,2024-01-22 12:00:00,London,Airport,51.52525787494107,-0.1600797417844883,10.772172565957177,completed
T03235,2024-01-22 12:00:00,San Francisco,Airport,37.75429988368081,-122.46326636045261,25.129526478682067,completed
T03065,2024-01-22 12:00:00,London,Downtown,51.57943513459856,-0.21763383140594852,14.4991685047927,completed
T02318,2024-01-22 12:00:00,New York,Downtown,40.78213012279013,-74.07637643080659,7.6535342165338704,completed
T04815,2024-01-22 12:00:00,London,Downtown,51.499252874281304,-0.1144912097147724,48.03639415490642,cancelled
T03474,2024-01-22 12:00:00,San Francisco,Downtown,37.68994443369751,-122.40145668927096,28.065669725010768,completed
T02114,2024-01-22 12:00:00,London,Suburbs,51.53614825975841,-0.13376458052264545,13.970630815363556,completed
T03654,2024-01-22 12:00:00,New York,Downtown,40.67473036466721,-74.00605300773088,27.111476969348733,completed
T01480,2024-01-22 13:00:00,London,Suburbs,51.52647434950799,-0.16467879762800233,7.297952625824476,completed
T04549,2024-01-22 13:00:00,New York,Downtown,40.72032984833076,-74.0548334232933,39.052970350538544,completed
T02877,2024-01-22 13:00:00,New York,Suburbs,40.66206442977029,-74.0039218585892,52.06324988250608,completed
T01023,2024-01-22 13:00:00,San Francisco,Downtown,37.759936409990964,-122.39168374018102,7.321678127522508,completed
T02628,2024-01-22 13:00:00,London,Suburbs,51.47206624105601,-0.08512994357206469,29.858563267304334,completed
T01674,2024-01-22 13:00:00,New York,Suburbs,40.692410155589855,-74.06262108747627,14.28785749694449,completed
T00506,2024-01-22 13:00:00,San Francisco,Suburbs,37.76971958528972,-122.53990108714498,41.54564114434944,completed
T04594,2024-01-22 13:00:00,New York,Airport,40.71923196745913,-74.03809987436124,31.526998064054336,completed
T02566,2024-01-22 13:00:00,London,Downtown,51.504211277128974,-0.06792260484632102,15.822486224653689,no_driver
T03764,2024-01-22 14:00:00,New York,Airport,40.72334475282673,-74.03257995974637,20.619252968111113,cancelled
T02601,2024-01-22 14:00:00,New York,Suburbs,40.65466391665472,-73.9480278998732,17.677612076866588,completed
T01927,2024-01-22 14:00:00,New York,Downtown,40.72402010601965,-73.96606282791313,21.858868247521695,completed
T00890,2024-01-22 14:00:00,New York,Airport,40.652418510287816,-73.94849373225969,9.024365239540908,no_driver
T01139,2024-01-22 14:00:00,London,Downtown,51.53014076496932,-0.19307444560617995,28.649567862187503,completed
T00689,2024-01-22 14:00:00,London,Downtown,51.45389532422283,-0.21008517897151271,27.90427063043107,completed
T03109,2024-01-22 14:00:00,London,Airport,51.536281536267296,-0.12653832177391233,8.36229699762886,completed
T03081,2024-01-22 14:00:00,New York,Airport,40.63853335645492,-74.05145603902733,13.965505431377848,completed
T03266,2024-01-22 14:00:00,London,Airport,51.49134608372924,-0.17126612900212895,15.723065355497619,completed
T04800,2024-01-22 15:00:00,San Francisco,Downtown,37.8349332720405,-122.507715195272,74.1834259135565,completed
T02669,2024-01-22 15:00:00,New York,Downtown,40.64999116810556,-74.09669712092084,41.007386269214,completed
T02355,2024-01-22 15:00:00,London,Downtown,51.5074040114893,-0.1458262890230092,19.72551334329983,completed
T03886,2024-01-22 15:00:00,London,Suburbs,51.572719278270995,-0.16792948084799916,17.279678060807726,completed
T01253,2024-01-22 15:00:00,New York,Suburbs,40.75150773788529,-73.93634890749061,15.983482598324922,completed
T04422,2024-01-22 15:00:00,New York,Suburbs,40.7803247875307,-74.02804663621592,14.696221493788128,completed
T03495,2024-01-22 15:00:00,London,Downtown,51.42634148313482,-0.11724034927336659,27.068167182310617,completed
T01058,2024-01-22 15:00:00,New York,Downtown,40.65018396021841,-74.00290816269731,37.740177927759376,completed
T00764,2024-01-22 15:00:00,New York,Downtown,40.68651331777818,-73.9882194698502,13.680459636763416,completed
T03519,2024-01-22 15:00:00,San Francisco,Downtown,37.77414033639122,-122.44827617904281,36.55237516924228,completed
T02914,2024-01-22 15:00:00,New York,Downtown,40.78883150397353,-74.03307419569556,14.895188009464544,completed
T00648,2024-01-22 16:00:00,New York,Suburbs,40.679345490727556,-74.05886214063001,14.813769331199838,completed
T01677,2024-01-22 16:00:00,New York,Downtown,40.73394125693632,-74.07960399467548,19.441071497249744,completed
T03562,2024-01-22 16:00:00,San Francisco,Downtown,37.70388711475417,-122.35080075495463,8.457846348384564,no_driver
T03149,2024-01-22 17:00:00,London,Downtown,51.5246993541454,-0.07559243380258425,8.228062332424887,completed
T02275,2024-01-22 17:00:00,San Francisco,Suburbs,37.79682519347409,-122.38468890053585,30.507765594464146,completed
T04641,2024-01-22 17:00:00,New York,Suburbs,40.77325719720326,-73.97943868695054,7.691661212367407,completed
T02438,2024-01-22 17:00:00,New York,Downtown,40.65309416549902,-74.02776929766597,14.401241992959438,completed
T03946,2024-01-22 17:00:00,San Francisco,Downtown,37.787352636517035,-122.3617394630024,20.465164095783962,completed
T00828,2024-01-22 17:00:00,San Francisco,Downtown,37.765381426695654,-122.45824269697506,16.30614665598506,completed
T01440,2024-01-22 17:00:00,San Francisco,Downtown,37.77990836299428,-122.42034561907674,18.91238850017411,no_driver
T03058,2024-01-22 17:00:00,New York,Downtown,40.742169092914395,-74.03990427734895,50.90223446407157,completed
T04306,2024-01-22 18:00:00,New York,Downtown,40.75236027749264,-74.02998571414595,14.371005025124969,completed
T02545,2024-01-22 18:00:00,San Francisco,Airport,37.81472342764812,-122.44172648163794,49.91267185341147,completed
T01607,2024-01-22 18:00:00,New York,Suburbs,40.7848489485462,-73.97428931844561,21.81945104311451,completed
T02361,2024-01-22 18:00:00,San Francisco,Downtown,37.73361618059155,-122.42323210294181,28.40968825524832,completed
T01815,2024-01-22 18:00:00,New York,Suburbs,40.736296944002646,-74.0328927252035,46.85851821430543,completed
T01513,2024-01-22 18:00:00,New York,Airport,40.72075803975417,-73.99953252641653,50.85212038885169,completed
T03539,2024-01-22 19:00:00,London,Airport,51.58862544645711,-0.07959149841121815,36.131561425701484,cancelled
T01472,2024-01-22 19:00:00,San Francisco,Downtown,37.78561096545717,-122.38260570995268,13.477441262093674,completed
T00719,2024-01-22 19:00:00,San Francisco,Downtown,37.790535242844136,-122.40018596053359,14.410928324196231,completed
T04494,2024-01-22 19:00:00,New York,Downtown,40.70486058602149,-73.96934608753394,19.71254437561484,completed
T01235,2024-01-22 19:00:00,San Francisco,Downtown,37.69268543569082,-122.39238636214193,7.630120905246253,completed
T01610,2024-01-22 19:00:00,San Francisco,Downtown,37.80506606379252,-122.38212988651983,27.88350389164639,completed
T03713,2024-01-22 19:00:00,San Francisco,Airport,37.75936468006358,-122.34765977923928,18.162044177710882,cancelled
T02556,2024-01-22 20:00:00,New York,Downtown,40.72554204610557,-73.96347547740542,35.980977286670324,completed
T01484,2024-01-22 20:00:00,London,Suburbs,51.49033093819265,-0.08763839486876608,26.919870794153866,completed
T00462,2024-01-22 20:00:00,New York,Suburbs,40.68420097626168,-73.99099023806137,16.148405161738967,completed
T03142,2024-01-22 20:00:00,San Francisco,Downtown,37.71346893765872,-122.3230877583188,29.771025512506483,completed
T01056,2024-01-22 21:00:00,San Francisco,Suburbs,37.78700180202223,-122.46926744939502,11.461602202289889,completed
T00352,2024-01-22 21:00:00,San Francisco,Airport,37.73984374527915,-122.42711934747082,74.24470759957511,completed
T01493,2024-01-22 21:00:00,London,Suburbs,51.51897701303441,-0.14707609109061653,22.572336011973174,completed
T00854,2024-01-22 21:00:00,London,Suburbs,51.473190330357625,-0.11750229490789493,13.62571424986675,cancelled
T02112,2024-01-22 21:00:00,San Francisco,Downtown,37.7618344467621,-122.43181722982679,15.323424327802444,completed
T00495,2024-01-22 21:00:00,New York,Suburbs,40.63999010759731,-74.02440637427776,18.273164284640945,completed
T04992,2024-01-22 22:00:00,London,Airport,51.59393135197225,-0.12559109456902737,30.06829117366037,completed
T03589,2024-01-22 22:00:00,New York,Downtown,40.67186745173882,-74.07363231574267,11.93955349917771,completed
T03778,2024-01-22 22:00:00,New York,Downtown,40.663662423155046,-74.00700265703342,9.699744024087703,completed
T02519,2024-01-22 22:00:00,New York,Downtown,40.718615066752726,-74.0078312453529,18.748599039069106,completed
T02689,2024-01-22 22:00:00,London,Downtown,51.59043504395616,-0.09097464563834419,35.26978487020928,completed
T02737,2024-01-22 23:00:00,London,Airport,51.48006711607106,-0.09022885250466775,17.606043526252613,completed
T04502,2024-01-22 23:00:00,New York,Airport,40.69368403273455,-74.04375894497943,17.835820343992385,completed
T02209,2024-01-22 23:00:00,New York,Downtown,40.70425820278299,-74.02603611726047,11.490802452616814,completed
T03727,2024-01-22 23:00:00,San Francisco,Downtown,37.86836406434937,-122.42490000149313,23.538025215796303,completed
T03813,2024-01-22 23:00:00,New York,Downtown,40.65518496836588,-74.03682464674505,25.538551625827992,completed
T04380,2024-01-23 00:00:00,New York,Suburbs,40.674223331055416,-73.90701848377925,15.549456066238122,cancelled
T00762,2024-01-23 00:00:00,New York,Airport,40.777496715354374,-73.99789369534253,25.279756926177793,completed
T00475,2024-01-23 00:00:00,New York,Downtown,40.64414530770037,-73.97614921605309,11.12768611180796,no_driver
T03264,2024-01-23 00:00:00,San Francisco,Suburbs,37.755314362544155,-122.4085933623651,40.582466418719605,completed
T00004,2024-01-23 00:00:00,London,Airport,51.511248771347645,-0.09899025007394167,40.11267715564996,completed
T02470,2024-01-23 00:00:00,New York,Airport,40.69703748184386,-74.06271738040903,29.18627434994935,completed
T04312,2024-01-23 00:00:00,New York,Suburbs,40.76422559541675,-74.0428365851411,26.330915553420013,completed
T03820,2024-01-23 00:00:00,London,Airport,51.469684176693654,-0.1346867312849064,31.782676669581647,completed
T02365,2024-01-23 00:00:00,New York,Downtown,40.71405824581796,-73.97612441894826,20.16621186621341,cancelled
T04149,2024-01-23 01:00:00,London,Suburbs,51.46319429124245,-0.12682787094186834,24.19013359806312,completed
T02902,2024-01-23 01:00:00,New York,Suburbs,40.760474671776,-74.06269240163189,37.191242438517584,completed
T00422,2024-01-23 01:00:00,San Francisco,Airport,37.80785226575678,-122.47969423683196,14.342195947281537,completed
T00514,2024-01-23 01:00:00,San Francisco,Downtown,37.826877967590235,-122.32465774772236,16.672027898650164,completed
T03296,2024-01-23 01:00:00,New York,Airport,40.75066633410529,-74.01380021931833,24.725457528066123,completed
T02688,2024-01-23 01:00:00,San Francisco,Downtown,37.77681846485338,-122.39496683170894,23.55517395478414,completed
T04336,2024-01-23 02:00:00,San Francisco,Downtown,37.757061767690466,-122.4205861027675,26.996720842743468,completed
T00664,2024-01-23 02:00:00,New York,Suburbs,40.636201934318024,-74.10418005395648,12.128671944668355,completed
T03062,2024-01-23 02:00:00,London,Downtown,51.489216532459686,-0.2290008941380318,57.43770000273357,completed
T04454,2024-01-23 02:00:00,London,Suburbs,51.522795078555504,-0.06169871657143822,16.758449313688157,completed
T02073,2024-01-23 02:00:00,London,Downtown,51.568341042613696,-0.10221072497770839,37.06739038816568,no_driver
T00726,2024-01-23 03:00:00,London,Downtown,51.45511578667006,-0.15166319278015733,25.439927253685152,cancelled
T03937,2024-01-23 03:00:00,New York,Airport,40.69865830417968,-73.98423714191631,22.28564768941161,completed
T03456,2024-01-23 03:00:00,New York,Suburbs,40.726639821967254,-74.05154804274491,18.663428162050394,completed
T00568,2024-01-23 03:00:00,New York,Suburbs,40.64341988413861,-73.98480246285338,23.404176993966836,no_driver
T02427,2024-01-23 03:00:00,New York,Downtown,40.71023968379989,-74.03775964162793,21.931442097816408,completed
T02487,2024-01-23 03:00:00,New York,Airport,40.66923361618521,-73.97360113748822,40.86095084482376,completed
T04900,2024-01-23 03:00:00,San Francisco,Suburbs,37.752214340507855,-122.38944036122706,30.673297700850416,completed
T00482,2024-01-23 03:00:00,London,Downtown,51.552060544650566,-0.20096402997959684,18.638841878946995,completed
T03773,2024-01-23 04:00:00,New York,Airport,40.625782089045906,-74.0344597436664,18.42768042211003,completed
T01691,2024-01-23 04:00:00,New York,Downtown,40.7332172315372,-73.93790553734657,19.953911119277656,completed
T01255,2024-01-23 04:00:00,San Francisco,Suburbs,37.756628294143546,-122.34851836227222,38.59218648343776,completed
T03248,2024-01-23 04:00:00,London,Downtown,51.50111900196619,-0.1285640227315049,50.042247245246514,completed
T02745,2024-01-23 04:00:00,New York,Downtown,40.708436128083335,-73.9851032324708,32.066949494614335,cancelled
T01168,2024-01-23 04:00:00,London,Suburbs,51.486028100918304,-0.07434368397667412,25.616547751510122,no_driver
T04169,2024-01-23 04:00:00,New York,Downtown,40.71858222863963,-73.98885885429402,52.55903129283338,completed
T00899,2024-01-23 04:00:00,New York,Airport,40.78894109779129,-73.98844141110217,17.689105186251126,completed
T00268,2024-01-23 05:00:00,San Francisco,Downtown,37.654506819027745,-122.43758494953913,30.796031139935337,completed
T04792,2024-01-23 05:00:00,New York,Airport,40.649572838690936,-74.12142889446643,34.66987269944191,completed
T02916,2024-01-23 05:00:00,New York,Airport,40.766275641960824,-73.99466872043705,19.118955738061864,completed
T03038,2024-01-23 05:00:00,New York,Airport,40.64259842740984,-74.01763843465051,16.65915837596174,completed
T02522,2024-01-23 05:00:00,San Francisco,Suburbs,37.804848152396055,-122.37979523348187,21.997596992197042,completed
T01032,2024-01-23 05:00:00,San Francisco,Downtown,37.77949732016799,-122.40073884204844,47.572750717483316,completed
T00100,2024-01-23 05:00:00,San Francisco,Downtown,37.75621471196232,-122.45732679407604,38.77758351100893,completed
T00013,2024-01-23 05:00:00,San Francisco,Airport,37.7845027210139,-122.41823726999112,12.905654035536521,completed
T03069,2024-01-23 05:00:00,London,Downtown,51.529175257038524,-0.14020997743641872,19.86105459672716,completed
T03465,2024-01-23 05:00:00,New York,Downtown,40.6288805152957,-73.91971280665861,15.582810584167088,completed
T03826,2024-01-23 06:00:00,New York,Downtown,40.64962698719629,-74.02654877027824,20.196594874868516,cancelled
T04427,2024-01-23 06:00:00,London,Airport,51.58693580984281,-0.09094692443877243,15.493104398125386,completed
T04945,2024-01-23 07:00:00,San Francisco,Downtown,37.76601949395422,-122.38936504502591,25.536307831386043,completed
T02975,2024-01-23 07:00:00,New York,Downtown,40.67789143357628,-73.90410393781659,13.135796191935118,completed
T04245,2024-01-23 07:00:00,New York,Downtown,40.7512843371781,-74.02156406485614,6.893989059183257,completed
T03552,2024-01-23 07:00:00,New York,Downtown,40.73586300991248,-73.95477387268022,25.578534127535235,cancelled
T04464,2024-01-23 07:00:00,New York,Airport,40.68156163953455,-73.93149981448475,14.86886467128771,completed
T01148,2024-01-23 07:00:00,San Francisco,Downtown,37.78017328441202,-122.45520444594425,31.823348129136,completed
T03424,2024-01-23 07:00:00,San Francisco,Suburbs,37.655987018955756,-122.42441193564929,22.46017251145444,completed
T04247,2024-01-23 07:00:00,London,Downtown,51.48718820362118,-0.12627555928572337,13.30528858222236,completed
T00289,2024-01-23 07:00:00,New York,Suburbs,40.65188177281228,-73.99423193519739,24.22953750729985,completed
T02016,2024-01-23 07:00:00,New York,Downtown,40.71929460851466,-73.97842601689047,16.72102936398969,completed
T02481,2024-01-23 08:00:00,New York,Downtown,40.59477762501223,-74.0976359709062,16.148656490793282,completed
T01981,2024-01-23 08:00:00,London,Airport,51.40233422755029,-0.1074832249298707,34.836198732003865,cancelled
T03932,2024-01-23 08:00:00,San Francisco,Airport,37.741087107164574,-122.4648378952277,12.847560650802341,completed
T00358,2024-01-23 08:00:00,New York,Downtown,40.66079557564724,-74.03976754464895,11.184833041638232,no_driver
T01566,2024-01-23 08:00:00,London,Airport,51.51603888762597,-0.07546723639445224,13.793253491063686,cancelled
T02550,2024-01-23 08:00:00,San Francisco,Airport,37.817668218583,-122.45148590884041,26.838650151021998,completed
T02322,2024-01-23 09:00:00,San Francisco,Suburbs,37.76432716453224,-122.38582443246383,33.8700304310278,no_driver
T02213,2024-01-23 09:00:00,London,Downtown,51.419543798991725,-0.07694951763092736,8.105781753648237,completed
T02082,2024-01-23 09:00:00,San Francisco,Downtown,37.83790562733764,-122.38881252085339,49.98758040438741,completed
T02716,2024-01-23 09:00:00,New York,Airport,40.76269679718515,-74.02405167958356,34.93992527658807,completed
T00190,2024-01-23 09:00:00,San Francisco,Suburbs,37.805277336181796,-122.32042163493378,26.24424513328293,completed
T01994,2024-01-23 09:00:00,New York,Downtown,40.67153844075943,-74.06969289905271,21.346878333315196,completed
T01077,2024-01-23 09:00:00,San Francisco,Downtown,37.79889804504298,-122.43545518951885,28.316043682428518,completed
T00479,2024-01-23 09:00:00,New York,Downtown,40.697278143500526,-74.02820559976892,23.6022313747182,no_driver
T03000,2024-01-23 09:00:00,San Francisco,Airport,37.76802375548244,-122.5106825397598,11.20553812299902,completed
T00062,2024-01-23 09:00:00,San Francisco,Downtown,37.802217756460585,-122.38993531899376,28.640324793873194,completed
T04162,2024-01-23 10:00:00,New York,Downtown,40.73468754404181,-73.98953527651801,80.04669289594536,cancelled
T03307,2024-01-23 10:00:00,New York,Downtown,40.73995585489579,-74.01848202249133,66.79010435544922,completed
T01176,2024-01-23 10:00:00,New York,Airport,40.75460001957781,-73.95585635840752,21.810497192244995,completed
T02037,2024-01-23 10:00:00,New York,Downtown,40.7636355611253,-73.98155242379636,8.821084483002666,cancelled
T02813,2024-01-23 10:00:00,San Francisco,Airport,37.74153937033116,-122.43117804054769,29.898692782782668,cancelled
T01588,2024-01-23 10:00:00,New York,Downtown,40.776711846153596,-73.96074875301065,44.02959367104063,completed
T00601,2024-01-23 10:00:00,New York,Airport,40.72679623453024,-73.96721260787868,23.274570324078326,cancelled
T02919,2024-01-23 10:00:00,London,Downtown,51.59268661645426,-0.11574627150065726,54.20044697498062,completed
T02612,2024-01-23 10:00:00,New York,Airport,40.71764875925343,-74.022166300092,20.02522183114322,completed
T02194,2024-01-23 10:00:00,San Francisco,Suburbs,37.74890152542353,-122.37671114747526,15.69228490134475,completed
T04292,2024-01-23 10:00:00,San Francisco,Suburbs,37.78508743890765,-122.46307767158784,50.91443939998978,completed
T01340,2024-01-23 11:00:00,New York,Suburbs,40.673822981164655,-74.01661670495727,18.19778382854608,completed
T00078,2024-01-23 11:00:00,London,Downtown,51.515744209545254,-0.13628806955581466,9.84279689765318,completed
T02422,2024-01-23 11:00:00,New York,Downtown,40.68901986240837,-73.90928950575898,19.97680958394326,completed
T01172,2024-01-23 11:00:00,San Francisco,Downtown,37.789856169466816,-122.36112212665662,17.64858893697028,completed
T04287,2024-01-23 11:00:00,San Francisco,Downtown,37.71976821594612,-122.41396506763296,27.331609772432643,completed
T02588,2024-01-23 11:00:00,New York,Downtown,40.77798285822009,-73.94479971887083,22.1431484789826,completed
T04759,2024-01-23 11:00:00,San Francisco,Downtown,37.862388048538755,-122.3381557326865,20.248853068363555,completed
T02451,2024-01-23 12:00:00,London,Airport,51.50668594695935,-0.17086405444036765,16.77086560992272,cancelled
T04639,2024-01-23 12:00:00,New York,Suburbs,40.68267199112765,-74.06004638303054,11.628276947590896,completed
T00208,2024-01-23 12:00:00,London,Downtown,51.486962208783055,-0.05606781215162941,24.83806242229131,completed
T03671,2024-01-23 12:00:00,San Francisco,Downtown,37.78203394297135,-122.37661037322042,15.79454645390257,completed
T00901,2024-01-23 12:00:00,New York,Suburbs,40.799383285398726,-73.96926117990124,46.009096208797764,completed
T02677,2024-01-23 12:00:00,San Francisco,Downtown,37.738918872440706,-122.46513493029859,80.50592893068676,completed
T00160,2024-01-23 12:00:00,New York,Downtown,40.7542163362377,-73.91170945538755,15.102555091060417,completed
T01765,2024-01-23 13:00:00,San Francisco,Downtown,37.775699938506484,-122.41846473435997,12.139346183056098,completed
T02139,2024-01-23 13:00:00,New York,Suburbs,40.75060503685937,-74.00473120975278,21.80981402072318,completed
T01518,2024-01-23 13:00:00,London,Downtown,51.524637079618785,-0.06534516750629948,8.941233835094149,completed
T02346,2024-01-23 13:00:00,San Francisco,Downtown,37.71544583707678,-122.46294621106988,27.3746604835775,completed
T02603,2024-01-23 13:00:00,San Francisco,Downtown,37.762932824325944,-122.3655216808197,27.66378565569868,no_driver
T03598,2024-01-23 13:00:00,New York,Downtown,40.602821283025555,-74.02795578504949,48.69093691052959,completed
T01171,2024-01-23 13:00:00,San Francisco,Downtown,37.874890703350715,-122.42300800638128,92.43695034498118,completed
T04118,2024-01-23 13:00:00,New York,Downtown,40.70077008212446,-74.07088783104948,50.787026499193175,completed
T02908,2024-01-23 13:00:00,New York,Airport,40.7792383353939,-73.95203235199646,14.634434847328304,completed
T02647,2024-01-23 13:00:00,New York,Downtown,40.83465831393795,-74.02869568914596,27.510295759497172,completed
T03217,2024-01-23 14:00:00,New York,Downtown,40.70134646783833,-73.95756530663525,57.55590745765926,completed
T01425,2024-01-23 14:00:00,New York,Suburbs,40.71920238993003,-74.00660622737135,28.662278389206087,cancelled
T04207,2024-01-23 14:00:00,London,Airport,51.49015647451001,-0.11708480300222003,44.207887657780475,completed
T04953,2024-01-23 14:00:00,New York,Airport,40.745781328408164,-73.96298327121455,21.94444061227764,completed
T02229,2024-01-23 14:00:00,New York,Downtown,40.75017371060161,-74.0564891581793,31.098171765005223,cancelled
T04936,2024-01-23 14:00:00,New York,Downtown,40.726821605503076,-73.95023429321695,25.284287960185765,completed
T03755,2024-01-23 14:00:00,New York,Downtown,40.79701887260609,-73.91207773923415,29.161455550814495,no_driver
T00003,2024-01-23 14:00:00,New York,Airport,40.75930831144408,-73.99692109553364,14.318225093626866,no_driver
T02726,2024-01-23 14:00:00,San Francisco,Downtown,37.75688307318108,-122.43927312736913,10.824919945063456,completed
T01065,2024-01-23 14:00:00,New York,Downtown,40.65148701234107,-74.0042160358121,17.940673082526743,completed
T02573,2024-01-23 14:00:00,New York,Airport,40.746804634475005,-73.93395847005876,30.95063498770658,completed
T01349,2024-01-23 14:00:00,London,Downtown,51.48352311556819,-0.10664240635102198,24.589901273862914,completed
T03407,2024-01-23 14:00:00,New York,Downtown,40.70726957796165,-74.05132393137654,19.195113121484255,completed
T04143,2024-01-23 15:00:00,New York,Downtown,40.68542825155842,-73.94434754119341,43.630886977613784,completed
T02822,2024-01-23 15:00:00,San Francisco,Airport,37.74271155669816,-122.3813988472562,13.777448593059734,completed
T00460,2024-01-23 15:00:00,London,Airport,51.49981743246601,-0.14540985316921853,18.504706003872922,completed
T00346,2024-01-23 15:00:00,San Francisco,Suburbs,37.77008572092324,-122.42741500082737,16.277887803798567,completed
T04381,2024-01-23 15:00:00,San Francisco,Suburbs,37.734749228044166,-122.39616796935907,54.605174934273734,completed
T00786,2024-01-23 15:00:00,New York,Downtown,40.693544161691925,-73.94554122012651,37.834556013095145,completed
T01435,2024-01-23 15:00:00,San Francisco,Downtown,37.74619284644068,-122.33688358763997,5.92458317838388,completed
T01903,2024-01-23 15:00:00,London,Suburbs,51.51673330596226,-0.1521156269047788,9.458938778953645,completed
T01556,2024-01-23 15:00:00,New York,Suburbs,40.5989134609304,-74.02105388625576,34.07719801975435,completed
T04391,2024-01-23 16:00:00,New York,Downtown,40.75192392984285,-73.93876023271241,24.026660053872376,completed
T01311,2024-01-23 16:00:00,San Francisco,Downtown,37.77622448756393,-122.47475964776027,7.6346991032702185,completed
T03311,2024-01-23 16:00:00,New York,Suburbs,40.7640192803654,-74.01668027452193,14.597493149118016,completed
T02462,2024-01-23 16:00:00,London,Suburbs,51.489409889263406,-0.07055305667523665,19.405093598277226,completed
T04436,2024-01-23 16:00:00,New York,Airport,40.699856542232126,-74.01509313286874,28.45844517800852,completed
T03279,2024-01-23 16:00:00,San Francisco,Suburbs,37.774051374554276,-122.55599205741161,24.493169044733275,completed
T04649,2024-01-23 16:00:00,San Francisco,Suburbs,37.80334725092415,-122.38605679003184,10.944456386528321,completed
T02306,2024-01-23 17:00:00,New York,Airport,40.76010488244392,-74.08911184210747,61.40700830681205,completed
T00868,2024-01-23 17:00:00,San Francisco,Suburbs,37.76726064998484,-122.34428404657127,10.615063488542173,completed
T02048,2024-01-23 17:00:00,New York,Downtown,40.68555068716863,-74.01647406073752,49.40846306800477,completed
T02775,2024-01-23 17:00:00,New York,Downtown,40.75027500504556,-73.96201983734684,54.63859216220978,cancelled
T02855,2024-01-23 17:00:00,San Francisco,Downtown,37.82389234265645,-122.43637569298508,12.376384580873983,completed
T04888,2024-01-23 17:00:00,San Francisco,Downtown,37.816086419038115,-122.39513178370692,19.517397616062475,completed
T00811,2024-01-23 17:00:00,London,Airport,51.54162968767609,-0.04049400592761723,35.98776942714184,no_driver
T01834,2024-01-23 17:00:00,London,Airport,51.537408206923,-0.17458302295842687,7.913120683248831,completed
T01614,2024-01-23 17:00:00,San Francisco,Downtown,37.70118785950848,-122.36247569267286,33.348829606605726,completed
T03924,2024-01-23 18:00:00,London,Downtown,51.4534714570984,-0.1430088458704056,19.16148277267648,completed
T01661,2024-01-23 18:00:00,London,Downtown,51.486222512572375,-0.08176729456460916,16.763305671708988,no_driver
T02060,2024-01-23 18:00:00,New York,Airport,40.62162902862221,-74.06828111488547,20.24651770310001,completed
T04803,2024-01-23 18:00:00,New York,Suburbs,40.65366059153952,-74.04549097651555,9.933409507983686,no_driver
T00143,2024-01-23 18:00:00,New York,Suburbs,40.73381005749423,-73.92340522697596,39.092561682854296,completed
T04677,2024-01-23 18:00:00,London,Suburbs,51.64339560713337,-0.13542645107397405,17.3577213244662,completed
T04386,2024-01-23 18:00:00,New York,Suburbs,40.701676367883515,-74.0311043075242,9.624363477273963,cancelled
T00224,2024-01-23 18:00:00,New York,Downtown,40.69206910277114,-74.0025586764894,25.79396164724285,completed
T02189,2024-01-23 19:00:00,San Francisco,Suburbs,37.749170072853424,-122.41575743026631,34.95084712201717,completed
T01774,2024-01-23 19:00:00,San Francisco,Downtown,37.77327642148413,-122.47279852138992,27.282890714908316,completed
T02667,2024-01-23 19:00:00,San Francisco,Suburbs,37.8131492520882,-122.40284450230199,31.478051812075385,completed
T03804,2024-01-23 19:00:00,San Francisco,Suburbs,37.766974349776504,-122.40063269749288,18.463801714080795,cancelled
T03877,2024-01-23 19:00:00,San Francisco,Suburbs,37.69650023884199,-122.45126852691028,15.626460624956966,completed
T00218,2024-01-23 19:00:00,New York,Downtown,40.765885259644406,-73.99838704886211,22.520066636787913,completed
T02789,2024-01-23 19:00:00,London,Suburbs,51.56113987641417,-0.11905992486352476,44.7406722383676,completed
T00106,2024-01-23 20:00:00,New York,Downtown,40.75720840654577,-73.94802197249466,42.480895671825365,completed
T01405,2024-01-23 20:00:00,New York,Downtown,40.64114773894486,-74.07330585147585,19.380777466889853,completed
T03601,2024-01-23 20:00:00,San Francisco,Downtown,37.819771505271945,-122.44059863016285,13.77636781947931,cancelled
T00419,2024-01-23 20:00:00,New York,Suburbs,40.69218735623584,-74.00065937997302,16.427339872985883,completed
T03491,2024-01-23 20:00:00,New York,Downtown,40.600479834511745,-74.03723480455693,43.88466886072853,completed
T03347,2024-01-23 20:00:00,New York,Downtown,40.71626041245445,-74.03190293280883,26.267209825761576,completed
T00041,2024-01-23 20:00:00,San Francisco,Airport,37.68932586723794,-122.40419771072727,11.4068935195358,no_driver
T04914,2024-01-23 20:00:00,New York,Suburbs,40.68785362248709,-74.01895966072807,22.32389507032876,completed
T04154,2024-01-23 20:00:00,San Francisco,Suburbs,37.84018524551084,-122.41919271289484,10.835466489043755,completed
T02698,2024-01-23 21:00:00,New York,Downtown,40.69534123490553,-74.0871338171197,18.57323648239047,completed
T02235,2024-01-23 21:00:00,New York,Airport,40.75586745110625,-74.00597329193786,22.59110699126544,completed
T03646,2024-01-23 21:00:00,New York,Downtown,40.70496798125555,-73.97480299392461,27.50247997326324,cancelled
T04461,2024-01-23 21:00:00,San Francisco,Downtown,37.80877228935361,-122.4177641983274,13.947703210422993,completed
T00588,2024-01-23 21:00:00,New York,Downtown,40.69070070072269,-73.96376260006818,24.78420415604627,completed
T01374,2024-01-23 21:00:00,San Francisco,Downtown,37.78128601868697,-122.44590938462369,40.007663732353386,cancelled
T00968,2024-01-23 21:00:00,New York,Downtown,40.75274784215263,-73.971797304963,10.43050910456912,completed
T01474,2024-01-23 21:00:00,New York,Downtown,40.64208114371921,-74.01600330223698,47.8944852474416,cancelled
T01005,2024-01-23 21:00:00,London,Downtown,51.476985397701434,-0.13826114419088573,33.31654219231349,completed
T03756,2024-01-23 21:00:00,New York,Downtown,40.688554065444286,-74.02783163058776,24.54011708176662,cancelled
T02909,2024-01-23 21:00:00,London,Downtown,51.48702638134038,-0.16016660546696845,12.411346510586695,completed
T02403,2024-01-23 21:00:00,San Francisco,Downtown,37.77282396383542,-122.42725118549,17.0475187575353,completed
T01603,2024-01-23 22:00:00,New York,Airport,40.66972724211634,-73.97789112369875,20.00880273763824,completed
T04082,2024-01-23 22:00:00,London,Downtown,51.52486614072627,-0.10755935077906437,12.573217445236303,completed
T03645,2024-01-23 22:00:00,San Francisco,Downtown,37.790277122493045,-122.49572936620713,62.624338001949795,completed
T02300,2024-01-23 22:00:00,New York,Suburbs,40.695685053553746,-73.96673296487911,22.601585463711693,completed
T00569,2024-01-23 22:00:00,London,Downtown,51.45000035524979,-0.1430779284130431,15.911080318049958,completed
T00083,2024-01-23 23:00:00,San Francisco,Downtown,37.81002897297404,-122.50899255502222,29.459746867910987,completed
T04779,2024-01-23 23:00:00,New York,Downtown,40.69621880268946,-74.08050069900014,30.667788466438214,completed
T04146,2024-01-23 23:00:00,New York,Downtown,40.608595355282574,-73.98567178592035,12.737727888025848,completed
T03290,2024-01-23 23:00:00,San Francisco,Downtown,37.83784285556454,-122.38540090850248,9.182474756756928,completed
T00384,2024-01-23 23:00:00,New York,Downtown,40.65279230946452,-74.01720324513963,39.869910913791976,completed
T02617,2024-01-24 00:00:00,London,Suburbs,51.44587638787435,-0.22043732646151243,33.47020490301224,completed
T00690,2024-01-24 00:00:00,New York,Downtown,40.747741303580575,-74.01687356732994,67.88948093006903,completed
T03812,2024-01-24 00:00:00,New York,Downtown,40.75214057494873,-74.01398775136835,17.879092575466252,completed
T03566,2024-01-24 00:00:00,New York,Downtown,40.72833418160042,-74.00535783723994,16.365889435755896,completed
T02156,2024-01-24 00:00:00,San Francisco,Suburbs,37.6039092410294,-122.40357442124984,19.45221232260406,completed
T02059,2024-01-24 00:00:00,London,Downtown,51.48494790292404,-0.08609896442638956,31.75110955472334,completed
T01867,2024-01-24 00:00:00,London,Downtown,51.53768870538359,-0.11445377148503295,10.048823969709687,completed
T02721,2024-01-24 00:00:00,San Francisco,Downtown,37.701720486989764,-122.37685106554217,47.712119756652925,completed
T00280,2024-01-24 01:00:00,New York,Suburbs,40.73757561786082,-73.96408035140088,15.570938080533324,completed
T02081,2024-01-24 01:00:00,San Francisco,Downtown,37.749767050965296,-122.34526570346712,16.396381622338865,completed
T02905,2024-01-24 01:00:00,New York,Airport,40.80913292215061,-73.93834208475478,29.705398567899614,no_driver
T03127,2024-01-24 01:00:00,New York,Suburbs,40.772222059871744,-73.94048869677526,9.710203794013108,completed
T02067,2024-01-24 01:00:00,London,Downtown,51.51611443070559,-0.14715301035837342,19.160985725212885,completed
T02893,2024-01-24 01:00:00,San Francisco,Downtown,37.714048679316676,-122.37865447303169,14.784622497143847,completed
T03659,2024-01-24 01:00:00,New York,Suburbs,40.71871983309358,-73.97239888370487,22.872063569734735,completed
T04786,2024-01-24 01:00:00,London,Downtown,51.55235126139737,-0.16425223413536327,16.895327757353968,completed
T04928,2024-01-24 01:00:00,San Francisco,Airport,37.83253365913963,-122.39388297916437,13.415204068347608,no_driver
T01888,2024-01-24 01:00:00,San Francisco,Downtown,37.75533193423384,-122.38561703238504,38.017760440926914,completed
T04537,2024-01-24 02:00:00,New York,Downtown,40.69025524605366,-74.01879768039481,17.20654755765358,cancelled
T04646,2024-01-24 02:00:00,New York,Downtown,40.74640404203007,-74.03125569000761,27.315015107545854,completed
T01377,2024-01-24 02:00:00,New York,Airport,40.73144162029177,-73.94270010468121,16.856803952987235,completed
T00483,2024-01-24 02:00:00,New York,Downtown,40.72089995843745,-73.95839988118448,19.455439952911963,completed
T04919,2024-01-24 02:00:00,San Francisco,Downtown,37.740349136092895,-122.45584952289862,44.82054244972605,completed
T04582,2024-01-24 02:00:00,San Francisco,Suburbs,37.80042171663847,-122.4655320183907,8.106715638497402,no_driver
T00458,2024-01-24 02:00:00,London,Downtown,51.4980724514497,-0.05281954060097621,16.868411253145716,completed
T02104,2024-01-24 02:00:00,San Francisco,Downtown,37.795029600068744,-122.37226598003782,39.150130806009486,completed
T04799,2024-01-24 02:00:00,New York,Downtown,40.66635441317933,-74.0240069401129,35.299827496707806,no_driver
T04873,2024-01-24 02:00:00,New York,Downtown,40.73687667697572,-73.9755038333379,37.47493566190397,completed
T02552,2024-01-24 03:00:00,New York,Suburbs,40.79035688041587,-74.02559110761904,20.374653842763593,completed
T01760,2024-01-24 03:00:00,San Francisco,Downtown,37.773831411986706,-122.45428083435776,20.00972269090711,completed
T04299,2024-01-24 03:00:00,London,Suburbs,51.52213821459877,-0.08720579186944277,20.728103240971834,completed
T02883,2024-01-24 03:00:00,London,Downtown,51.46915274623322,-0.10367624617123675,8.548003645286514,completed
T01965,2024-01-24 03:00:00,New York,Suburbs,40.766165428355414,-74.09755517017126,31.588168775006714,completed
T01116,2024-01-24 03:00:00,London,Downtown,51.56294373024365,-0.147241860444991,36.63006152644261,cancelled
T04068,2024-01-24 04:00:00,New York,Suburbs,40.733750230020895,-73.97604036498882,15.055269597721953,completed
T01101,2024-01-24 04:00:00,London,Downtown,51.575270679588854,-0.058344800094801225,21.81064396008727,completed
T00730,2024-01-24 04:00:00,San Francisco,Suburbs,37.86402143590615,-122.4139731663022,23.4388273448854,completed
T01214,2024-01-24 04:00:00,New York,Downtown,40.67686158179145,-74.09666239823778,12.421326537012636,completed
T01552,2024-01-24 04:00:00,New York,Downtown,40.74065620736475,-74.0582182373284,13.32784072911608,completed
T00182,2024-01-24 04:00:00,San Francisco,Airport,37.871445449359356,-122.47316846407989,9.659508252745365,cancelled
T01105,2024-01-24 04:00:00,New York,Downtown,40.60444880809424,-74.02229404168015,13.214953664005737,completed
T04165,2024-01-24 04:00:00,New York,Downtown,40.7231512227882,-74.04953872047419,13.578951107905825,completed
T03289,2024-01-24 05:00:00,New York,Downtown,40.70598798028565,-73.94346249573842,43.11110107837131,cancelled
T03480,2024-01-24 05:00:00,London,Suburbs,51.494785632757186,-0.0872381249827294,25.333332102418296,completed
T01842,2024-01-24 05:00:00,San Francisco,Downtown,37.67366827229351,-122.3671401578254,26.159280885685344,completed
T03857,2024-01-24 05:00:00,London,Airport,51.54696259648363,-0.12188177148527975,22.574906112935523,no_driver
T00343,2024-01-24 05:00:00,San Francisco,Downtown,37.80421512853329,-122.51032091418011,18.225226434165812,completed
T02723,2024-01-24 05:00:00,London,Airport,51.471896275052586,-0.21644169404854355,29.13558375536958,completed
T04678,2024-01-24 05:00:00,New York,Airport,40.70273320583907,-73.9562106515086,12.881837856166623,completed
T00963,2024-01-24 05:00:00,New York,Airport,40.67274011476267,-73.98307909022425,25.22996066095317,completed
T04432,2024-01-24 05:00:00,London,Downtown,51.50998635056813,-0.14065603261151322,35.72762503379666,completed
T03525,2024-01-24 06:00:00,San Francisco,Suburbs,37.84833282068805,-122.44110788339289,17.54724522328505,completed
T04917,2024-01-24 06:00:00,San Francisco,Airport,37.87354955920892,-122.39048427141958,20.67036994357632,completed
T00857,2024-01-24 06:00:00,New York,Downtown,40.66355756780011,-73.98310874721024,23.566263514526813,cancelled
T01660,2024-01-24 06:00:00,New York,Suburbs,40.69363059185392,-74.07504341058458,45.02039384168888,no_driver
T01417,2024-01-24 06:00:00,New York,Downtown,40.69625961475114,-73.95231792563116,31.9680992986984,completed
T00654,2024-01-24 06:00:00,New York,Suburbs,40.77615363605864,-74.02877400459501,17.457390140245614,cancelled
T00684,2024-01-24 06:00:00,New York,Downtown,40.695943753516374,-73.99876067552343,9.874259063911875,completed
T04346,2024-01-24 06:00:00,New York,Suburbs,40.656955636311004,-74.02773929644081,68.5329669174637,completed
T01220,2024-01-24 07:00:00,New York,Downtown,40.63122515220765,-73.99984776534836,32.46191847754145,no_driver
T00340,2024-01-24 07:00:00,New York,Downtown,40.73546893434909,-74.02198208409915,23.309862742334797,completed
T04845,2024-01-24 07:00:00,New York,Downtown,40.75993455156786,-73.93542672027466,40.94404059419459,completed
T03373,2024-01-24 07:00:00,San Francisco,Suburbs,37.78026747525906,-122.39961628094787,21.626823853048467,completed
T00846,2024-01-24 07:00:00,New York,Downtown,40.742484564480314,-74.01617621079357,10.802385469962722,completed
T03024,2024-01-24 07:00:00,San Francisco,Downtown,37.736925742945104,-122.3828437919201,6.0264870953540575,completed
T02570,2024-01-24 07:00:00,New York,Downtown,40.717167703430796,-74.09089146403115,11.040469744739575,no_driver
T03651,2024-01-24 07:00:00,New York,Suburbs,40.66319157042854,-74.0226537168267,37.89948077544554,cancelled
T01153,2024-01-24 07:00:00,San Francisco,Downtown,37.864737782066705,-122.36422011823032,30.696499381872222,completed
T03865,2024-01-24 07:00:00,New York,Downtown,40.70641392798913,-73.94924487426069,44.15897951409339,cancelled
T00599,2024-01-24 07:00:00,San Francisco,Suburbs,37.70879576639426,-122.41122331469485,30.3500896984904,completed
T01031,2024-01-24 08:00:00,San Francisco,Downtown,37.86912171146107,-122.35377939206015,26.175298304008223,completed
T04400,2024-01-24 08:00:00,San Francisco,Downtown,37.780457312446394,-122.41485860070658,29.33531108282637,completed
T01164,2024-01-24 08:00:00,New York,Downtown,40.724617335148785,-74.06078447828116,13.057480133402565,completed
T03977,2024-01-24 08:00:00,San Francisco,Downtown,37.8234779806773,-122.44766102849348,11.942490727972487,completed
T03040,2024-01-24 08:00:00,London,Airport,51.54673857203354,-0.26605692865243846,32.11950896708645,completed
T00859,2024-01-24 09:00:00,London,Airport,51.54029849615351,-0.050654203145744675,55.22140048958186,completed
T01133,2024-01-24 09:00:00,New York,Suburbs,40.671100925687,-74.05946660924238,55.07792529655358,completed
T03945,2024-01-24 09:00:00,San Francisco,Downtown,37.792567865722816,-122.3565883481996,21.052665575978143,completed
T00988,2024-01-24 09:00:00,San Francisco,Airport,37.763516492599955,-122.41281022532004,13.823261988272298,completed
T01102,2024-01-24 09:00:00,London,Downtown,51.48640935544452,-0.18434065458341065,20.294552597614455,completed
T03355,2024-01-24 09:00:00,San Francisco,Downtown,37.76077568812133,-122.40927619830877,56.8753321066502,completed
T01473,2024-01-24 09:00:00,London,Suburbs,51.52589786925931,-0.11316543485189164,32.2680189866132,cancelled
T02191,2024-01-24 09:00:00,New York,Downtown,40.77182522877276,-74.09175990628358,30.33398179864254,completed
T00591,2024-01-24 10:00:00,London,Downtown,51.54812473966253,-0.07932478833012914,18.389335100989555,completed
T01066,2024-01-24 10:00:00,San Francisco,Downtown,37.757263888586024,-122.31182049746879,21.96015419489615,completed
T01431,2024-01-24 10:00:00,London,Suburbs,51.49007225630884,-0.08776304864294268,25.138041769354444,completed
T03504,2024-01-24 10:00:00,New York,Downtown,40.672797965975995,-74.05453106062569,21.371113330842736,completed
T02733,2024-01-24 10:00:00,New York,Downtown,40.67645833109643,-73.95471542295961,12.386873820800293,completed
T01273,2024-01-24 10:00:00,New York,Downtown,40.73295574444086,-73.99806230216993,14.056088093936692,cancelled
T02174,2024-01-24 10:00:00,London,Suburbs,51.52476728613098,-0.06027321742219026,6.771383907002603,completed
T02968,2024-01-24 11:00:00,New York,Suburbs,40.710008919372214,-74.0582020494249,37.51087722758815,completed
T02510,2024-01-24 11:00:00,San Francisco,Airport,37.739167574179234,-122.30858946847393,37.18578168658398,completed
T02256,2024-01-24 11:00:00,New York,Airport,40.70827482257213,-73.98051680157103,23.648154602902853,completed
T03574,2024-01-24 11:00:00,London,Airport,51.610439553321626,-0.12009255536071439,22.701386262380623,completed
T04899,2024-01-24 11:00:00,San Francisco,Downtown,37.7270647095502,-122.44427972281478,10.808907828841834,completed
T01751,2024-01-24 12:00:00,San Francisco,Airport,37.698832802376806,-122.34723280756646,9.972248430942775,completed
T03228,2024-01-24 12:00:00,London,Downtown,51.45808766397143,-0.14031228514939406,46.79130169475043,cancelled
T02469,2024-01-24 12:00:00,New York,Downtown,40.79514871913146,-74.03865975713356,9.898057489336217,completed
T02529,2024-01-24 12:00:00,New York,Downtown,40.62146029988042,-74.03237593001145,22.111645156166798,completed
T04449,2024-01-24 12:00:00,London,Downtown,51.51993889333645,-0.0270703085116151,20.014575226668235,completed
T03332,2024-01-24 12:00:00,London,Downtown,51.587967989666026,-0.08046134217921559,14.401880116801653,completed
T03489,2024-01-24 12:00:00,New York,Airport,40.720909578323045,-73.955205958096,7.329209373278808,completed
T00314,2024-01-24 13:00:00,San Francisco,Downtown,37.7704710198476,-122.33590497266815,14.572366411534745,completed
T01189,2024-01-24 13:00:00,New York,Suburbs,40.71793029911888,-73.94323170655028,95.35652710407109,completed
T00609,2024-01-24 13:00:00,San Francisco,Suburbs,37.811117840965395,-122.49727651615981,46.4820438891298,completed
T04430,2024-01-24 13:00:00,San Francisco,Downtown,37.76976961565381,-122.41328296032987,25.964322369562183,cancelled
T00345,2024-01-24 13:00:00,New York,Suburbs,40.63709118723408,-74.0182434191967,33.62742343665276,completed
T01274,2024-01-24 13:00:00,San Francisco,Downtown,37.76172443105208,-122.46119417795214,8.548426864099133,no_driver
T04069,2024-01-24 14:00:00,New York,Suburbs,40.76248181519666,-73.93208011314746,13.867505994218876,completed
T03712,2024-01-24 14:00:00,San Francisco,Downtown,37.72820432211779,-122.42491633075319,7.010303924765402,completed
T01971,2024-01-24 14:00:00,San Francisco,Downtown,37.782144233369856,-122.3763746147833,10.729620412250798,cancelled
T04092,2024-01-24 14:00:00,New York,Downtown,40.71708367108827,-73.9608956442761,24.02932285314195,completed
T01369,2024-01-24 14:00:00,New York,Downtown,40.72282126634945,-74.01582876071062,14.149319294999003,completed
T02072,2024-01-24 14:00:00,New York,Suburbs,40.71911313657436,-74.00418728941268,51.529115111648586,cancelled
T04301,2024-01-24 14:00:00,San Francisco,Downtown,37.83603196259645,-122.33378953719479,31.426794881434606,completed
T03107,2024-01-24 14:00:00,London,Downtown,51.527353259364716,-0.1791391231299164,17.702962121469195,completed
T02158,2024-01-24 14:00:00,San Francisco,Downtown,37.72623974471097,-122.39131845979193,28.516637982576533,completed
T04511,2024-01-24 14:00:00,New York,Downtown,40.69241715157684,-74.05964540616397,73.99255412361009,completed
T04103,2024-01-24 14:00:00,New York,Downtown,40.721428747389794,-73.96825879873911,11.588534073246327,completed
T03961,2024-01-24 15:00:00,London,Suburbs,51.48632199833222,-0.15832452597892238,70.10597885486384,completed
T01946,2024-01-24 15:00:00,New York,Downtown,40.67934264043673,-73.99940675310846,45.23979324067447,completed
T01122,2024-01-24 15:00:00,New York,Downtown,40.6751619446311,-73.99166925744085,28.785880855053204,completed
T03430,2024-01-24 15:00:00,San Francisco,Downtown,37.8325575438224,-122.37271305374448,19.148619821690765,completed
T00197,2024-01-24 15:00:00,London,Suburbs,51.45869888321976,-0.19748779784617904,8.776818295314698,completed
T01053,2024-01-24 15:00:00,New York,Suburbs,40.73894448192238,-73.9073198594305,9.30752828079585,completed
T02180,2024-01-24 15:00:00,New York,Downtown,40.72705117593249,-73.98427780965889,11.934221646955994,completed
T04233,2024-01-24 15:00:00,New York,Downtown,40.682029287619514,-73.9718946004818,18.04981833950162,completed
T00625,2024-01-24 15:00:00,San Francisco,Downtown,37.755173924579495,-122.3990046059963,8.68606614730389,cancelled
T04394,2024-01-24 16:00:00,San Francisco,Suburbs,37.80650737175207,-122.4203511256649,19.491280098489092,completed
T02616,2024-01-24 16:00:00,San Francisco,Suburbs,37.721612807594795,-122.35797301048216,14.019394530657395,completed
T01721,2024-01-24 16:00:00,San Francisco,Downtown,37.76599678749411,-122.45154829884166,17.18670756651982,completed
T04706,2024-01-24 16:00:00,San Francisco,Downtown,37.80306209699475,-122.41584146018165,22.31744094680377,cancelled
T02459,2024-01-24 16:00:00,London,Downtown,51.441773249463736,-0.13537418135979234,42.78701683518938,completed
T00155,2024-01-24 16:00:00,New York,Downtown,40.740828937041414,-74.0539072177131,12.132830692074329,completed
T00139,2024-01-24 16:00:00,San Francisco,Downtown,37.73917261622257,-122.30741390350005,43.99406166649597,no_driver
T00934,2024-01-24 16:00:00,San Francisco,Downtown,37.68203954948596,-122.32234902071833,19.40310783247522,completed
T01632,2024-01-24 16:00:00,San Francisco,Downtown,37.772050638494235,-122.47153958552146,29.02601250042524,completed
T00390,2024-01-24 16:00:00,New York,Downtown,40.72003598989989,-74.03027987654362,7.761777392943982,completed
T02812,2024-01-24 16:00:00,San Francisco,Downtown,37.821340850939656,-122.41931885675594,10.144678738769722,completed
T02359,2024-01-24 17:00:00,New York,Downtown,40.71041534044375,-74.0349537753568,9.708064411609914,completed
T00923,2024-01-24 17:00:00,New York,Airport,40.82146352137602,-73.89056838881008,12.867729681618211,completed
T03148,2024-01-24 17:00:00,New York,Downtown,40.67207866843785,-73.98550781410583,14.782792023197212,completed
T00425,2024-01-24 17:00:00,New York,Suburbs,40.65526898763031,-74.00017175860569,11.23088374708076,cancelled
T04604,2024-01-24 17:00:00,San Francisco,Suburbs,37.75562944936367,-122.35787199358538,13.661034413531315,completed
T03722,2024-01-24 18:00:00,New York,Suburbs,40.73035810039075,-74.02842622856316,37.95129026580958,cancelled
T02642,2024-01-24 18:00:00,San Francisco,Suburbs,37.74275892928404,-122.45116204988916,23.14914208426781,completed
T02273,2024-01-24 18:00:00,New York,Downtown,40.71732134220069,-74.04222230930318,19.355798377989444,cancelled
T00642,2024-01-24 18:00:00,New York,Downtown,40.67474505908448,-74.00827362842318,7.143054261704064,completed
T00492,2024-01-24 18:00:00,San Francisco,Downtown,37.831330683720154,-122.39707469517091,18.470962401546874,completed
T01879,2024-01-24 18:00:00,New York,Downtown,40.63650793578959,-74.00720374917907,14.69283220008361,completed
T02668,2024-01-24 19:00:00,San Francisco,Airport,37.79698356620481,-122.33404574460853,34.40731697792758,completed
T04185,2024-01-24 19:00:00,London,Downtown,51.57780208083522,-0.08628720888577412,27.78753048718707,completed
T01600,2024-01-24 19:00:00,New York,Downtown,40.73334229130527,-73.98022259986496,27.317268730517267,completed
T03725,2024-01-24 19:00:00,London,Downtown,51.56711287021997,-0.1933664781131857,23.130213290684512,cancelled
T01013,2024-01-24 19:00:00,London,Suburbs,51.62460340254907,-0.1262598005320049,42.88576589268737,cancelled
T00199,2024-01-24 19:00:00,New York,Downtown,40.64920013079084,-74.10149043485141,17.327287648985905,completed
T02026,2024-01-24 19:00:00,New York,Downtown,40.68067905238097,-73.96696544392711,10.75634557374391,completed
T02910,2024-01-24 19:00:00,London,Downtown,51.50214102916038,-0.17764178063150365,9.685574444059398,completed
T00111,2024-01-24 20:00:00,San Francisco,Suburbs,37.86759408081694,-122.49412337224138,7.019604087850207,completed
T04170,2024-01-24 20:00:00,New York,Downtown,40.65950248590315,-74.01124813992277,13.58887478708116,completed
T01599,2024-01-24 20:00:00,San Francisco,Downtown,37.827089352562176,-122.34794411430765,25.94725010974831,cancelled
T04722,2024-01-24 20:00:00,New York,Airport,40.8122228239253,-73.95336543199053,38.96993132882794,completed
T04001,2024-01-24 21:00:00,New York,Downtown,40.743638842835836,-73.96382472490934,11.197876457414454,completed
T03018,2024-01-24 21:00:00,New York,Downtown,40.69101040469974,-73.93894817956328,25.465397025992168,completed
T01330,2024-01-24 21:00:00,San Francisco,Airport,37.820875294602224,-122.39886624404288,41.09115398362623,cancelled
T00009,2024-01-24 21:00:00,London,Downtown,51.472667321794766,-0.1582457528973892,33.26399048053031,completed
T01921,2024-01-24 21:00:00,New York,Suburbs,40.685697676699874,-74.0634454975895,16.595934364438897,completed
T01980,2024-01-24 21:00:00,New York,Airport,40.71761386871998,-73.96254215519028,7.447768652692865,completed
T01396,2024-01-24 21:00:00,London,Airport,51.51875552477621,-0.16235784349333243,13.79681640304521,no_driver
T04833,2024-01-24 22:00:00,New York,Airport,40.69546303794024,-73.93577364878486,27.655749007883767,completed
T04570,2024-01-24 22:00:00,San Francisco,Downtown,37.76324245684482,-122.42849933139411,38.17085918719085,completed
T04204,2024-01-24 22:00:00,New York,Downtown,40.677724214272736,-74.01361172826005,7.386487909342193,completed
T00812,2024-01-24 22:00:00,New York,Downtown,40.750134617182354,-73.97810802489906,37.8870518945048,completed
T04014,2024-01-24 22:00:00,San Francisco,Airport,37.830296127375846,-122.3065816070426,25.643900730161405,completed
T03215,2024-01-24 22:00:00,London,Downtown,51.52010942894937,-0.13043705485935375,30.23606689796697,cancelled
T03801,2024-01-24 23:00:00,London,Downtown,51.44228773522021,-0.12802110067248001,34.60552433366858,completed
T01734,2024-01-24 23:00:00,New York,Suburbs,40.70931393199309,-73.99895594171089,53.68308606514639,completed
T04933,2024-01-24 23:00:00,New York,Downtown,40.6551520836389,-74.03520357120897,41.931996537515836,completed
T00145,2024-01-24 23:00:00,London,Downtown,51.49245977475756,-0.04983172837612443,13.519046565205326,completed
T02450,2024-01-24 23:00:00,New York,Suburbs,40.656759350155866,-74.01736763867494,17.60246646033316,completed
T02038,2024-01-25 00:00:00,San Francisco,Suburbs,37.833276560759074,-122.43374745848058,6.967288643603944,completed
T02320,2024-01-25 00:00:00,London,Suburbs,51.4737499039775,-0.1912927555593178,43.47336105507964,completed
T04785,2024-01-25 00:00:00,New York,Downtown,40.73517100041028,-73.9426371711923,16.61335191523324,completed
T01114,2024-01-25 00:00:00,New York,Suburbs,40.76229805273511,-74.05478514115737,32.91022703249547,completed
T04827,2024-01-25 00:00:00,San Francisco,Downtown,37.74980414513085,-122.39120763843833,31.293793690773327,completed
T03901,2024-01-25 01:00:00,London,Airport,51.50378343599982,-0.029538063676653986,31.370443062514486,completed
T04339,2024-01-25 01:00:00,New York,Downtown,40.67887479131123,-73.98602834790296,22.38517750800241,cancelled
T01584,2024-01-25 01:00:00,New York,Downtown,40.693534658910984,-74.02333186819008,9.644603681850946,cancelled
T00946,2024-01-25 01:00:00,San Francisco,Downtown,37.75407907455478,-122.34966996647523,19.59074137441211,completed
T00944,2024-01-25 01:00:00,New York,Downtown,40.735746840338095,-74.0401616054304,16.557920912363915,completed
T02818,2024-01-25 01:00:00,New York,Suburbs,40.722234988116504,-74.02215403791325,10.306749973363655,cancelled
T02049,2024-01-25 02:00:00,New York,Downtown,40.68348724486157,-73.9606491907149,17.216651707080416,completed
T03222,2024-01-25 02:00:00,New York,Downtown,40.66044534162515,-74.05811701254666,13.785008687828643,completed
T00672,2024-01-25 02:00:00,San Francisco,Downtown,37.717449803216724,-122.43961831427316,25.047726451698864,completed
T03054,2024-01-25 02:00:00,New York,Airport,40.6629629473959,-73.98134620001639,17.790240274287612,completed
T01144,2024-01-25 02:00:00,New York,Airport,40.69620098151004,-74.03781533054489,12.654347681871098,completed
T00680,2024-01-25 02:00:00,New York,Downtown,40.7475178032582,-74.0569623816386,18.102146335778468,completed
T00258,2024-01-25 03:00:00,New York,Downtown,40.74588129033181,-74.0216864589077,22.02367201543755,completed
T00452,2024-01-25 03:00:00,New York,Suburbs,40.711879304307566,-74.00117669876839,25.88742576592868,completed
T04762,2024-01-25 03:00:00,New York,Airport,40.7692854470108,-74.0301608240576,19.326491879232925,completed
T04209,2024-01-25 03:00:00,London,Downtown,51.49008818203846,0.00808969578238633,16.21042656230763,cancelled
T00225,2024-01-25 03:00:00,New York,Downtown,40.73370335081905,-74.05017886096363,34.678351050184574,cancelled
T02499,2024-01-25 03:00:00,New York,Suburbs,40.680498338992365,-74.0698022767661,48.130942608903894,completed
T02093,2024-01-25 03:00:00,San Francisco,Downtown,37.80295265017593,-122.37216031975616,29.520130162719983,completed
T01814,2024-01-25 03:00:00,San Francisco,Downtown,37.716323283738994,-122.37866545863594,43.24271953144036,completed
T01616,2024-01-25 03:00:00,San Francisco,Downtown,37.75927401000792,-122.43331462625788,67.47183223681537,completed
T02249,2024-01-25 03:00:00,London,Downtown,51.57115645989735,-0.15134367867361811,7.431675809000839,completed
T03524,2024-01-25 03:00:00,New York,Airport,40.67094582153533,-74.03670655267484,25.103172501885226,no_driver
T03283,2024-01-25 03:00:00,San Francisco,Downtown,37.757686555800106,-122.48489419164531,14.325096008262955,completed
T02949,2024-01-25 03:00:00,New York,Downtown,40.7102105121881,-74.0204687502731,19.38908660610913,completed
T02670,2024-01-25 04:00:00,New York,Suburbs,40.6831334047778,-74.12060973241054,29.567131102169526,completed
T01017,2024-01-25 04:00:00,New York,Downtown,40.72338333644738,-73.93068993388464,19.28369712658835,completed
T01011,2024-01-25 04:00:00,New York,Downtown,40.713429772296514,-74.01846924854294,21.10893638958708,completed
T03029,2024-01-25 04:00:00,New York,Suburbs,40.68519583262933,-74.01072450982878,51.93374807226719,completed
T04613,2024-01-25 04:00:00,New York,Downtown,40.741301272502355,-74.080182644696,15.157409086429855,completed
T00900,2024-01-25 04:00:00,New York,Suburbs,40.79398409914314,-74.06747641248644,37.41850419392628,completed
T02513,2024-01-25 04:00:00,New York,Downtown,40.62747257037207,-73.93788091689007,8.237730082536258,completed
T01910,2024-01-25 05:00:00,London,Suburbs,51.47935798908532,-0.1173455027835779,35.23304571863268,completed
T03686,2024-01-25 05:00:00,New York,Downtown,40.72560664253365,-74.03116657666963,14.521543181634385,no_driver
T04307,2024-01-25 05:00:00,London,Downtown,51.437701547940925,-0.13214500233265286,23.502703020554833,completed
T03322,2024-01-25 05:00:00,London,Downtown,51.4928021080054,-0.06940344027781717,14.960641952476578,completed
T00265,2024-01-25 05:00:00,New York,Airport,40.708328672095746,-74.00050368600444,41.32570683045397,completed
T00677,2024-01-25 06:00:00,San Francisco,Downtown,37.780222720516385,-122.46424626960223,20.538238639853656,completed
T01310,2024-01-25 07:00:00,New York,Suburbs,40.73490918107014,-73.99706695836352,15.10230627078801,completed
T02286,2024-01-25 07:00:00,New York,Downtown,40.710302688932714,-73.95255423753184,25.169861493221028,no_driver
T04034,2024-01-25 07:00:00,New York,Downtown,40.78400939050414,-73.98760081436714,9.29432245582418,completed
T00033,2024-01-25 07:00:00,New York,Downtown,40.68730996550237,-73.97020681991147,16.256521981057432,completed
T04868,2024-01-25 07:00:00,New York,Airport,40.65228972988235,-73.97834083066464,38.87167635127848,completed
T03898,2024-01-25 07:00:00,San Francisco,Downtown,37.77051971355998,-122.34207309038516,8.359759782492027,completed
T01120,2024-01-25 07:00:00,New York,Downtown,40.65926508586079,-73.97668352384612,12.204423884993279,cancelled
T02825,2024-01-25 07:00:00,San Francisco,Downtown,37.69334139348923,-122.4003755386047,18.84593728365183,completed
T04495,2024-01-25 07:00:00,New York,Downtown,40.6984396060107,-74.05392832730672,16.32842061705086,completed
T00217,2024-01-25 07:00:00,New York,Suburbs,40.64081509177074,-74.02865910441722,14.520547749987108,completed
T03462,2024-01-25 08:00:00,New York,Downtown,40.70118649656306,-74.06736195203523,13.26005340470485,completed
T04935,2024-01-25 08:00:00,New York,Downtown,40.68830769980835,-74.02546992446113,16.030153203825773,completed
T02205,2024-01-25 08:00:00,San Francisco,Downtown,37.79666570200901,-122.4313122438912,37.5650141703353,completed
T02692,2024-01-25 08:00:00,London,Suburbs,51.60515038629485,-0.06577644559043033,45.61994173392233,cancelled
T01659,2024-01-25 08:00:00,New York,Downtown,40.69255719550393,-73.9557281909246,10.084636875117026,completed
T02967,2024-01-25 09:00:00,London,Downtown,51.4945657030037,-0.11878069664356083,13.973483673356741,completed
T00065,2024-01-25 09:00:00,New York,Downtown,40.65989545378899,-74.02269038949603,21.36442487043908,cancelled
T01826,2024-01-25 09:00:00,San Francisco,Suburbs,37.743967900898525,-122.3497753323032,13.512780338301017,completed
T00758,2024-01-25 09:00:00,New York,Suburbs,40.77331227572089,-73.96748503689827,18.37451358762545,completed
T00533,2024-01-25 09:00:00,New York,Downtown,40.786613453957095,-73.96273890524637,33.27835284735535,completed
T03929,2024-01-25 09:00:00,San Francisco,Downtown,37.73497690418591,-122.4969377926036,18.398935917680923,completed
T02372,2024-01-25 10:00:00,San Francisco,Suburbs,37.66702335682657,-122.4710956773657,11.48632324571881,completed
T01679,2024-01-25 10:00:00,New York,Downtown,40.6221200735268,-74.0074519577929,19.88405011536405,completed
T04455,2024-01-25 10:00:00,San Francisco,Downtown,37.7967999295716,-122.43846917536115,19.357093076126834,completed
T01260,2024-01-25 10:00:00,San Francisco,Downtown,37.75376634269559,-122.40867039785162,28.762418156130668,completed
T02449,2024-01-25 10:00:00,New York,Downtown,40.64551362611954,-74.01671231887796,13.034318145369255,cancelled
T04600,2024-01-25 10:00:00,New York,Suburbs,40.6965321246718,-74.01493854691574,21.423504523053538,completed
T03116,2024-01-25 10:00:00,New York,Downtown,40.720888206012035,-73.97519644404368,28.08070790060826,cancelled
T00459,2024-01-25 10:00:00,San Francisco,Downtown,37.67844992461783,-122.46654596910828,40.713575416290844,cancelled
T01825,2024-01-25 11:00:00,New York,Suburbs,40.76725997135216,-74.03210678826085,18.333819672246392,completed
T01119,2024-01-25 11:00:00,San Francisco,Downtown,37.73971828154726,-122.36596656692817,11.951878421160956,completed
T01993,2024-01-25 11:00:00,San Francisco,Downtown,37.69979842951351,-122.40531103958817,30.10383258954119,completed
T03891,2024-01-25 11:00:00,New York,Airport,40.687760535010156,-74.00827442669102,26.44700549120501,completed
T00156,2024-01-25 12:00:00,London,Downtown,51.5409699762517,-0.11373365600258131,12.06451378135966,completed
T02515,2024-01-25 12:00:00,New York,Downtown,40.70444993098224,-73.93674439992084,33.12897643224844,completed
T01301,2024-01-25 12:00:00,London,Downtown,51.541200581538355,-0.08540547527737075,27.338832031861244,completed
T04760,2024-01-25 12:00:00,New York,Suburbs,40.688055788252946,-74.05381261635624,19.530540232306045,completed
T02942,2024-01-25 12:00:00,San Francisco,Downtown,37.76805962192601,-122.49334953695734,36.695789581649635,cancelled
T01491,2024-01-25 12:00:00,New York,Downtown,40.67654346662813,-74.00582861882751,62.585816756920984,no_driver
T00929,2024-01-25 12:00:00,San Francisco,Downtown,37.75875162413465,-122.3663166100868,23.97584473723392,completed
T02137,2024-01-25 12:00:00,San Francisco,Downtown,37.77178915489322,-122.43522482098905,22.05218123296155,no_driver
T00597,2024-01-25 12:00:00,San Francisco,Downtown,37.72505239397886,-122.42422428623134,56.91569558276026,completed
T03238,2024-01-25 12:00:00,San Francisco,Downtown,37.71411963216133,-122.43087876783285,10.903153800853206,no_driver
T02008,2024-01-25 12:00:00,London,Suburbs,51.531429638619635,-0.174857053828788,31.18514126717377,completed
T02116,2024-01-25 12:00:00,San Francisco,Airport,37.75870909937376,-122.45949860459162,26.382254208936303,completed
T04216,2024-01-25 12:00:00,New York,Suburbs,40.69703642254296,-74.0039561479257,12.327080247675571,completed
T03667,2024-01-25 12:00:00,San Francisco,Downtown,37.738769448784225,-122.4191584816185,40.11494712193972,completed
T02572,2024-01-25 13:00:00,New York,Downtown,40.684674123535885,-74.06076881285198,28.113542468144857,completed
T02160,2024-01-25 13:00:00,New York,Downtown,40.775307240839005,-73.99021137618794,20.411127107663837,completed
T04848,2024-01-25 13:00:00,San Francisco,Downtown,37.80720389881559,-122.49046157315992,19.695655345236805,cancelled
T02827,2024-01-25 13:00:00,New York,Downtown,40.72920751953522,-73.94158013216172,17.63853111303868,completed
T03034,2024-01-25 13:00:00,San Francisco,Downtown,37.73583320107472,-122.37778327662957,49.58148612945146,completed
T01738,2024-01-25 13:00:00,New York,Airport,40.705785926680754,-73.92114609422549,8.848243480300336,completed
T01034,2024-01-25 13:00:00,New York,Downtown,40.6449773716341,-74.04196400715644,32.85362945919191,no_driver
T01107,2024-01-25 13:00:00,New York,Airport,40.61789694727095,-73.91530951673667,79.08357069821679,completed
T01179,2024-01-25 14:00:00,London,Downtown,51.6036824337937,-0.2319592336450349,59.37884354604864,completed
T02241,2024-01-25 14:00:00,New York,Suburbs,40.661033907415,-74.07010539331195,36.65404169480719,completed
T01998,2024-01-25 14:00:00,New York,Downtown,40.74672119405682,-73.9771811652749,13.817848056361772,completed
T02892,2024-01-25 14:00:00,San Francisco,Downtown,37.8192700155348,-122.39076599702996,20.09387223008674,no_driver
T00581,2024-01-25 14:00:00,London,Downtown,51.44072848914268,-0.18230347343697456,30.815121438743507,cancelled
T04624,2024-01-25 14:00:00,San Francisco,Suburbs,37.804171022050355,-122.39770258045226,23.13181753246395,completed
T02738,2024-01-25 14:00:00,San Francisco,Downtown,37.771990174361015,-122.40420630194652,44.91008666124118,completed
T04193,2024-01-25 15:00:00,New York,Suburbs,40.68488861353276,-74.0870812327188,19.053837329983573,completed
T04956,2024-01-25 15:00:00,San Francisco,Downtown,37.80510887410992,-122.33474285986513,33.77526133835787,completed
T04071,2024-01-25 15:00:00,San Francisco,Suburbs,37.79909303001004,-122.3635238756409,19.939800644359824,completed
T02339,2024-01-25 15:00:00,San Francisco,Downtown,37.78050372658289,-122.35730523433888,20.78250443219775,completed
T02561,2024-01-25 15:00:00,San Francisco,Airport,37.83827688313317,-122.48056622345578,21.56113822678944,completed
T01130,2024-01-25 15:00:00,London,Suburbs,51.5409752471253,-0.22025954398518705,27.274075754572674,completed
T01223,2024-01-25 15:00:00,New York,Airport,40.756965545476056,-73.92706387963484,24.075350664774177,completed
T04192,2024-01-25 15:00:00,New York,Downtown,40.65736063831557,-73.99131687693324,25.23179827098627,completed
T03300,2024-01-25 15:00:00,New York,Downtown,40.68740277360393,-74.05432548591212,40.2832242057621,completed
T04486,2024-01-25 16:00:00,New York,Suburbs,40.702352711355616,-73.99036580969891,20.070683239775963,completed
T01080,2024-01-25 16:00:00,London,Downtown,51.55597354011108,-0.032855130148381984,17.01275856039337,completed
T00898,2024-01-25 16:00:00,London,Suburbs,51.48674203869275,-0.038137914300390555,51.81668061403583,completed
T04053,2024-01-25 16:00:00,London,Downtown,51.52506967526966,-0.001466366015139886,16.476726047068905,completed
T00154,2024-01-25 16:00:00,San Francisco,Downtown,37.84756050359969,-122.39822360769689,23.51167498329447,completed
T00114,2024-01-25 16:00:00,New York,Airport,40.70043597505254,-73.98136122228162,48.99382698827871,cancelled
T03816,2024-01-25 17:00:00,London,Airport,51.55827693656208,-0.13915560835098406,11.024747125262435,completed
T04526,2024-01-25 17:00:00,San Francisco,Suburbs,37.80387602706842,-122.45217734736367,47.83060870200408,completed
T00402,2024-01-25 17:00:00,San Francisco,Suburbs,37.75657995177891,-122.3575249648731,24.341464298741084,completed
T04447,2024-01-25 17:00:00,San Francisco,Airport,37.872440825434744,-122.33780352166998,21.631451127712257,cancelled
T00872,2024-01-25 17:00:00,London,Airport,51.555589612716275,-0.11112076344013352,35.861058944170885,completed
T03193,2024-01-25 17:00:00,San Francisco,Airport,37.73355908077739,-122.5031371816169,11.0034931340886,completed
T03917,2024-01-25 17:00:00,New York,Downtown,40.73324051870648,-73.99521108635166,33.21176235189811,completed
T02423,2024-01-25 17:00:00,San Francisco,Downtown,37.72793688778041,-122.44600260530238,19.56886334890385,cancelled
T03362,2024-01-25 17:00:00,San Francisco,Downtown,37.82541059385392,-122.44665885774249,24.661934282006698,completed
T01569,2024-01-25 18:00:00,San Francisco,Suburbs,37.726334064807695,-122.40111612169451,46.8953030161616,completed
T04661,2024-01-25 18:00:00,New York,Suburbs,40.737273624802256,-74.01729560044387,39.97736315649711,completed
T00697,2024-01-25 18:00:00,New York,Airport,40.735037526539074,-74.0248173479294,24.59294637779673,completed
T01524,2024-01-25 18:00:00,New York,Airport,40.78442282438072,-73.98004254175298,18.842297770811584,cancelled
T04787,2024-01-25 18:00:00,San Francisco,Airport,37.71354987679778,-122.49300445337425,15.00734544585907,completed
T03607,2024-01-25 19:00:00,New York,Airport,40.678831473368675,-73.98412423641184,12.089322438355213,completed
T02392,2024-01-25 19:00:00,New York,Airport,40.67311978833883,-74.0116014969974,17.64490978246399,cancelled
T01494,2024-01-25 19:00:00,San Francisco,Suburbs,37.70110463339437,-122.35449285876592,6.296102721954771,completed
T01762,2024-01-25 19:00:00,New York,Suburbs,40.78530418253623,-74.01867908568508,12.525236471838099,completed
T04717,2024-01-25 20:00:00,London,Downtown,51.55468374239756,-0.15704206456776265,21.108251118757398,completed
T01149,2024-01-25 21:00:00,New York,Suburbs,40.68957436171681,-74.05629559674067,25.048081435320164,completed
T01727,2024-01-25 21:00:00,San Francisco,Downtown,37.75946189611445,-122.4259667913132,11.113732982817675,completed
T03304,2024-01-25 22:00:00,New York,Downtown,40.699063001568014,-73.96711340754565,34.46636546865408,completed
T04176,2024-01-25 22:00:00,New York,Downtown,40.70250666093148,-73.97889086515957,26.74826347869906,completed
T00524,2024-01-25 22:00:00,New York,Downtown,40.625999600092435,-74.06478824341657,26.691056678681168,completed
T01707,2024-01-25 22:00:00,New York,Airport,40.785964321542195,-74.07694473069375,18.35147449892469,completed
T00463,2024-01-25 22:00:00,New York,Downtown,40.68930312971934,-73.98995337574185,11.005482403675675,completed
T00453,2024-01-25 23:00:00,New York,Airport,40.73147293067739,-74.01360957510938,27.47413724423088,cancelled
T01630,2024-01-25 23:00:00,San Francisco,Downtown,37.884001358134036,-122.3202379092889,41.55824074100726,completed
T04718,2024-01-25 23:00:00,New York,Downtown,40.76869319067834,-73.92360925071867,22.475772024009693,completed
T01753,2024-01-25 23:00:00,New York,Airport,40.621085740954804,-74.04771537619882,20.083759210236074,completed
T03196,2024-01-25 23:00:00,London,Downtown,51.48572261565338,-0.15619155102228166,19.25984589036836,completed
T00538,2024-01-25 23:00:00,New York,Airport,40.69107676551042,-74.0244671373088,28.683956047426125,completed
T00409,2024-01-26 00:00:00,New York,Suburbs,40.75958388149564,-74.0590169912529,18.546779091889796,completed
T01837,2024-01-26 00:00:00,San Francisco,Downtown,37.78549588968577,-122.34558740757524,10.15453062885035,completed
T02417,2024-01-26 00:00:00,New York,Downtown,40.71894715156936,-74.1148183076631,69.37804249922972,completed
T02866,2024-01-26 00:00:00,London,Downtown,51.452110238430926,-0.10588478787928653,12.723967083963608,completed
T04310,2024-01-26 00:00:00,New York,Airport,40.676694976646075,-73.95004470417304,6.797998119552426,completed
T01596,2024-01-26 00:00:00,New York,Downtown,40.78583007338747,-73.99908285393336,24.312537248847473,completed
T04366,2024-01-26 01:00:00,San Francisco,Downtown,37.723702352722675,-122.37605296607077,37.64723709443618,cancelled
T03644,2024-01-26 01:00:00,New York,Downtown,40.67720956832028,-73.97100509145653,45.013186139252966,no_driver
T04468,2024-01-26 02:00:00,New York,Downtown,40.71676703813829,-73.97861095620114,10.485459965622777,cancelled
T02402,2024-01-26 02:00:00,New York,Downtown,40.710953437613746,-73.95477200147829,28.675498509450588,completed
T04300,2024-01-26 02:00:00,London,Downtown,51.527755965021704,-0.12487092093310265,29.913064134877423,completed
T00363,2024-01-26 02:00:00,New York,Downtown,40.61578152021191,-74.06274670503478,30.196112848745557,completed
T00191,2024-01-26 02:00:00,New York,Downtown,40.68839458944309,-74.10474611887759,21.930589375563702,completed
T02485,2024-01-26 03:00:00,New York,Suburbs,40.73405086590568,-73.94673070779085,7.731997443432242,completed
T03101,2024-01-26 03:00:00,New York,Downtown,40.67606952655926,-74.02561343811547,18.01459473113436,completed
T01922,2024-01-26 03:00:00,London,Downtown,51.48728085766611,-0.154843480270086,7.834497566339815,completed
T03748,2024-01-26 03:00:00,San Francisco,Suburbs,37.804795992839686,-122.4850813726633,29.375233117862845,no_driver
T02898,2024-01-26 04:00:00,New York,Suburbs,40.73407984048476,-74.02357434016876,23.011249903317154,completed
T00328,2024-01-26 04:00:00,New York,Downtown,40.74169993718672,-73.96588637632554,56.52061775351201,completed
T03657,2024-01-26 04:00:00,San Francisco,Downtown,37.81310445282754,-122.35776745322794,17.529240928431136,cancelled
T01378,2024-01-26 04:00:00,San Francisco,Downtown,37.776618823983064,-122.36156265853606,10.620353532441658,completed
T03955,2024-01-26 04:00:00,San Francisco,Downtown,37.72707443439419,-122.42370667586356,33.18121003009611,completed
T03118,2024-01-26 04:00:00,New York,Suburbs,40.72846571523826,-73.95808447917372,12.612220676694033,no_driver
T01866,2024-01-26 04:00:00,New York,Downtown,40.71433398362577,-73.95292756666639,21.434713492563812,completed
T00251,2024-01-26 04:00:00,San Francisco,Downtown,37.78931102392109,-122.34234524553115,12.241417520465909,completed
T03213,2024-01-26 05:00:00,London,Airport,51.48387812432047,-0.14324923947684434,38.64526747295588,completed
T04345,2024-01-26 05:00:00,San Francisco,Downtown,37.691115291548144,-122.43053648872362,21.80782770232107,completed
T00272,2024-01-26 05:00:00,San Francisco,Suburbs,37.79366690735445,-122.36592281877486,16.763845119835352,completed
T01315,2024-01-26 05:00:00,San Francisco,Downtown,37.78578441520925,-122.37135879132055,22.21230328840344,no_driver
T00300,2024-01-26 05:00:00,New York,Airport,40.65820293968507,-74.07365379723169,22.64158427630511,completed
T02674,2024-01-26 05:00:00,San Francisco,Airport,37.83302628204525,-122.44339761763992,26.1171892827379,completed
T04029,2024-01-26 05:00:00,New York,Suburbs,40.765450620321126,-74.02985705078643,21.323390854568352,completed
T00176,2024-01-26 05:00:00,San Francisco,Downtown,37.76535971968288,-122.4103718062906,9.799006108129834,completed
T02374,2024-01-26 05:00:00,New York,Downtown,40.74097546645943,-74.01453108767707,28.943013983907075,completed
T04297,2024-01-26 06:00:00,New York,Suburbs,40.79709296156685,-73.97989363370937,38.80786824162291,cancelled
T03761,2024-01-26 06:00:00,San Francisco,Downtown,37.774221841869995,-122.46078336317333,28.256022678776546,completed
T04568,2024-01-26 06:00:00,London,Downtown,51.439790656600096,-0.06579099071227557,29.436869496169127,completed
T00592,2024-01-26 06:00:00,London,Suburbs,51.5181925847801,-0.18774072874549205,37.26067341080807,completed
T03551,2024-01-26 06:00:00,New York,Downtown,40.70498785461645,-73.90028303743378,11.086103353906156,completed
T01319,2024-01-26 06:00:00,New York,Suburbs,40.65815746155623,-73.99159718472067,50.883903298826326,completed
T03291,2024-01-26 06:00:00,London,Airport,51.522623126218114,-0.11811080419078748,35.29913149766698,completed
T03141,2024-01-26 06:00:00,London,Downtown,51.49203199271752,-0.2156614991444189,17.983086814800032,completed
T03074,2024-01-26 06:00:00,London,Downtown,51.44280292071861,-0.09010041349644463,14.188890075266292,completed
T04033,2024-01-26 06:00:00,San Francisco,Suburbs,37.746065708771255,-122.3994023791458,23.147874391288152,cancelled
T02219,2024-01-26 07:00:00,New York,Airport,40.742521817121144,-73.9972268067991,27.90194957540767,cancelled
T00745,2024-01-26 07:00:00,New York,Downtown,40.746123212063274,-74.06101408856736,28.0176705258283,completed
T01064,2024-01-26 07:00:00,San Francisco,Downtown,37.72910672441322,-122.34343313114329,14.67565682867568,completed
T01845,2024-01-26 07:00:00,New York,Downtown,40.75016608686085,-73.93969549892839,24.341371624417768,completed
T03187,2024-01-26 07:00:00,New York,Suburbs,40.64253317404189,-73.93695035035704,12.510412489826134,completed
T02122,2024-01-26 07:00:00,New York,Downtown,40.73296312513354,-73.8899647370978,20.727264178442308,completed
T00916,2024-01-26 07:00:00,San Francisco,Downtown,37.69786294910242,-122.39634030394592,51.03945791609181,completed
T00879,2024-01-26 07:00:00,San Francisco,Downtown,37.76208191575504,-122.479974682604,30.712577864439098,completed
T04043,2024-01-26 07:00:00,San Francisco,Suburbs,37.73333223491325,-122.49415083782874,15.123748402131413,completed
T04783,2024-01-26 07:00:00,New York,Downtown,40.64622535367638,-73.94285703828702,63.89540695206374,no_driver
T02654,2024-01-26 08:00:00,London,Downtown,51.38808104345225,-0.21869914955830708,16.03806480873917,completed
T04864,2024-01-26 08:00:00,New York,Downtown,40.66397957293025,-74.05963485784606,36.89156644626967,completed
T02439,2024-01-26 09:00:00,San Francisco,Downtown,37.76794859396432,-122.48517860451373,36.60465311731606,completed
T04145,2024-01-26 09:00:00,New York,Downtown,40.62583613603947,-73.99896282183448,14.106563551488776,completed
T02764,2024-01-26 09:00:00,San Francisco,Downtown,37.81019213605126,-122.47827277133274,11.345297852255214,completed
T00709,2024-01-26 09:00:00,San Francisco,Downtown,37.754572005640945,-122.45140737238636,18.047708493469045,completed
T02627,2024-01-26 09:00:00,San Francisco,Airport,37.81913614505789,-122.39587100166374,41.40973268245428,completed
T03522,2024-01-26 09:00:00,New York,Downtown,40.68516805105162,-74.0546556093663,24.1235120007431,completed
T00301,2024-01-26 09:00:00,San Francisco,Downtown,37.77934039009318,-122.38837294651395,16.563627322183997,completed
T02548,2024-01-26 10:00:00,New York,Airport,40.742506532045724,-74.11822689173914,27.770939634285348,completed
T04781,2024-01-26 10:00:00,San Francisco,Downtown,37.6865654521342,-122.42226653856041,11.747908236132147,completed
T01809,2024-01-26 10:00:00,New York,Downtown,40.83108378556357,-74.06601216594126,28.883922952351853,completed
T03399,2024-01-26 10:00:00,San Francisco,Downtown,37.80287293343836,-122.47411542663951,19.921394491691565,cancelled
T03277,2024-01-26 10:00:00,London,Airport,51.50488019132275,-0.17430866568727552,47.13052696969666,completed
T01439,2024-01-26 10:00:00,New York,Downtown,40.75913633157308,-73.97083086906983,19.100930649372813,cancelled
T00513,2024-01-26 10:00:00,San Francisco,Downtown,37.874508761428565,-122.40902280628218,7.063917185814832,completed
T00633,2024-01-26 10:00:00,San Francisco,Suburbs,37.77251281991672,-122.45657242289961,36.46819170827942,completed
T02326,2024-01-26 11:00:00,San Francisco,Downtown,37.69513535596892,-122.43632061722032,22.45787472525328,completed
T03967,2024-01-26 11:00:00,London,Downtown,51.59821844060131,-0.15697058014718218,17.743791130667855,completed
T01517,2024-01-26 11:00:00,New York,Downtown,40.71418205894208,-74.06056279305704,37.810113764419754,completed
T01375,2024-01-26 11:00:00,San Francisco,Downtown,37.82029876278098,-122.40227018524612,21.849311408735545,completed
T03858,2024-01-26 11:00:00,New York,Suburbs,40.68748361422811,-74.04345645213596,30.09131467296565,completed
T01247,2024-01-26 11:00:00,London,Downtown,51.473931700618515,-0.1654173476179635,7.560936362521815,completed
T00332,2024-01-26 11:00:00,San Francisco,Suburbs,37.811134054667924,-122.36693972280912,17.518967596020385,completed
T04758,2024-01-26 11:00:00,New York,Downtown,40.71161199065585,-74.00303709636354,23.32623534750043,cancelled
T02845,2024-01-26 11:00:00,San Francisco,Downtown,37.75870572180925,-122.54178682469052,36.32782388715993,completed
T02090,2024-01-26 11:00:00,New York,Downtown,40.6706447449634,-73.99594249177561,13.428830120424854,completed
T01651,2024-01-26 11:00:00,New York,Airport,40.678302250210415,-73.97193605493374,41.35966121255585,completed
T01576,2024-01-26 11:00:00,New York,Downtown,40.59892623256163,-73.96645497617315,9.696695376527213,completed
T03506,2024-01-26 12:00:00,New York,Airport,40.68663947271754,-73.9629687786446,16.3059265338496,completed
T04533,2024-01-26 12:00:00,London,Airport,51.493178938575085,-0.16175808616214615,54.699915036893515,completed
T04866,2024-01-26 12:00:00,San Francisco,Airport,37.804192331522444,-122.43001500502851,20.10395741593614,completed
T00018,2024-01-26 12:00:00,San Francisco,Downtown,37.82704631632185,-122.4477278344478,38.58097338299797,cancelled
T00718,2024-01-26 12:00:00,San Francisco,Downtown,37.74134572355976,-122.36283570166535,16.700789138026693,completed
T02649,2024-01-26 12:00:00,London,Downtown,51.505028890968646,-0.03190867543486722,33.713290986376194,completed
T03807,2024-01-26 13:00:00,San Francisco,Downtown,37.75075553274595,-122.40107784839316,26.215462549464398,completed
T02739,2024-01-26 13:00:00,San Francisco,Downtown,37.83471616639429,-122.398176599466,62.952711909246304,completed
T01096,2024-01-26 13:00:00,New York,Downtown,40.649137635555405,-73.98485471705357,18.217869653651746,completed
T04199,2024-01-26 13:00:00,New York,Suburbs,40.72340894476346,-74.09776435270666,23.945938844249355,completed
T03302,2024-01-26 13:00:00,New York,Downtown,40.68210069056097,-74.04811159671594,92.01925414323257,completed
T01969,2024-01-26 13:00:00,New York,Downtown,40.77917149783747,-73.98716398929614,25.68815243232872,completed
T00965,2024-01-26 13:00:00,San Francisco,Suburbs,37.77912579486735,-122.3939303383758,36.37531854960888,completed
T02431,2024-01-26 13:00:00,New York,Suburbs,40.70155010358444,-73.92784910535703,36.136415871062084,completed
T03203,2024-01-26 13:00:00,San Francisco,Downtown,37.78581029865139,-122.42089338666337,16.30977540847927,completed
T04174,2024-01-26 13:00:00,San Francisco,Downtown,37.81125597978821,-122.36505167443262,15.172707865152773,completed
T00353,2024-01-26 13:00:00,New York,Suburbs,40.76201151087555,-74.00503403111371,5.667773038620732,completed
T02848,2024-01-26 13:00:00,New York,Airport,40.745336416337736,-73.95137140556777,49.90906592606723,completed
T00535,2024-01-26 13:00:00,London,Downtown,51.52026854730559,-0.1023743829678043,13.398109224098127,completed
T02132,2024-01-26 14:00:00,New York,Suburbs,40.66979693760711,-73.91640556091909,16.786699710088442,cancelled
T03403,2024-01-26 14:00:00,New York,Downtown,40.710383384003094,-74.00361901717295,24.028118712170844,completed
T03242,2024-01-26 14:00:00,San Francisco,Downtown,37.7563283020685,-122.4357147832413,14.009544055200676,completed
T03323,2024-01-26 14:00:00,New York,Downtown,40.74092759434152,-73.98221520496239,21.205152724913823,completed
T02062,2024-01-26 14:00:00,San Francisco,Suburbs,37.791705080125546,-122.37779794074265,6.13179268791686,completed
T04480,2024-01-26 14:00:00,San Francisco,Suburbs,37.662813019392686,-122.50673511969688,13.734318400710826,completed
T04927,2024-01-26 14:00:00,New York,Downtown,40.73893965666437,-73.97563248984638,15.484514388393194,no_driver
T01269,2024-01-26 14:00:00,New York,Downtown,40.62712093373755,-74.01654733213151,21.900051492283804,completed
T02292,2024-01-26 14:00:00,New York,Suburbs,40.6393957290215,-73.97427587220251,26.720355042594996,completed
T04122,2024-01-26 14:00:00,London,Suburbs,51.56162923936706,-0.1585667234522477,9.860864220025661,completed
T03503,2024-01-26 14:00:00,New York,Downtown,40.758798832120874,-73.99187140830482,21.79757974791897,completed
T00737,2024-01-26 14:00:00,New York,Airport,40.71491530038161,-73.92984781340043,32.36444038298902,completed
T04599,2024-01-26 14:00:00,New York,Airport,40.74780105633295,-73.98637480452398,27.14253210453201,completed
T03605,2024-01-26 15:00:00,San Francisco,Suburbs,37.8336344651328,-122.44335026391042,10.935386493412892,completed
T03928,2024-01-26 15:00:00,New York,Airport,40.62433221145984,-73.94958596348215,15.705058062464389,cancelled
T01193,2024-01-26 15:00:00,New York,Suburbs,40.75615357915734,-74.04610295006594,11.798000687594072,completed
T01615,2024-01-26 15:00:00,London,Downtown,51.53921975833358,-0.0459585199427945,22.994759722844332,completed
T03533,2024-01-26 16:00:00,San Francisco,Airport,37.78459005876063,-122.41923949019078,25.594673552160636,completed
T02785,2024-01-26 16:00:00,New York,Suburbs,40.77013345318544,-74.00745937876884,17.45364568426349,completed
T02103,2024-01-26 16:00:00,New York,Downtown,40.719108406721354,-73.96281123695042,15.537185013519256,completed
T03079,2024-01-26 16:00:00,New York,Downtown,40.66159972980309,-74.10903489907322,15.440390112167288,completed
T04769,2024-01-26 17:00:00,London,Suburbs,51.54425734044796,-0.08135377856605344,55.45687743140633,completed
T03874,2024-01-26 17:00:00,London,Suburbs,51.41006059756878,-0.11476257324185275,17.475726973416265,completed
T01004,2024-01-26 17:00:00,San Francisco,Suburbs,37.71186367599503,-122.38871558207762,33.44537014579869,completed
T01645,2024-01-26 17:00:00,London,Downtown,51.55219411402686,-0.09975122413944189,17.71020283706123,completed
T01143,2024-01-26 17:00:00,New York,Suburbs,40.75332893451605,-73.96342922048866,75.73405851263135,completed
T00103,2024-01-26 17:00:00,New York,Suburbs,40.76761524560457,-74.07401656102934,39.77508959558358,cancelled
T01012,2024-01-26 18:00:00,New York,Downtown,40.69485290273469,-74.04898520095308,22.651724316855347,completed
T01749,2024-01-26 18:00:00,San Francisco,Airport,37.80185972408213,-122.39885343777856,35.96052755244453,completed
T03381,2024-01-26 18:00:00,New York,Downtown,40.677529526658965,-74.01702188302771,55.4077605122298,completed
T02186,2024-01-26 18:00:00,New York,Suburbs,40.64340025298113,-73.86038594267089,17.317316458854627,completed
T00962,2024-01-26 18:00:00,London,Downtown,51.48318201370264,-0.15411457350272917,23.837223488803797,completed
T03070,2024-01-26 18:00:00,New York,Airport,40.66238446916041,-73.98969738134235,40.98728673073042,completed
T00032,2024-01-26 18:00:00,San Francisco,Downtown,37.74304695791007,-122.33763103332787,25.70581836430996,cancelled
T00175,2024-01-26 18:00:00,San Francisco,Downtown,37.76652399933351,-122.34449240540545,15.81391033364428,completed
T00335,2024-01-26 18:00:00,New York,Downtown,40.703679530826896,-73.9475325635642,17.277747454411887,completed
T02047,2024-01-26 18:00:00,San Francisco,Suburbs,37.71782018465615,-122.39941798277832,13.024772222481912,cancelled
T02918,2024-01-26 19:00:00,San Francisco,Downtown,37.85494815774878,-122.47934525190179,17.8389693284052,completed
T03298,2024-01-26 19:00:00,London,Downtown,51.53547833674366,-0.2169926456258295,35.46078874869298,completed
T00616,2024-01-26 19:00:00,New York,Downtown,40.63241622679955,-74.03716733017299,8.958357879526524,completed
T01360,2024-01-26 20:00:00,New York,Downtown,40.83593105694261,-73.98163894004817,19.82480805549674,completed
T03252,2024-01-26 20:00:00,New York,Downtown,40.70937573589624,-73.96976310909095,8.347539846763508,completed
T02453,2024-01-26 20:00:00,New York,Downtown,40.775871323136414,-74.00537960794975,31.83171938503902,completed
T03140,2024-01-26 20:00:00,London,Suburbs,51.495959922427446,-0.10588451922040348,22.09172151255561,completed
T03994,2024-01-26 20:00:00,New York,Downtown,40.743636117845654,-74.09352268500389,26.28362478729715,completed
T02002,2024-01-26 20:00:00,New York,Airport,40.75511860736164,-73.99159340476943,8.157629254162014,completed
T01072,2024-01-26 20:00:00,San Francisco,Suburbs,37.7541053125318,-122.4208856925748,24.31324418248572,cancelled
T00442,2024-01-26 21:00:00,New York,Airport,40.74938857380265,-73.99212279088671,28.106120135909517,completed
T02533,2024-01-26 21:00:00,San Francisco,Downtown,37.85970884442784,-122.36871594718336,17.787916732995832,completed
T03741,2024-01-26 21:00:00,San Francisco,Airport,37.84695442318679,-122.44856377019393,19.789441283334675,completed
T04788,2024-01-26 21:00:00,San Francisco,Airport,37.796469418446165,-122.37973985160055,16.207054764664452,completed
T03786,2024-01-26 22:00:00,London,Airport,51.455709260250146,-0.19338770302479924,23.06941593288058,completed
T04623,2024-01-26 22:00:00,New York,Downtown,40.786651468194286,-73.9531115823676,11.362056195688488,completed
T02210,2024-01-26 23:00:00,London,Airport,51.59439397773317,-0.13475331974488616,69.78985101210061,completed
T04490,2024-01-26 23:00:00,New York,Downtown,40.71835751391744,-73.94881027566639,13.118822218842702,completed
T01525,2024-01-26 23:00:00,New York,Airport,40.62744411379239,-74.01236258907754,22.527238505935024,completed
T00194,2024-01-26 23:00:00,New York,Suburbs,40.60793132832547,-73.85026254986111,9.57508697215011,completed
T02557,2024-01-27 00:00:00,New York,Downtown,40.7371076822673,-73.94151936928301,36.675913951819425,completed
T04653,2024-01-27 00:00:00,New York,Downtown,40.61079818340505,-74.03259460589946,23.870176128969383,completed
T00364,2024-01-27 00:00:00,San Francisco,Airport,37.78190896362172,-122.43451150184009,17.265074883349694,cancelled
T01365,2024-01-27 00:00:00,London,Downtown,51.527707497604645,-0.16196639097585835,18.41724083096699,completed
T01687,2024-01-27 00:00:00,San Francisco,Downtown,37.757076699869984,-122.44277138140511,16.15674204437333,completed
T04411,2024-01-27 00:00:00,San Francisco,Suburbs,37.735116806593595,-122.45219670242882,6.506453620335632,completed
T01561,2024-01-27 00:00:00,New York,Airport,40.625910323754646,-73.96399614316095,20.86756639816465,completed
T04136,2024-01-27 00:00:00,New York,Suburbs,40.675322688062636,-73.94234510928811,45.258447213583175,completed
T04524,2024-01-27 00:00:00,London,Suburbs,51.500408248175304,-0.24730556679548876,62.61273153323213,completed
T03986,2024-01-27 00:00:00,New York,Airport,40.784277785650325,-74.0497913647013,23.450305564501118,completed
T00211,2024-01-27 00:00:00,San Francisco,Downtown,37.79308023327458,-122.37923872197376,24.319073778586304,completed
T00177,2024-01-27 01:00:00,New York,Suburbs,40.7088789416444,-74.04914406094748,27.57198627334587,completed
T01079,2024-01-27 01:00:00,New York,Downtown,40.68457417651749,-74.02957013735914,29.96883645037945,completed
T03520,2024-01-27 01:00:00,San Francisco,Downtown,37.804676180289775,-122.40596109433896,30.25630169117362,completed
T04121,2024-01-27 02:00:00,San Francisco,Suburbs,37.84683687012403,-122.40227153154426,19.996120818185737,completed
T04553,2024-01-27 02:00:00,New York,Suburbs,40.678358740149946,-73.98777444322313,7.089475913774466,completed
T00148,2024-01-27 02:00:00,London,Downtown,51.50164386627207,-0.14469993508235893,18.098727902823917,completed
T02768,2024-01-27 02:00:00,New York,Suburbs,40.69345232271878,-74.07122598800457,27.396652800388704,completed
T04806,2024-01-27 02:00:00,San Francisco,Airport,37.7728272324594,-122.40565027596455,11.358188937129913,cancelled
T03126,2024-01-27 02:00:00,New York,Downtown,40.701121097748896,-73.94917667857052,9.708837485667623,completed
T02391,2024-01-27 03:00:00,London,Suburbs,51.50401169939188,-0.18778536440610916,30.846635578965376,completed
T01862,2024-01-27 03:00:00,San Francisco,Airport,37.73173532160012,-122.40687406589336,14.686067129517397,completed
T02580,2024-01-27 03:00:00,San Francisco,Downtown,37.74242944883353,-122.43533526222151,23.127999498794832,completed
T04514,2024-01-27 03:00:00,New York,Downtown,40.73852137275114,-73.94280934434845,20.636930871829605,completed
T04463,2024-01-27 03:00:00,San Francisco,Downtown,37.82929542468237,-122.46974796382312,30.518072090919034,completed
T02023,2024-01-27 04:00:00,New York,Downtown,40.63470602819388,-74.04610274929391,23.564011479545638,completed
T03037,2024-01-27 04:00:00,San Francisco,Suburbs,37.772712043472765,-122.33879022647962,26.375155996397908,completed
T01254,2024-01-27 04:00:00,New York,Downtown,40.73792227472518,-74.03277559298236,28.876899778673966,completed
T02332,2024-01-27 04:00:00,London,Suburbs,51.427541815277586,-0.15578528057461538,14.922760487251397,completed
T04559,2024-01-27 04:00:00,New York,Downtown,40.59661994703039,-74.05058232234882,35.13996733104447,completed
T04829,2024-01-27 04:00:00,San Francisco,Downtown,37.73304385464435,-122.4978195817602,17.751421233870282,no_driver
T02993,2024-01-27 04:00:00,San Francisco,Airport,37.71286475511124,-122.34449008908189,25.969151934455393,completed
T00518,2024-01-27 04:00:00,New York,Airport,40.71679784933829,-74.01727776463352,32.86465060480872,completed
T01698,2024-01-27 04:00:00,San Francisco,Airport,37.75040876001671,-122.40868930420157,20.263109451679114,completed
T00070,2024-01-27 04:00:00,San Francisco,Downtown,37.806695570883555,-122.32520585877889,14.774688576792647,completed
T02153,2024-01-27 04:00:00,San Francisco,Downtown,37.78718250635572,-122.4139973803364,37.98900424728751,completed
T02841,2024-01-27 05:00:00,London,Downtown,51.43125464112995,-0.2392393209321612,19.223018332964546,no_driver
T02574,2024-01-27 05:00:00,San Francisco,Airport,37.80080096279878,-122.28420732359751,55.56246410704841,completed
T02097,2024-01-27 05:00:00,New York,Downtown,40.674363581374486,-73.96032090709271,39.085778177771495,completed
T01623,2024-01-27 05:00:00,New York,Airport,40.75198724042772,-74.0354321006151,9.364349927409464,completed
T02024,2024-01-27 06:00:00,New York,Airport,40.75153619724878,-73.98267138286215,26.803286589678386,completed
T04843,2024-01-27 06:00:00,New York,Downtown,40.72070998611577,-73.97270989322737,10.425079985776142,completed
T02614,2024-01-27 06:00:00,London,Downtown,51.573869729337396,-0.12955838131129863,26.51776347252165,completed
T02135,2024-01-27 06:00:00,New York,Downtown,40.69150623132841,-74.04776510777916,12.217167192052129,cancelled
T03402,2024-01-27 06:00:00,London,Airport,51.530919913775584,-0.14501272543134835,20.44132234615197,completed
T04510,2024-01-27 06:00:00,New York,Suburbs,40.64415142092207,-74.05325801776765,51.84113935267323,completed
T02011,2024-01-27 07:00:00,New York,Downtown,40.724399861295204,-73.96522829110994,20.217293304819997,completed
T02474,2024-01-27 07:00:00,London,Downtown,51.51271535811066,-0.13862515718778803,7.338442053710478,no_driver
T02497,2024-01-27 07:00:00,New York,Downtown,40.80675453801225,-74.05144767934404,16.811159419849147,completed
T00656,2024-01-27 07:00:00,New York,Downtown,40.68195104285316,-73.96394471794345,19.675838873489553,completed
T00651,2024-01-27 07:00:00,London,Downtown,51.438484741328764,0.004166062555573502,25.30233565206329,completed
T04954,2024-01-27 07:00:00,New York,Suburbs,40.653365802410974,-73.99117394474321,45.49867595015297,completed
T04512,2024-01-27 07:00:00,San Francisco,Downtown,37.80889797746981,-122.42072907083731,20.31666358617113,completed
T01568,2024-01-27 07:00:00,London,Downtown,51.483889941070935,-0.17347694728076635,16.568225484972615,completed
T03477,2024-01-27 07:00:00,New York,Downtown,40.69506772884861,-74.01621973069075,50.12192421141363,completed
T04073,2024-01-27 08:00:00,San Francisco,Suburbs,37.82818470726018,-122.404013097453,19.117895755207012,completed
T04333,2024-01-27 08:00:00,London,Airport,51.467813154692976,-0.15301938946450222,16.891974826187095,completed
T04684,2024-01-27 08:00:00,San Francisco,Downtown,37.777191155800885,-122.35438601943267,54.87469444231031,completed
T04918,2024-01-27 08:00:00,London,Suburbs,51.47534416255455,-0.1679004002639763,7.778658215739205,completed
T03485,2024-01-27 08:00:00,New York,Suburbs,40.71672105455526,-74.07649498653659,13.773720737214374,completed
T01638,2024-01-27 08:00:00,New York,Downtown,40.6688555831613,-74.02291617340519,35.19397416665207,completed
T00327,2024-01-27 09:00:00,London,Downtown,51.50199160059068,-0.12669576714262823,14.973934406394923,completed
T03866,2024-01-27 09:00:00,San Francisco,Suburbs,37.7489255742522,-122.42852771274136,17.513943355346743,completed
T02416,2024-01-27 09:00:00,San Francisco,Suburbs,37.79795922629721,-122.36083859725603,28.43675875218477,completed
T00344,2024-01-27 09:00:00,New York,Airport,40.77359305604723,-73.97702470090289,20.82042351479814,completed
T01134,2024-01-27 09:00:00,New York,Downtown,40.73519502670238,-73.9868173350142,8.512886616495194,completed
T03384,2024-01-27 09:00:00,London,Downtown,51.514355566026005,-0.12639858245425623,51.63100043405123,cancelled
T04087,2024-01-27 09:00:00,San Francisco,Airport,37.71778689460017,-122.42074206643204,26.77562545200315,completed
T01303,2024-01-27 09:00:00,New York,Suburbs,40.71121157871984,-73.96693543022349,17.50340786318367,completed
T02676,2024-01-27 09:00:00,San Francisco,Downtown,37.74460637986249,-122.3552445141344,21.928641625646243,completed
T01047,2024-01-27 09:00:00,New York,Downtown,40.67727024535581,-74.03581165499395,33.95157388320136,completed
T04989,2024-01-27 10:00:00,New York,Airport,40.78108551304437,-74.0715479675856,20.45508726955178,completed
T01337,2024-01-27 10:00:00,San Francisco,Suburbs,37.81940144934782,-122.41263317951552,10.818359378539368,completed
T03545,2024-01-27 10:00:00,New York,Suburbs,40.73895788092059,-73.9799539640338,19.26911383431171,completed
T03540,2024-01-27 10:00:00,New York,Airport,40.68369045739512,-74.04658768178685,21.670775760864004,completed
T03849,2024-01-27 10:00:00,New York,Suburbs,40.713061259057724,-74.03008144014838,24.76227984923282,no_driver
T04984,2024-01-27 10:00:00,San Francisco,Downtown,37.75150701129032,-122.43999782098739,9.256129548922132,completed
T04239,2024-01-27 10:00:00,San Francisco,Downtown,37.74942851371733,-122.48176449611542,13.804752844165641,completed
T01213,2024-01-27 10:00:00,New York,Suburbs,40.662882434919325,-74.06218415065851,10.061264066550166,completed
T00957,2024-01-27 10:00:00,New York,Downtown,40.74632024316868,-73.98902192414124,20.48063103750082,completed
T04228,2024-01-27 10:00:00,New York,Suburbs,40.77833833338844,-74.02014527240479,29.865615201200026,no_driver
T01897,2024-01-27 11:00:00,New York,Downtown,40.7519099283849,-74.00008646391701,13.505577560443282,completed
T01219,2024-01-27 11:00:00,London,Suburbs,51.48843734220346,-0.08305046004352713,9.283361967061566,completed
T00229,2024-01-27 11:00:00,New York,Airport,40.70252286449304,-74.00214431985495,7.029917947864641,completed
T04755,2024-01-27 11:00:00,San Francisco,Downtown,37.78069691519411,-122.44504994241723,32.486577908265716,no_driver
T00655,2024-01-27 11:00:00,New York,Downtown,40.67790329646181,-73.98729146525918,34.326690031518204,completed
T03934,2024-01-27 11:00:00,New York,Downtown,40.74434592174049,-73.97647415398305,22.68408083501032,completed
T01258,2024-01-27 12:00:00,New York,Suburbs,40.72411612688034,-73.9713790578214,27.62972996171171,cancelled
T00577,2024-01-27 12:00:00,New York,Airport,40.62284140230921,-73.99317392135008,32.93233172885144,completed
T04523,2024-01-27 12:00:00,New York,Downtown,40.69965930416703,-73.96639792478561,10.51119629451069,completed
T04715,2024-01-27 12:00:00,London,Downtown,51.508192233385515,-0.10816424604433827,13.3878335070583,completed
T00537,2024-01-27 12:00:00,New York,Downtown,40.71165876220724,-73.98159354822704,21.23851690811763,cancelled
T00092,2024-01-27 12:00:00,New York,Downtown,40.68556940242084,-74.02459798867588,10.95794692431581,completed
T02175,2024-01-27 13:00:00,New York,Airport,40.70233640820677,-73.94884882818758,28.3338771104943,completed
T03243,2024-01-27 13:00:00,New York,Downtown,40.72160248436261,-73.89783038816013,16.531989799217776,completed
T01628,2024-01-27 13:00:00,New York,Airport,40.7606044563262,-74.05674188130945,78.24392363892058,completed
T01381,2024-01-27 13:00:00,New York,Downtown,40.653929126628434,-73.95715072008139,19.2771624430607,completed
T00852,2024-01-27 13:00:00,San Francisco,Downtown,37.795704075967414,-122.49084249598624,41.670414236151046,completed
T03576,2024-01-27 13:00:00,San Francisco,Downtown,37.751246715999436,-122.42619535066581,13.656619471279903,completed
T04733,2024-01-27 13:00:00,San Francisco,Suburbs,37.8489441795648,-122.33903829662074,29.64296236546103,completed
T04099,2024-01-27 14:00:00,San Francisco,Downtown,37.771536607206535,-122.50636419316999,36.38908841898977,completed
T01523,2024-01-27 14:00:00,New York,Suburbs,40.79087606527233,-74.09992639968036,8.63343893731359,completed
T04615,2024-01-27 14:00:00,London,Downtown,51.45572320072985,-0.1524799202106594,26.283652369826758,completed
T02310,2024-01-27 14:00:00,New York,Downtown,40.65796365749574,-74.00543422892672,13.171704662236937,completed
T00049,2024-01-27 14:00:00,London,Downtown,51.48706574998216,-0.1229300526969647,24.788666028954765,completed
T01692,2024-01-27 14:00:00,San Francisco,Downtown,37.77570092494065,-122.47131164589798,25.62679627309668,cancelled
T04552,2024-01-27 14:00:00,San Francisco,Downtown,37.785300044659785,-122.41217420307686,45.76904050421594,completed
T04077,2024-01-27 14:00:00,San Francisco,Airport,37.76124354274223,-122.42138820165344,35.56856586186399,completed
T04020,2024-01-27 14:00:00,New York,Airport,40.688824617271,-74.03763693474373,39.63572702667095,completed
T00401,2024-01-27 15:00:00,San Francisco,Suburbs,37.76752040598489,-122.39951002186501,10.767949764593224,completed
T04596,2024-01-27 15:00:00,New York,Downtown,40.71868356988896,-74.01264828542666,11.80846357971255,completed
T04331,2024-01-27 15:00:00,London,Suburbs,51.37086845581028,-0.1678546413318188,19.965289758009284,completed
T03056,2024-01-27 15:00:00,New York,Downtown,40.72771351162484,-73.98446696016995,20.569648456102854,completed
T01212,2024-01-27 15:00:00,London,Downtown,51.593083511292235,-0.10567623290400019,15.040109485847369,cancelled
T02128,2024-01-27 15:00:00,New York,Downtown,40.7584556734394,-74.04468338826187,15.19153352026551,completed
T00129,2024-01-27 15:00:00,San Francisco,Suburbs,37.70646749071417,-122.52317253359858,46.46217036250909,completed
T00124,2024-01-27 15:00:00,New York,Downtown,40.73573235654588,-74.01842677365778,12.99096271492294,completed
T02987,2024-01-27 15:00:00,New York,Downtown,40.787472422586944,-74.01958141915895,50.91993411175963,completed
T01141,2024-01-27 15:00:00,New York,Downtown,40.689649109895804,-73.99054094615089,49.000841863692024,completed
T02961,2024-01-27 16:00:00,New York,Airport,40.691009632368306,-73.95431735074641,16.69034531869066,completed
T03747,2024-01-27 16:00:00,New York,Downtown,40.76725795723009,-74.04258174868562,14.03580651353353,completed
T02713,2024-01-27 16:00:00,New York,Downtown,40.61857008413371,-74.10757728981605,58.29829587329381,completed
T02631,2024-01-27 16:00:00,New York,Downtown,40.67754215634734,-73.96217828249222,14.68512897548538,completed
T03133,2024-01-27 17:00:00,San Francisco,Airport,37.74414712745281,-122.35149025885563,42.3396140616169,completed
T00455,2024-01-27 17:00:00,San Francisco,Suburbs,37.69308749253363,-122.45894412995445,13.440193246747715,completed
T03899,2024-01-27 17:00:00,New York,Suburbs,40.76203658642281,-73.98837615624471,27.033547490342297,completed
T02583,2024-01-27 17:00:00,New York,Suburbs,40.62909824976212,-74.00175142009594,19.04014125322303,completed
T04980,2024-01-27 17:00:00,New York,Suburbs,40.741904920260644,-73.96786323437797,17.170551674756176,completed
T02201,2024-01-27 17:00:00,New York,Downtown,40.58543038316463,-73.94275145529828,29.304102151962297,completed
T01735,2024-01-27 17:00:00,New York,Downtown,40.710947523459716,-73.99640359407633,50.408312199253984,completed
T04601,2024-01-27 17:00:00,New York,Downtown,40.69311297385096,-73.92585831961694,20.85451328438492,no_driver
T03578,2024-01-27 17:00:00,San Francisco,Suburbs,37.80499994762512,-122.35254357692814,17.972008108663566,completed
T01850,2024-01-27 17:00:00,San Francisco,Airport,37.77110670900076,-122.45787200805778,17.826373198680116,completed
T00418,2024-01-27 18:00:00,New York,Suburbs,40.681469914493306,-74.03418530438799,37.83273915343658,completed
T04682,2024-01-27 18:00:00,New York,Downtown,40.73324310069161,-73.93142548669175,41.91699457566209,completed
T04433,2024-01-27 18:00:00,San Francisco,Airport,37.781589188265386,-122.46327730897079,13.73805801535164,completed
T04074,2024-01-27 18:00:00,San Francisco,Suburbs,37.765861582299564,-122.35390065002274,38.873100767978045,completed
T04251,2024-01-27 19:00:00,London,Downtown,51.55516858027563,-0.1241140762882018,29.22042443433398,completed
T03011,2024-01-27 19:00:00,New York,Downtown,40.66722222764505,-74.04434150552476,36.327152691952634,completed
T01177,2024-01-27 19:00:00,New York,Downtown,40.729294316205994,-74.03371812138816,9.758598300792094,completed
T03469,2024-01-27 19:00:00,New York,Downtown,40.640264527259205,-73.93504334278643,6.92958993054746,completed
T03453,2024-01-27 19:00:00,London,Airport,51.517782860873815,-0.03505988671716864,36.60158447968742,completed
T04644,2024-01-27 19:00:00,New York,Airport,40.68199439299735,-73.96681319717025,30.158516249069024,completed
T03429,2024-01-27 19:00:00,San Francisco,Downtown,37.754742306880104,-122.49447518142084,23.914681007213307,completed
T03284,2024-01-27 19:00:00,San Francisco,Downtown,37.78818526455155,-122.41306520889854,19.42599779540317,completed
T03989,2024-01-27 19:00:00,New York,Downtown,40.754843620484976,-74.00809802141045,24.09511393537668,no_driver
T02253,2024-01-27 20:00:00,New York,Airport,40.697321328691636,-74.02011295872231,11.513332512411294,completed
T03569,2024-01-27 20:00:00,San Francisco,Downtown,37.68863594554234,-122.31671112304068,10.3460240760567,completed
T03871,2024-01-27 20:00:00,London,Airport,51.568492519102065,-0.10284265027342256,20.548039635429774,completed
T02337,2024-01-27 20:00:00,New York,Downtown,40.70898044311512,-74.00931204806112,22.50786764642492,completed
T00627,2024-01-27 20:00:00,San Francisco,Downtown,37.793477538273805,-122.39809247917866,14.398141382057212,completed
T01634,2024-01-27 20:00:00,London,Suburbs,51.60912435241433,-0.089141415751084,32.530004981079834,completed
T00630,2024-01-27 20:00:00,New York,Suburbs,40.780491802258844,-73.99259342116714,18.356470855821076,completed
T00668,2024-01-27 20:00:00,New York,Downtown,40.700222852641225,-73.97636737872972,22.928615357971864,completed
T00141,2024-01-27 21:00:00,London,Suburbs,51.4965539091695,-0.059720430483648126,8.163177993392196,completed
T01197,2024-01-27 21:00:00,San Francisco,Suburbs,37.70712917771543,-122.40353761089658,17.63520576992798,completed
T00547,2024-01-27 21:00:00,New York,Suburbs,40.70000576873066,-74.02617870940726,18.14472314997736,completed
T01972,2024-01-27 21:00:00,New York,Suburbs,40.714345604832566,-74.0877776865863,17.238572024348798,completed
T00255,2024-01-27 21:00:00,New York,Downtown,40.67954328366068,-73.98048740235619,10.644094216583412,completed
T00084,2024-01-27 21:00:00,London,Downtown,51.58481711643042,-0.1988882418195579,13.710119838548147,completed
T04417,2024-01-27 21:00:00,New York,Downtown,40.68163643667749,-73.9905407554302,53.010488687572284,completed
T02753,2024-01-27 22:00:00,San Francisco,Downtown,37.836213952961316,-122.44444986034125,24.21836847939194,completed
T00285,2024-01-27 22:00:00,New York,Downtown,40.6790183034784,-73.9503777471162,29.987965840219708,completed
T01831,2024-01-27 22:00:00,New York,Downtown,40.72110820914437,-74.11066431519939,49.91232222438654,completed
T02228,2024-01-27 22:00:00,San Francisco,Suburbs,37.773822148313315,-122.4244084808458,15.878356412682926,completed
T01914,2024-01-27 23:00:00,London,Suburbs,51.50939405485514,-0.17383242051275619,14.445831758044706,completed
T03565,2024-01-27 23:00:00,New York,Airport,40.74052231800087,-74.02705442814863,15.542072219437735,completed
T02779,2024-01-27 23:00:00,New York,Suburbs,40.785034435888136,-74.05386991554569,42.48270828897526,completed
T02592,2024-01-27 23:00:00,San Francisco,Downtown,37.760307531410184,-122.48470677308026,14.472209488019818,completed
T01595,2024-01-27 23:00:00,New York,Suburbs,40.692219033323575,-73.94996848696243,20.138204804442342,no_driver
T00302,2024-01-28 00:00:00,London,Airport,51.52606095076238,-0.17820523538709984,13.332455184443374,completed
T02976,2024-01-28 00:00:00,San Francisco,Airport,37.73520922780024,-122.44476862749384,19.25412653711191,completed
T00011,2024-01-28 00:00:00,New York,Downtown,40.71307600307885,-74.06401132623894,32.6576720860148,completed
T04218,2024-01-28 00:00:00,New York,Downtown,40.70719490186295,-73.96861102603434,29.557107575611514,completed
T01746,2024-01-28 00:00:00,New York,Downtown,40.76829071826151,-74.04243127589987,29.13918345469262,completed
T00688,2024-01-28 00:00:00,New York,Downtown,40.71330370330515,-74.00369050527827,10.990158146448652,completed
T01188,2024-01-28 00:00:00,San Francisco,Downtown,37.83649547577822,-122.46989084671843,25.591148860265616,cancelled
T03906,2024-01-28 00:00:00,New York,Airport,40.67743375181959,-73.99477967894015,10.093989358747024,completed
T02528,2024-01-28 00:00:00,New York,Downtown,40.67675787842035,-73.97174841719985,39.93637072814598,completed
T04768,2024-01-28 00:00:00,New York,Suburbs,40.71206497406842,-74.07314784235936,11.62672092333656,completed
T01348,2024-01-28 00:00:00,New York,Downtown,40.709069915899505,-73.94984681165413,22.148875280702644,completed
T00457,2024-01-28 01:00:00,London,Downtown,51.520451011121565,-0.09677329551854544,7.978195719807676,cancelled
T01090,2024-01-28 01:00:00,New York,Airport,40.67548939076733,-74.07439795692964,27.176678511675565,completed
T03262,2024-01-28 01:00:00,New York,Suburbs,40.729210826927726,-73.93067416293925,9.060645626048478,completed
T03111,2024-01-28 01:00:00,New York,Downtown,40.762250486224204,-74.04943919738403,31.50644853020573,completed
T03606,2024-01-28 01:00:00,New York,Downtown,40.68284368002295,-73.96316394327678,18.506457909690884,completed
T01744,2024-01-28 01:00:00,London,Downtown,51.538222484873614,-0.14266129378752246,72.44590992972886,completed
T01999,2024-01-28 01:00:00,London,Airport,51.50332279398026,-0.11156829812594098,21.382432736529225,completed
T03441,2024-01-28 02:00:00,San Francisco,Downtown,37.71415206330449,-122.39179097747167,7.427784169905773,completed
T02338,2024-01-28 02:00:00,New York,Downtown,40.7433108574439,-74.0320243972203,31.438940927681323,completed
T02284,2024-01-28 03:00:00,New York,Airport,40.69064334696988,-74.01601353111451,16.85806797168999,completed
T00789,2024-01-28 03:00:00,London,Downtown,51.45686681705597,-0.15493986246560348,18.81676442519306,completed
T00759,2024-01-28 03:00:00,New York,Downtown,40.7575343109265,-74.04950798078796,8.009951983868504,completed
T00886,2024-01-28 03:00:00,San Francisco,Downtown,37.7994047501272,-122.37863460951172,63.93918434566332,no_driver
T02875,2024-01-28 04:00:00,San Francisco,Airport,37.71140081100494,-122.36050537262575,39.23379076377933,completed
T03375,2024-01-28 04:00:00,San Francisco,Airport,37.779711009922416,-122.35810806145557,44.05986650133841,completed
T00966,2024-01-28 04:00:00,San Francisco,Airport,37.72405247583735,-122.39607410737389,21.76505379782005,cancelled
T04835,2024-01-28 04:00:00,New York,Downtown,40.71363831387105,-73.98824717120398,23.167146598030637,completed
T01704,2024-01-28 05:00:00,San Francisco,Downtown,37.79381121393333,-122.45513081563705,10.98983421523907,completed
T01024,2024-01-28 05:00:00,London,Downtown,51.465831188589675,-0.004109477314487575,25.04926908216386,cancelled
T04780,2024-01-28 05:00:00,New York,Airport,40.80860482131025,-74.01124271073353,28.6410772471772,completed
T00131,2024-01-28 05:00:00,San Francisco,Downtown,37.77677302384352,-122.48548197854929,29.23001498095376,completed
T01788,2024-01-28 06:00:00,London,Downtown,51.40741997095265,-0.05865320363466607,10.464641583616624,completed
T00174,2024-01-28 06:00:00,San Francisco,Suburbs,37.822687616545515,-122.44992231010579,13.578388671248444,completed
T02482,2024-01-28 06:00:00,New York,Downtown,40.66676918528143,-74.02066860596948,34.79927110171914,completed
T02164,2024-01-28 06:00:00,London,Downtown,51.50528012958501,-0.10119252814210816,14.371886164957726,completed
T02660,2024-01-28 06:00:00,New York,Airport,40.684914534298784,-73.97231410306944,15.148750144777573,completed
T02823,2024-01-28 06:00:00,San Francisco,Downtown,37.680406611897894,-122.51661821711818,16.987921882625997,completed
T03405,2024-01-28 06:00:00,New York,Downtown,40.73331871667739,-74.03659728659147,41.053201701662545,completed
T03205,2024-01-28 06:00:00,San Francisco,Downtown,37.781656074291796,-122.42162971476932,10.036314967041697,completed
T00839,2024-01-28 06:00:00,New York,Suburbs,40.706250354758694,-74.0478146565366,24.88892265562827,completed
T00721,2024-01-28 06:00:00,London,Downtown,51.54879505106491,-0.127376724932338,29.17038574811381,completed
T04023,2024-01-28 06:00:00,New York,Downtown,40.75140811839569,-74.03548788149033,46.27401029096927,completed
T04660,2024-01-28 07:00:00,San Francisco,Downtown,37.80843249269757,-122.37045862536033,36.57242476079895,completed
T01564,2024-01-28 07:00:00,New York,Downtown,40.757140179055824,-73.9772177984518,31.77968265915335,completed
T03331,2024-01-28 07:00:00,London,Downtown,51.54041372173367,-0.18791340208762755,28.04005640125919,cancelled
T04947,2024-01-28 07:00:00,New York,Downtown,40.67065407422928,-73.97590554164991,13.950738072553277,completed
T02105,2024-01-28 07:00:00,London,Suburbs,51.53511398210193,-0.06251744130038175,22.938899250649552,completed
T01187,2024-01-28 07:00:00,San Francisco,Downtown,37.790003644738626,-122.48951326164556,13.979225247288852,completed
T04027,2024-01-28 07:00:00,London,Downtown,51.40571642803189,-0.12923586068658313,40.19531434035237,completed
T02131,2024-01-28 08:00:00,New York,Airport,40.83860527186031,-73.98384504324908,21.981118015685492,completed
T03434,2024-01-28 08:00:00,New York,Downtown,40.780543418880264,-73.88608980902654,33.68388533203231,completed
T04640,2024-01-28 08:00:00,New York,Suburbs,40.707398553191574,-73.90405618160709,33.91433490376414,no_driver
T00439,2024-01-28 08:00:00,San Francisco,Airport,37.76127166062702,-122.30693877638996,18.738334593823915,completed
T03936,2024-01-28 08:00:00,New York,Downtown,40.662765324284216,-73.9104594512375,10.209855659564582,cancelled
T02998,2024-01-28 08:00:00,San Francisco,Suburbs,37.78301996008779,-122.44185914437374,16.38576708851059,completed
T02896,2024-01-28 08:00:00,New York,Suburbs,40.63634969636517,-73.95603122626255,31.584894470447562,completed
T01362,2024-01-28 08:00:00,San Francisco,Suburbs,37.80149241486656,-122.46576979504603,22.89194791720312,completed
T02289,2024-01-28 08:00:00,New York,Downtown,40.74234769135275,-74.10587684592329,36.60378110478057,completed
T00620,2024-01-28 09:00:00,New York,Downtown,40.7179976805066,-74.04566105662077,27.410696486143703,completed
T03426,2024-01-28 09:00:00,New York,Downtown,40.76321619515254,-74.01103098741237,28.643074096744577,completed
T03176,2024-01-28 09:00:00,New York,Downtown,40.66772359261949,-73.99464575034125,26.689991120202716,completed
T00464,2024-01-28 09:00:00,San Francisco,Suburbs,37.84479072394528,-122.31897471328556,28.93026447438224,completed
T01320,2024-01-28 09:00:00,New York,Suburbs,40.67967910787453,-74.02595669997852,22.98174321378275,cancelled
T04628,2024-01-28 09:00:00,London,Airport,51.520519048143,-0.05857287150745219,15.672841872041566,completed
T04472,2024-01-28 10:00:00,London,Downtown,51.46961925949303,-0.22830638658906094,72.33107248891744,completed
T01445,2024-01-28 10:00:00,New York,Downtown,40.73544567955632,-74.09050272760389,43.640206441350756,completed
T03663,2024-01-28 10:00:00,New York,Airport,40.808861654829556,-73.89038583054196,25.61808203785988,completed
T04093,2024-01-28 10:00:00,London,Suburbs,51.399619456937074,-0.07522585193836395,10.389992174436058,completed
T02637,2024-01-28 10:00:00,New York,Suburbs,40.76901767700758,-74.05232455017011,16.06879889892309,cancelled
T00704,2024-01-28 10:00:00,London,Suburbs,51.48428528790556,-0.09338833290752895,11.824048675722677,completed
T02001,2024-01-28 10:00:00,New York,Downtown,40.61277545687124,-73.991694056022,14.492090585801108,completed
T04657,2024-01-28 10:00:00,London,Airport,51.481863769184194,-0.13539749766835246,59.89927108603347,cancelled
T04284,2024-01-28 11:00:00,London,Downtown,51.51146910276131,-0.13272061236849245,10.248109144263967,completed
T00318,2024-01-28 11:00:00,San Francisco,Downtown,37.775254920008884,-122.4180809425566,14.861442218740974,completed
T04289,2024-01-28 11:00:00,New York,Downtown,40.68021594037546,-73.99458128471748,27.098157120160636,completed
T00674,2024-01-28 11:00:00,San Francisco,Suburbs,37.76857372793511,-122.45935814140041,14.458412901601772,no_driver
T00270,2024-01-28 11:00:00,San Francisco,Downtown,37.808764586594656,-122.37368473426777,10.597034667135462,no_driver
T02424,2024-01-28 11:00:00,London,Suburbs,51.48804085206979,-0.164620794408548,26.505231022838807,completed
T02944,2024-01-28 11:00:00,New York,Airport,40.68897688827469,-74.02832946290712,28.79933820309107,completed
T01790,2024-01-28 12:00:00,San Francisco,Suburbs,37.8171121005053,-122.37720584375204,21.888586513659543,completed
T02543,2024-01-28 12:00:00,London,Suburbs,51.51365854640759,-0.11040788855158154,21.366039093894017,completed
T04026,2024-01-28 12:00:00,San Francisco,Airport,37.78987402274625,-122.4513252240805,15.977316910444099,completed
T01158,2024-01-28 12:00:00,London,Downtown,51.49507371139978,-0.1345961382207176,18.147720322144316,completed
T01142,2024-01-28 12:00:00,New York,Downtown,40.729484877391734,-73.92414977472488,18.756760220425754,cancelled
T04767,2024-01-28 12:00:00,New York,Downtown,40.727693362705516,-73.95574318650387,21.64408938161076,cancelled
T00647,2024-01-28 12:00:00,San Francisco,Downtown,37.667593035582215,-122.48621425659191,16.059781928746645,cancelled
T03669,2024-01-28 12:00:00,New York,Downtown,40.75949868543312,-73.96686151177511,22.080663347596847,no_driver
T04166,2024-01-28 12:00:00,New York,Downtown,40.70848584240517,-73.94922340473079,7.416532828572285,completed
T02108,2024-01-28 12:00:00,New York,Suburbs,40.79897197403876,-73.9477011466534,15.665932027411396,completed
T01682,2024-01-28 12:00:00,San Francisco,Suburbs,37.672888525045735,-122.40829468580979,16.167543562907504,completed
T01872,2024-01-28 13:00:00,New York,Downtown,40.71925275219894,-74.12327227978288,13.879331867754711,completed
T03393,2024-01-28 13:00:00,London,Airport,51.38505068418221,-0.06871020351590185,14.294586739834932,completed
T01515,2024-01-28 13:00:00,New York,Downtown,40.744391405888486,-74.0691520061845,25.274902457993377,completed
T04114,2024-01-28 13:00:00,San Francisco,Airport,37.80989217421894,-122.37912130235195,26.164250960289422,completed
T04753,2024-01-28 13:00:00,San Francisco,Downtown,37.78792112305621,-122.38741863364493,26.137782267024026,completed
T03534,2024-01-28 13:00:00,New York,Suburbs,40.69107847196213,-74.00777353363992,7.3162305469800515,completed
T01841,2024-01-28 14:00:00,San Francisco,Downtown,37.76821763991989,-122.43010856604292,51.206593772108555,completed
T03991,2024-01-28 14:00:00,San Francisco,Downtown,37.828568565950725,-122.39533054385703,7.169677361062385,completed
T03346,2024-01-28 14:00:00,London,Downtown,51.519149510008866,-0.10391287285725166,8.201329894146863,completed
T00498,2024-01-28 14:00:00,San Francisco,Downtown,37.78595204270154,-122.40664125411027,65.40053091971444,completed
T00918,2024-01-28 14:00:00,London,Suburbs,51.56148395999959,-0.12316420921361412,34.79044578002201,completed
T03245,2024-01-28 14:00:00,London,Downtown,51.50471591681234,-0.16131607578784235,23.427871297782023,completed
T03341,2024-01-28 14:00:00,New York,Downtown,40.71396331984619,-73.93237122349045,15.763011305735562,completed
T03753,2024-01-28 14:00:00,New York,Suburbs,40.74727028354665,-74.05794911763377,29.003293722949333,completed
T03618,2024-01-28 14:00:00,New York,Suburbs,40.6844610563093,-74.10259756967629,8.476882226441564,completed
T00350,2024-01-28 14:00:00,New York,Downtown,40.78255918543907,-73.9994017221699,9.677253689691884,completed
T01202,2024-01-28 14:00:00,San Francisco,Suburbs,37.88385459214265,-122.44885451291324,35.29339330785719,completed
T01327,2024-01-28 15:00:00,San Francisco,Suburbs,37.901237603040144,-122.46951268213083,45.32068965971195,completed
T01533,2024-01-28 15:00:00,London,Downtown,51.44520414900906,-0.11251189946100242,7.928561094580014,completed
T00855,2024-01-28 15:00:00,San Francisco,Downtown,37.756985750074264,-122.33125158028984,55.6345051909619,completed
T00646,2024-01-28 16:00:00,New York,Downtown,40.69386511211729,-74.0857870681731,11.078744319935142,completed
T00938,2024-01-28 16:00:00,New York,Downtown,40.729105661446994,-73.93626450058932,14.30167603775286,completed
T03824,2024-01-28 16:00:00,London,Downtown,51.431392513862775,-0.14638344743302542,20.6821691877552,completed
T00398,2024-01-28 16:00:00,New York,Suburbs,40.814254403414516,-73.96247434682223,23.99943012365242,completed
T04964,2024-01-28 16:00:00,San Francisco,Downtown,37.83961186987643,-122.45169044869431,6.42998893741059,completed
T04842,2024-01-28 16:00:00,New York,Downtown,40.7732076788399,-73.95464110642347,31.966898037901906,completed
T01081,2024-01-28 17:00:00,New York,Airport,40.73377118110873,-74.07790688394859,11.942953236883085,no_driver
T03164,2024-01-28 17:00:00,San Francisco,Downtown,37.809695160974535,-122.33963522964606,17.981754406180197,completed
T03859,2024-01-28 17:00:00,London,Downtown,51.538647948576745,-0.1493190858434731,7.28176848777641,completed
T03285,2024-01-28 17:00:00,New York,Downtown,40.69283073369867,-74.00778491636714,24.751774993615044,cancelled
T03631,2024-01-28 18:00:00,San Francisco,Downtown,37.79657229840403,-122.35064734084861,45.61153905989511,no_driver
T04096,2024-01-28 18:00:00,New York,Downtown,40.672273121944365,-74.06682405273546,28.755147368988,completed
T02717,2024-01-28 18:00:00,London,Airport,51.47573153045467,-0.21166160025434286,19.63013682384405,completed
T00862,2024-01-28 18:00:00,London,Downtown,51.56450179645515,-0.04074254383515288,45.95160933082411,completed
T00063,2024-01-28 18:00:00,New York,Airport,40.727905523558746,-74.05739571089126,16.25721977033855,completed
T02618,2024-01-28 18:00:00,London,Airport,51.4985337513113,-0.11852740449211366,9.512418715870115,completed
T00259,2024-01-28 18:00:00,New York,Downtown,40.62910797813156,-74.01758262440687,13.775144907894173,completed
T00132,2024-01-28 18:00:00,San Francisco,Downtown,37.792722645702355,-122.32855013261529,21.938448780272527,completed
T00051,2024-01-28 18:00:00,New York,Downtown,40.78686093051245,-73.96135385118542,7.036309257717877,completed
T04807,2024-01-28 18:00:00,New York,Airport,40.69671904262115,-74.04913992895094,65.05539831274706,cancelled
T02638,2024-01-28 18:00:00,San Francisco,Airport,37.78830247329228,-122.3477448612428,17.558214213776495,completed
T04961,2024-01-28 19:00:00,New York,Suburbs,40.66853713562196,-73.9820844715746,12.31067145201327,completed
T01414,2024-01-28 19:00:00,New York,Suburbs,40.738796897758476,-74.0439758975561,18.23680424309582,completed
T04987,2024-01-28 19:00:00,New York,Downtown,40.74141477376851,-74.00099187577263,19.537864954060087,completed
T03390,2024-01-28 19:00:00,New York,Downtown,40.71485081517051,-73.96234118064073,18.78415201598545,completed
T00263,2024-01-28 19:00:00,London,Airport,51.53873068783159,-0.17209866493491932,25.935780454541472,completed
T00685,2024-01-28 19:00:00,New York,Downtown,40.718731037423204,-74.09867526150508,15.569786272948807,completed
T01226,2024-01-28 19:00:00,San Francisco,Downtown,37.784146264332456,-122.39457217326368,15.472431204445844,completed
T03320,2024-01-28 20:00:00,New York,Downtown,40.7462440280151,-74.06711088482035,17.090465175738053,completed
T02027,2024-01-28 20:00:00,London,Downtown,51.57933914948716,-0.10642374771065377,11.375659109624987,completed
T00274,2024-01-28 20:00:00,New York,Downtown,40.77440576309761,-73.92609633769798,13.99845774278139,completed
T03980,2024-01-28 20:00:00,New York,Airport,40.72461516618682,-74.08463050279893,24.931567655832247,completed
T01899,2024-01-28 20:00:00,London,Downtown,51.58970194957046,-0.10084114046429037,14.852029115933647,cancelled
T01200,2024-01-28 21:00:00,San Francisco,Downtown,37.76259452023662,-122.43310412715154,16.234220335042146,completed
T03010,2024-01-28 21:00:00,San Francisco,Downtown,37.781185977172065,-122.30386969077621,18.25055985382985,completed
T04557,2024-01-28 21:00:00,New York,Downtown,40.704743526038676,-74.05002114343961,10.484446936479515,completed
T04324,2024-01-28 22:00:00,San Francisco,Downtown,37.76994272870572,-122.43670093954374,21.97702812765119,completed
T04304,2024-01-28 22:00:00,New York,Airport,40.771904937233266,-73.97657195347458,6.29488939830337,completed
T03637,2024-01-28 22:00:00,New York,Downtown,40.758678060713954,-73.98382382020674,54.02966355987807,completed
T00035,2024-01-28 22:00:00,San Francisco,Downtown,37.72584732348677,-122.380458705278,21.60149936848969,completed
T02110,2024-01-28 23:00:00,San Francisco,Downtown,37.753825852015474,-122.37933932422436,18.671086384837217,completed
T00658,2024-01-28 23:00:00,San Francisco,Downtown,37.754017157209745,-122.43385028290274,11.90983566897394,completed
T03237,2024-01-28 23:00:00,San Francisco,Downtown,37.78440917127775,-122.42474645175528,63.41156645664222,completed
T02599,2024-01-28 23:00:00,London,Airport,51.57497760254307,-0.08653153557340001,26.857403072509648,no_driver
T04060,2024-01-28 23:00:00,San Francisco,Suburbs,37.815335373579146,-122.40356438281208,7.143884466253073,cancelled
T01175,2024-01-28 23:00:00,New York,Suburbs,40.67677018944003,-74.00140837273474,28.095936150962366,completed
T01322,2024-01-28 23:00:00,New York,Airport,40.67825706140813,-74.00369657644896,121.98692814489277,completed
T04148,2024-01-29 00:00:00,New York,Airport,40.719284908394606,-74.00260886720079,17.17528178778501,completed
T04962,2024-01-29 00:00:00,London,Downtown,51.47114977620952,-0.16644932013755478,10.363087742871695,completed
T01261,2024-01-29 00:00:00,New York,Downtown,40.694303955069195,-73.98358594806488,35.76247573441097,completed
T01283,2024-01-29 00:00:00,New York,Downtown,40.66685304519181,-74.06237275021954,14.212682789023162,completed
T02846,2024-01-29 00:00:00,New York,Suburbs,40.789017708903295,-73.9021668607423,38.03709253568042,completed
T00056,2024-01-29 00:00:00,San Francisco,Downtown,37.77495797818849,-122.31216101824583,27.090927946095718,completed
T01068,2024-01-29 00:00:00,New York,Downtown,40.65332258366768,-73.96650607371215,23.069769240602355,cancelled
T00739,2024-01-29 00:00:00,New York,Downtown,40.72464019668233,-74.09511284524262,54.80527047952613,cancelled
T04532,2024-01-29 00:00:00,New York,Downtown,40.73783911282585,-74.02100745012274,19.619565206075812,completed
T01069,2024-01-29 00:00:00,San Francisco,Downtown,37.820097252333355,-122.44666904106298,16.418606450148236,completed
T03210,2024-01-29 00:00:00,San Francisco,Airport,37.766459827218426,-122.5471446534869,12.560777362832043,completed
T01243,2024-01-29 00:00:00,London,Downtown,51.530728048412364,-0.12132560858273542,28.714670959679374,completed
T02731,2024-01-29 00:00:00,New York,Downtown,40.65847739504757,-74.04341576586778,11.484429055222968,completed
T04156,2024-01-29 00:00:00,San Francisco,Downtown,37.785565906183564,-122.36991166131494,16.30341764210297,completed
T02699,2024-01-29 00:00:00,London,Downtown,51.43666179924691,-0.08779427509865231,7.860433520794872,cancelled
T02613,2024-01-29 01:00:00,New York,Downtown,40.73128365247653,-74.0632843585183,7.7312949630237835,cancelled
T03869,2024-01-29 01:00:00,San Francisco,Downtown,37.789570265529115,-122.42566129302789,46.60825553335929,completed
T04907,2024-01-29 01:00:00,New York,Downtown,40.67711532689208,-74.05885816597996,24.17931161164156,completed
T02352,2024-01-29 01:00:00,San Francisco,Downtown,37.77128140313138,-122.3799734304471,19.65748931976017,completed
T04446,2024-01-29 01:00:00,New York,Suburbs,40.66178495730485,-74.06424877371367,17.341222503303698,completed
T03809,2024-01-29 02:00:00,New York,Suburbs,40.72607158280499,-73.98873384718688,10.44023471041993,completed
T03139,2024-01-29 02:00:00,New York,Downtown,40.72371208976824,-74.02006308121683,29.709903021270392,completed
T00801,2024-01-29 02:00:00,London,Suburbs,51.507670772494265,-0.13357531554218346,29.819702217550056,completed
T01009,2024-01-29 02:00:00,San Francisco,Airport,37.7462366207716,-122.34885242594306,25.57419319247243,completed
T01895,2024-01-29 02:00:00,New York,Airport,40.76352535144598,-73.96944514513119,28.80350076925804,completed
T00465,2024-01-29 03:00:00,New York,Downtown,40.7028084721929,-74.00195934076962,34.58653537959105,completed
T00021,2024-01-29 03:00:00,London,Downtown,51.492440908427305,-0.11738332778339158,26.203870736386005,completed
T03425,2024-01-29 03:00:00,New York,Downtown,40.695993970099885,-73.96867505168089,9.090872586207613,completed
T02634,2024-01-29 03:00:00,New York,Downtown,40.64612947652569,-74.08859396331319,17.034214618407315,completed
T01455,2024-01-29 03:00:00,San Francisco,Suburbs,37.81136002231645,-122.36394358580519,15.554616440205056,completed
T01693,2024-01-29 03:00:00,New York,Suburbs,40.768251494726506,-73.92701785666272,28.48046738536833,no_driver
T04885,2024-01-29 03:00:00,New York,Downtown,40.67787396831265,-73.95719021720771,12.095660460664359,completed
T02941,2024-01-29 04:00:00,London,Downtown,51.46222086818127,-0.16754437505839598,19.834960975073663,completed
T02862,2024-01-29 04:00:00,San Francisco,Suburbs,37.79951688094478,-122.3584102502604,16.492650839159303,completed
T00152,2024-01-29 04:00:00,San Francisco,Airport,37.75310888860274,-122.41182920460643,14.02572588821225,completed
T01804,2024-01-29 04:00:00,London,Downtown,51.53611951825786,-0.07893313381289678,56.115570315198006,cancelled
T00249,2024-01-29 04:00:00,New York,Downtown,40.69711096478811,-74.09625483251284,37.04620609112845,completed
T03810,2024-01-29 04:00:00,New York,Downtown,40.7197496253427,-74.08073298294687,20.347812567735588,cancelled
T02328,2024-01-29 05:00:00,New York,Suburbs,40.77184402874239,-73.9958625930418,8.33005662920841,completed
T03674,2024-01-29 05:00:00,New York,Downtown,40.60652598957904,-74.03735162638792,15.423534279846054,completed
T01583,2024-01-29 05:00:00,New York,Airport,40.690801732293224,-73.94871113713674,15.235269726214504,completed
T03746,2024-01-29 05:00:00,London,Suburbs,51.484306789091505,-0.21222178295874872,25.0529238600757,completed
T03521,2024-01-29 06:00:00,London,Suburbs,51.49465788726358,-0.1480911250788876,10.294371035324719,completed
T04467,2024-01-29 06:00:00,New York,Suburbs,40.69098843350253,-73.98497119614434,12.499008963998385,no_driver
T02773,2024-01-29 06:00:00,San Francisco,Downtown,37.72723782391484,-122.30732122303785,13.893097296887031,completed
T01821,2024-01-29 06:00:00,New York,Suburbs,40.67398063140533,-74.05418347890209,11.553840349184219,completed
T03438,2024-01-29 06:00:00,New York,Downtown,40.795159309476986,-73.99299153356189,21.66207934808239,completed
T04302,2024-01-29 07:00:00,New York,Downtown,40.71904388292288,-74.01890671547744,20.805808771923942,completed
T01606,2024-01-29 07:00:00,New York,Downtown,40.75646187836788,-74.04191624436419,14.775590272845069,completed
T02437,2024-01-29 07:00:00,New York,Airport,40.76588692556037,-73.97951580390868,43.53508104954093,completed
T01296,2024-01-29 07:00:00,San Francisco,Downtown,37.783179129255146,-122.38676861219835,14.705140823320685,completed
T00471,2024-01-29 07:00:00,New York,Downtown,40.73644378667882,-74.04439349030011,19.574257228469648,completed
T00876,2024-01-29 07:00:00,San Francisco,Downtown,37.78602879614137,-122.43755880470951,24.474525065558655,completed
T04112,2024-01-29 07:00:00,San Francisco,Downtown,37.77592418247478,-122.47224870613839,49.616524227961506,completed
T04005,2024-01-29 08:00:00,New York,Suburbs,40.64887442493639,-74.04739719751484,21.025585068471,completed
T03717,2024-01-29 08:00:00,New York,Suburbs,40.586416080132416,-73.99002884622064,31.625607278805088,cancelled
T02344,2024-01-29 08:00:00,London,Airport,51.48891781748274,-0.13950855141984125,14.754839596559307,completed
T04409,2024-01-29 08:00:00,San Francisco,Suburbs,37.78287713650524,-122.40678328049903,27.419573383596752,completed
T00163,2024-01-29 08:00:00,London,Downtown,51.447668685548976,-0.16816861719860215,36.88132487639438,completed
T01755,2024-01-29 08:00:00,San Francisco,Airport,37.90182467295309,-122.51282931210139,71.72453475520096,completed
T03623,2024-01-29 09:00:00,New York,Downtown,40.73808002180544,-73.97656795009024,18.369759688669205,completed
T04483,2024-01-29 09:00:00,New York,Downtown,40.64814811674934,-73.95677052303101,38.218142682637094,completed
T02389,2024-01-29 09:00:00,London,Downtown,51.44733921779304,-0.12003699931236257,22.724980950394386,completed
T03476,2024-01-29 09:00:00,New York,Airport,40.63920187894762,-74.02678520991135,22.35197669722434,completed
T00959,2024-01-29 09:00:00,San Francisco,Downtown,37.75759180355082,-122.37607166070727,17.78425802621442,completed
T04243,2024-01-29 09:00:00,San Francisco,Downtown,37.76554675166638,-122.39748086812445,35.758296043766556,cancelled
T03365,2024-01-29 09:00:00,New York,Airport,40.706424559094344,-73.91736984384855,38.39906613444464,completed
T00478,2024-01-29 09:00:00,London,Downtown,51.47580448542869,-0.14167143541645325,12.854856985358992,completed
T01830,2024-01-29 09:00:00,San Francisco,Downtown,37.82333828010739,-122.38655900602899,21.60948934031128,cancelled
T04397,2024-01-29 09:00:00,New York,Downtown,40.66012249117348,-73.97476833279178,26.773301628062292,completed
T03349,2024-01-29 09:00:00,New York,Downtown,40.65048926964061,-74.00958422004851,35.76146939035232,completed
T04024,2024-01-29 10:00:00,San Francisco,Suburbs,37.822599190490315,-122.40149963993251,31.288107788574223,completed
T01941,2024-01-29 10:00:00,London,Downtown,51.4331115297203,-0.14905432181348927,30.746095138222813,completed
T00665,2024-01-29 10:00:00,New York,Suburbs,40.797861582218935,-74.06794292979454,18.049522170200703,completed
T03479,2024-01-29 10:00:00,New York,Airport,40.64807767852955,-74.03025993478785,28.020285969574537,cancelled
T04930,2024-01-29 10:00:00,San Francisco,Downtown,37.73395418871367,-122.447615652747,17.490491571398827,completed
T02867,2024-01-29 10:00:00,San Francisco,Suburbs,37.82620031243028,-122.43701773658248,22.622259459598826,completed
T04168,2024-01-29 10:00:00,San Francisco,Suburbs,37.80430693748003,-122.44335367220935,49.90875092614082,completed
T00115,2024-01-29 10:00:00,San Francisco,Airport,37.81722846398026,-122.4748293335254,13.988433604174851,completed
T00216,2024-01-29 11:00:00,San Francisco,Downtown,37.815753326836585,-122.37987581857591,10.591182074516677,completed
T02978,2024-01-29 11:00:00,London,Downtown,51.53934207513703,-0.15436059816974704,8.664394173912445,completed
T04578,2024-01-29 11:00:00,San Francisco,Downtown,37.80500092362788,-122.48901712901323,36.50538167072381,no_driver
T00837,2024-01-29 11:00:00,San Francisco,Downtown,37.82936841880555,-122.4371644900008,8.271168403229446,completed
T02220,2024-01-29 11:00:00,San Francisco,Downtown,37.803219132402155,-122.44398669784073,13.256417567259245,completed
T04522,2024-01-29 11:00:00,New York,Downtown,40.70796333844151,-73.98277730569475,54.82630666937659,completed
T01055,2024-01-29 12:00:00,San Francisco,Downtown,37.75623221513896,-122.46452090729655,9.01770708144404,completed
T03353,2024-01-29 12:00:00,New York,Downtown,40.787025875190096,-73.99797804561199,42.15271112150996,completed
T04869,2024-01-29 12:00:00,New York,Airport,40.65337387998237,-73.9178134529919,19.17419633341006,completed
T01794,2024-01-29 12:00:00,San Francisco,Suburbs,37.74059396876127,-122.46701886218545,9.03229156999689,completed
T04976,2024-01-29 12:00:00,San Francisco,Airport,37.65851966964954,-122.39036577531468,13.229388910278534,completed
T03526,2024-01-29 12:00:00,San Francisco,Suburbs,37.82305851089301,-122.47876525720311,14.624257538337005,completed
T04265,2024-01-29 12:00:00,New York,Downtown,40.742602810452304,-74.09082866300454,35.02666990243327,completed
T04688,2024-01-29 12:00:00,New York,Downtown,40.665082486708926,-74.04158015639884,38.240968020701295,completed
T01919,2024-01-29 12:00:00,London,Downtown,51.506994341488976,-0.12071468426846353,8.811653977473124,cancelled
T04893,2024-01-29 13:00:00,New York,Suburbs,40.72779522295452,-73.93275910387273,6.593052108247266,completed
T02610,2024-01-29 13:00:00,New York,Airport,40.67443527048753,-74.08986412205387,9.510328365738626,completed
T01703,2024-01-29 13:00:00,New York,Downtown,40.7106803916878,-74.00455480422654,18.88433370876085,completed
T03364,2024-01-29 13:00:00,New York,Downtown,40.765177688916744,-73.95195001901646,38.554402480181416,completed
T04957,2024-01-29 13:00:00,New York,Suburbs,40.82089089705689,-73.93566970450586,16.20939530277151,no_driver
T02697,2024-01-29 13:00:00,San Francisco,Downtown,37.72785341249284,-122.45431897237889,57.32034052492102,completed
T02517,2024-01-29 13:00:00,New York,Downtown,40.71561483478865,-74.02204432188073,14.493722389771918,completed
T01033,2024-01-29 13:00:00,San Francisco,Suburbs,37.70584608986408,-122.3653845825897,8.033738293778676,completed
T02031,2024-01-29 13:00:00,New York,Downtown,40.764916886745134,-73.96658637877972,8.561519073493564,completed
T03939,2024-01-29 13:00:00,London,Downtown,51.46791230466261,-0.10081997186902361,24.30721004162804,completed
T03774,2024-01-29 13:00:00,New York,Suburbs,40.75708196635991,-73.94783835668683,29.9239170895935,completed
T03862,2024-01-29 14:00:00,San Francisco,Suburbs,37.86085327514552,-122.44449374006372,16.65171527501294,completed
T01343,2024-01-29 14:00:00,New York,Downtown,40.6832568600735,-74.01059358649576,72.72327001064488,completed
T03956,2024-01-29 14:00:00,San Francisco,Downtown,37.75691558319001,-122.3798873278131,22.21882097998527,completed
T04631,2024-01-29 14:00:00,New York,Downtown,40.66696569569158,-74.093770343501,12.77533721497866,completed
T04556,2024-01-29 14:00:00,San Francisco,Downtown,37.839411015760255,-122.40859281277231,15.021316686186807,completed
T01719,2024-01-29 14:00:00,New York,Airport,40.72174035369928,-73.97803748069883,16.06324815557454,completed
T03060,2024-01-29 14:00:00,San Francisco,Airport,37.775559859931704,-122.43951140935049,31.98562679076148,completed
T00026,2024-01-29 14:00:00,New York,Downtown,40.596974741760704,-73.95684159542152,19.284658628166746,completed
T03965,2024-01-29 14:00:00,San Francisco,Downtown,37.68704067717885,-122.41027342137944,58.233718580596445,cancelled
T04212,2024-01-29 14:00:00,New York,Downtown,40.743539691630595,-73.92266752234045,27.793410491658367,completed
T04548,2024-01-29 14:00:00,New York,Airport,40.762036608191366,-73.94170520635863,44.97787909769575,completed
T01859,2024-01-29 15:00:00,New York,Downtown,40.761893701787685,-73.93769036330801,41.23782456405018,cancelled
T00484,2024-01-29 15:00:00,New York,Airport,40.77672185112099,-73.9536227282707,33.17657943054071,completed
T00396,2024-01-29 15:00:00,New York,Suburbs,40.66547572712005,-74.00444691262702,10.972725538373144,completed
T00638,2024-01-29 15:00:00,London,Downtown,51.42879553654343,-0.1380406418783543,30.763897214212072,cancelled
T04589,2024-01-29 15:00:00,London,Downtown,51.4713920132743,-0.20219517971642903,32.67236976189025,completed
T02216,2024-01-29 15:00:00,London,Airport,51.52508100177347,-0.1429386485234565,28.795822187340878,completed
T01637,2024-01-29 15:00:00,New York,Downtown,40.668928619307536,-74.05973305296862,23.64830796895944,completed
T02488,2024-01-29 15:00:00,San Francisco,Suburbs,37.71974766048727,-122.3336584915537,15.974150866734648,completed
T00239,2024-01-29 15:00:00,London,Downtown,51.54792850744976,-0.05908918453293634,20.01764270123754,completed
T01444,2024-01-29 15:00:00,San Francisco,Suburbs,37.81725038680809,-122.48512318299824,9.075678301619703,completed
T04949,2024-01-29 15:00:00,New York,Suburbs,40.718760632048735,-74.06179019800315,32.6993027133736,completed
T02476,2024-01-29 15:00:00,San Francisco,Downtown,37.8132268839373,-122.42839374438346,14.486564250072925,cancelled
T00133,2024-01-29 15:00:00,London,Suburbs,51.52870197659875,-0.1674022510622336,33.57253324773717,completed
T02111,2024-01-29 16:00:00,New York,Downtown,40.70835604181409,-73.99941543878074,16.108367046594505,completed
T00406,2024-01-29 16:00:00,London,Downtown,51.52724194039579,-0.13084014909204994,17.927879231737563,completed
T00278,2024-01-29 16:00:00,London,Downtown,51.54875086171897,-0.02125938041913336,18.935963957173104,completed
T01093,2024-01-29 16:00:00,San Francisco,Downtown,37.70658953096995,-122.42886165142536,42.22995807878976,completed
T02317,2024-01-29 16:00:00,New York,Downtown,40.69102516564539,-74.10489486550927,27.22565822125585,completed
T04584,2024-01-29 16:00:00,London,Downtown,51.520440492595675,-0.1197948404422506,24.782692597571575,completed
T04973,2024-01-29 16:00:00,London,Downtown,51.458175124297846,-0.12978460259748928,20.516637313513478,completed
T03299,2024-01-29 16:00:00,London,Airport,51.49589484931923,-0.09084133437757963,17.885150475869917,completed
T03130,2024-01-29 16:00:00,New York,Airport,40.800165138067264,-73.95279196731468,30.174144418943705,completed
T00940,2024-01-29 17:00:00,San Francisco,Suburbs,37.72857412017582,-122.48410284397427,36.50186342868167,cancelled
T02894,2024-01-29 17:00:00,London,Airport,51.555080345876874,-0.10428571482634467,22.707006073360564,completed
T00486,2024-01-29 17:00:00,London,Downtown,51.594746231859276,-0.09735442225484447,10.518528537740874,completed
T01270,2024-01-29 17:00:00,London,Downtown,51.45009803386504,-0.1815236310038278,37.33195158411504,completed
T02237,2024-01-29 17:00:00,San Francisco,Airport,37.70707123939304,-122.46151746255298,13.029770134454884,completed
T04861,2024-01-29 18:00:00,San Francisco,Suburbs,37.83972348735052,-122.42065632110089,38.91264080131413,completed
T01418,2024-01-29 18:00:00,New York,Suburbs,40.757305670022824,-73.98335126724773,27.438089868134114,completed
T02512,2024-01-29 18:00:00,New York,Downtown,40.63647320766776,-74.07770882344356,17.583016953094592,completed
T02006,2024-01-29 18:00:00,San Francisco,Suburbs,37.80830775599052,-122.55193058743988,32.1479648792183,completed
T03833,2024-01-29 18:00:00,San Francisco,Downtown,37.700855001843365,-122.47754327589901,20.401761524902838,completed
T03194,2024-01-29 18:00:00,San Francisco,Downtown,37.792013352662146,-122.47450727361533,14.716915511851331,completed
T04704,2024-01-29 18:00:00,New York,Downtown,40.64769470555201,-73.9526560699698,40.00464802209285,completed
T04506,2024-01-29 19:00:00,New York,Downtown,40.661347365561305,-74.04335251004503,38.66748492055863,completed
T04504,2024-01-29 19:00:00,London,Downtown,51.533573952704685,-0.10553389531969906,31.943454899004223,completed
T02296,2024-01-29 19:00:00,London,Downtown,51.55327935239709,-0.1599480682538792,19.164617455632616,cancelled
T04925,2024-01-29 19:00:00,New York,Suburbs,40.76917357120047,-74.01024186596896,5.824202861502801,cancelled
T02270,2024-01-29 19:00:00,London,Airport,51.47980403602337,-0.10158778146228903,41.98690203011907,completed
T01025,2024-01-29 19:00:00,London,Downtown,51.5546161491061,-0.04011182079896505,18.019734998064216,completed
T01062,2024-01-29 19:00:00,San Francisco,Downtown,37.75297541560413,-122.45084078385663,9.310947539311204,completed
T02606,2024-01-29 19:00:00,New York,Suburbs,40.69088586389378,-74.00402108575065,33.476828040795866,completed
T04428,2024-01-29 19:00:00,New York,Airport,40.72648322257465,-73.96461607962215,23.8043196444224,cancelled
T03760,2024-01-29 19:00:00,New York,Airport,40.74197879577429,-74.01143129846136,17.91838765862918,completed
T04603,2024-01-29 20:00:00,New York,Downtown,40.69278721843566,-74.03234005827214,16.01747036429802,completed
T00787,2024-01-29 20:00:00,San Francisco,Airport,37.81881695227953,-122.52256153009785,16.41177549159281,completed
T03890,2024-01-29 20:00:00,New York,Downtown,40.75351163072869,-74.05698303836634,28.711356183987938,completed
T02368,2024-01-29 20:00:00,London,Airport,51.59366542999133,-0.12714593735472773,11.941316250260655,completed
T04991,2024-01-29 20:00:00,San Francisco,Downtown,37.79967852615207,-122.36064222231126,16.284939609651634,completed
T01799,2024-01-29 20:00:00,San Francisco,Downtown,37.77186370472806,-122.40461500608079,15.465980185693791,completed
T04709,2024-01-29 21:00:00,New York,Downtown,40.8274602881607,-73.99861732211555,34.433108163259575,completed
T03359,2024-01-29 21:00:00,San Francisco,Downtown,37.85064961203826,-122.47129733690525,23.951059190522436,cancelled
T03723,2024-01-29 21:00:00,New York,Downtown,40.61281718701892,-74.05900558026991,14.865983824465099,completed
T04139,2024-01-29 21:00:00,London,Suburbs,51.55809538071125,-0.20949103208414727,40.537922696244,completed
T03751,2024-01-29 21:00:00,San Francisco,Downtown,37.82802461522492,-122.3478520593058,21.444431394157853,completed
T00953,2024-01-29 21:00:00,New York,Suburbs,40.6763090725861,-74.02982204090884,6.1781512814832915,completed
T02969,2024-01-29 21:00:00,London,Downtown,51.54943902374922,-0.13315843861664456,21.714909244789812,completed
T03783,2024-01-29 21:00:00,San Francisco,Suburbs,37.902181259788954,-122.42989070675246,11.409420144728129,completed
T03628,2024-01-29 21:00:00,New York,Airport,40.72328431296947,-74.10575344547094,23.292152141998763,completed
T03117,2024-01-29 21:00:00,London,Downtown,51.46791591818744,-0.24517369762197203,19.293809819065586,completed
T04376,2024-01-29 21:00:00,New York,Airport,40.6423751304011,-73.9985122767634,31.566993995332425,completed
T00767,2024-01-29 21:00:00,New York,Downtown,40.7333644502263,-74.10511024427052,36.30623312620196,no_driver
T02012,2024-01-29 21:00:00,New York,Downtown,40.72178850968002,-74.02170052105701,19.081803638647663,completed
T03385,2024-01-29 22:00:00,San Francisco,Suburbs,37.72752780015469,-122.41174305228199,47.06364107716126,completed
T00215,2024-01-29 22:00:00,New York,Downtown,40.62517896090253,-73.96519210530701,29.940657881021192,completed
T01853,2024-01-29 22:00:00,New York,Downtown,40.75340486548662,-74.04571326498808,19.22158736153378,completed
T00932,2024-01-29 23:00:00,New York,Suburbs,40.69943647114018,-74.06867414827225,28.53450996258177,completed
T03449,2024-01-29 23:00:00,San Francisco,Downtown,37.82557103606692,-122.45886128619547,12.522200601366965,completed
T04948,2024-01-29 23:00:00,New York,Suburbs,40.73197265898175,-74.03031938355267,97.36311782510666,completed
T00126,2024-01-30 01:00:00,New York,Suburbs,40.61255776564793,-74.05337832139884,21.95450561778739,completed
T03008,2024-01-30 01:00:00,London,Downtown,51.51882236365539,-0.0585575609325696,43.787473503352004,completed
T03876,2024-01-30 01:00:00,San Francisco,Downtown,37.670120680736815,-122.38433385867181,19.893703499825776,completed
T02727,2024-01-30 01:00:00,London,Airport,51.55473865033168,-0.18249631797768898,30.236666300286764,completed
T00973,2024-01-30 01:00:00,New York,Airport,40.76965806180292,-73.93036350145664,19.530915124528764,cancelled
T00227,2024-01-30 01:00:00,San Francisco,Suburbs,37.784216718381,-122.5338677560769,39.856058533169126,completed
T00873,2024-01-30 01:00:00,New York,Downtown,40.7253848898933,-74.05189267130078,21.87478571015832,completed
T04471,2024-01-30 01:00:00,New York,Suburbs,40.5899366403745,-74.10227459481061,26.786300021586484,completed
T01544,2024-01-30 01:00:00,London,Downtown,51.53124101160894,-0.11355702082992533,15.428778842840437,completed
T01817,2024-01-30 02:00:00,New York,Downtown,40.702472153872066,-73.90303290466477,9.726453157530567,completed
T01964,2024-01-30 02:00:00,London,Downtown,51.50883466800686,-0.20019506548041344,27.000662500449934,completed
T01123,2024-01-30 03:00:00,New York,Suburbs,40.8458985644833,-73.97099887607231,33.08489632298424,completed
T01232,2024-01-30 03:00:00,New York,Downtown,40.70056095266377,-73.96497325855412,31.226103976061857,completed
T02198,2024-01-30 03:00:00,New York,Airport,40.794410361122964,-74.01212172611845,39.295266736756,completed
T03490,2024-01-30 03:00:00,New York,Downtown,40.61772159423255,-74.08965097738054,15.90370187942342,cancelled
T01928,2024-01-30 03:00:00,New York,Downtown,40.716452290874315,-73.948143510497,39.87198245334538,completed
T04941,2024-01-30 04:00:00,San Francisco,Airport,37.8086809371304,-122.4623752007262,18.43106109725702,completed
T01726,2024-01-30 04:00:00,New York,Suburbs,40.63134995560705,-73.92157536123177,18.462766532501732,completed
T00162,2024-01-30 04:00:00,San Francisco,Downtown,37.80667092839706,-122.37216507681411,11.350205181869342,completed
T01934,2024-01-30 04:00:00,San Francisco,Airport,37.79682279392965,-122.54640456579575,25.665264488780906,completed
T02015,2024-01-30 04:00:00,New York,Suburbs,40.759155752925295,-73.97272691037108,15.174695688773935,completed
T00467,2024-01-30 04:00:00,New York,Downtown,40.61957805226722,-73.95879032602934,24.660475245837688,cancelled
T01683,2024-01-30 04:00:00,San Francisco,Downtown,37.77006685891176,-122.42376990726643,6.0484267361287944,completed
T01089,2024-01-30 05:00:00,New York,Downtown,40.791299717537,-74.05639543694475,17.244103699883144,completed
T01824,2024-01-30 05:00:00,London,Downtown,51.47614356386034,-0.05494315942902163,59.654935361544204,completed
T02084,2024-01-30 05:00:00,San Francisco,Downtown,37.814638002924184,-122.48111593565272,78.04379315178983,completed
T01394,2024-01-30 05:00:00,New York,Suburbs,40.69496144682311,-74.05747000198285,15.577469904139926,completed
T04535,2024-01-30 05:00:00,San Francisco,Airport,37.79425612093107,-122.4179106659609,18.798964795607674,completed
T04996,2024-01-30 05:00:00,New York,Suburbs,40.62610581162027,-74.04778750166342,25.223834633218235,completed
T04254,2024-01-30 05:00:00,New York,Airport,40.73949801107795,-74.08846912916229,28.330756130169323,completed
T01574,2024-01-30 06:00:00,London,Downtown,51.46724634565213,-0.08138255382444196,24.87278426226545,completed
T00749,2024-01-30 06:00:00,New York,Downtown,40.730932031275074,-73.98455442424778,35.63468103999247,completed
T03708,2024-01-30 06:00:00,London,Downtown,51.51896630471716,-0.014482109508048166,34.54391113768693,cancelled
T04903,2024-01-30 06:00:00,New York,Airport,40.693101434082436,-74.00458467577634,5.954064625746788,completed
T03537,2024-01-30 06:00:00,New York,Suburbs,40.642881755077845,-74.09245130870055,18.172421561016282,no_driver
T00222,2024-01-30 06:00:00,San Francisco,Suburbs,37.755210157191925,-122.47176659008726,77.53695027984759,cancelled
T04651,2024-01-30 06:00:00,New York,Downtown,40.72280122829709,-74.030662193265,24.488536504428843,completed
T00336,2024-01-30 06:00:00,New York,Airport,40.775643182972345,-74.04735930955606,25.635560714282523,completed
T02607,2024-01-30 06:00:00,San Francisco,Downtown,37.837698536887345,-122.43593752967641,36.7951522405546,cancelled
T01359,2024-01-30 06:00:00,San Francisco,Airport,37.88237948790223,-122.29004356903332,37.50936333665243,completed
T00536,2024-01-30 07:00:00,New York,Downtown,40.72593253023164,-74.0194648435307,42.46142118579102,cancelled
T01793,2024-01-30 07:00:00,New York,Downtown,40.65382190363437,-74.06198339722845,9.830473174170262,completed
T03724,2024-01-30 07:00:00,New York,Suburbs,40.659281342832124,-74.01773790307622,35.772045229326864,completed
T03167,2024-01-30 07:00:00,San Francisco,Downtown,37.81235737558961,-122.38752001845894,22.730147873268887,completed
T01180,2024-01-30 07:00:00,San Francisco,Suburbs,37.81179125617267,-122.38092277387427,9.287398504249069,completed
T03878,2024-01-30 08:00:00,London,Suburbs,51.577405153185786,-0.2032306294753678,8.839433610002958,completed
T03560,2024-01-30 08:00:00,New York,Downtown,40.68090566042451,-74.02490190668514,35.18739147890164,completed
T04508,2024-01-30 08:00:00,San Francisco,Downtown,37.82332372115837,-122.4397805531322,26.26857842513134,completed
T04328,2024-01-30 08:00:00,San Francisco,Downtown,37.8182635072825,-122.39170119598367,29.987241681398405,cancelled
T00178,2024-01-30 08:00:00,New York,Suburbs,40.779731288526634,-73.9863147126651,8.253035142589361,completed
T01618,2024-01-30 08:00:00,San Francisco,Airport,37.73872528951376,-122.39021829278683,16.513898845409187,completed
T03368,2024-01-30 09:00:00,New York,Downtown,40.80523075989601,-73.9528609579951,18.5200222472456,completed
T00644,2024-01-30 09:00:00,New York,Suburbs,40.773748421586575,-73.93373991357785,30.237770557141186,completed
T02121,2024-01-30 09:00:00,San Francisco,Airport,37.81140180067434,-122.40702662440377,20.52181474787822,completed
T02871,2024-01-30 09:00:00,New York,Downtown,40.66904091300774,-73.95676709284632,14.175114492469374,completed
T00813,2024-01-30 09:00:00,New York,Downtown,40.72762308206499,-74.0602835465857,49.599950013861985,completed
T01002,2024-01-30 09:00:00,New York,Downtown,40.759777993146145,-73.99806716943358,23.338217717535525,completed
T01898,2024-01-30 09:00:00,London,Downtown,51.47490764328287,-0.10687866562625523,21.710805244265867,completed
T03047,2024-01-30 09:00:00,San Francisco,Downtown,37.726319348777075,-122.35593954574853,13.323431862387668,completed
T00101,2024-01-30 09:00:00,New York,Downtown,40.68526536657499,-74.14899258310969,12.302187743336848,completed
T01338,2024-01-30 09:00:00,New York,Airport,40.75261021986426,-74.05600341737278,22.204899207438046,completed
T04070,2024-01-30 09:00:00,San Francisco,Downtown,37.781256097253454,-122.31197449354316,11.276020221442447,cancelled
T00169,2024-01-30 10:00:00,San Francisco,Suburbs,37.70057657199809,-122.42400220737484,8.80928742340225,completed
T03209,2024-01-30 10:00:00,New York,Downtown,40.700195122830564,-74.04942659470684,8.441463578767529,cancelled
T03080,2024-01-30 10:00:00,San Francisco,Suburbs,37.813848664572575,-122.46310517340766,22.138605121441945,completed
T03486,2024-01-30 10:00:00,London,Airport,51.5123476383072,-0.11499153700556701,16.27190473005975,completed
T04197,2024-01-30 10:00:00,New York,Downtown,40.73888258904893,-74.02293564420013,11.089998376020029,completed
T01421,2024-01-30 10:00:00,London,Suburbs,51.45357606268143,-0.19527111539074848,28.420812211373104,completed
T00061,2024-01-30 10:00:00,London,Downtown,51.531419055901054,-0.0630485508392883,9.850614836808832,completed
T03951,2024-01-30 10:00:00,New York,Suburbs,40.74021090427628,-73.97052560631643,53.637731224260605,completed
T03514,2024-01-30 10:00:00,New York,Downtown,40.75157328104998,-74.05178305840903,40.73748480195826,completed
T03191,2024-01-30 11:00:00,San Francisco,Downtown,37.756968666747866,-122.36117446069369,31.77351740662101,completed
T04496,2024-01-30 11:00:00,New York,Suburbs,40.730107465577504,-73.99056235074987,35.26407567895794,cancelled
T01407,2024-01-30 11:00:00,New York,Downtown,40.714367875423044,-74.0235030719515,11.273241595200536,completed
T00075,2024-01-30 11:00:00,New York,Downtown,40.74562544003827,-73.97835970983569,44.50964182398546,completed
T01217,2024-01-30 11:00:00,San Francisco,Airport,37.840983926715,-122.39477717323356,37.61928039740515,completed
T00416,2024-01-30 11:00:00,San Francisco,Downtown,37.77092537888152,-122.34070589903018,21.144145262537812,completed
T04413,2024-01-30 11:00:00,San Francisco,Suburbs,37.78910044095661,-122.5012318988147,13.021709597483381,completed
T03265,2024-01-30 11:00:00,New York,Downtown,40.720394925364246,-74.13514561557147,45.4680676451642,completed
T02760,2024-01-30 11:00:00,San Francisco,Downtown,37.79057248816521,-122.39662183672824,18.015698943186926,completed
T04689,2024-01-30 11:00:00,New York,Airport,40.721638640736835,-74.00131066421643,19.977830080813966,no_driver
T03972,2024-01-30 12:00:00,London,Suburbs,51.55117210271847,-0.1338611595183922,15.725660677044942,completed
T03919,2024-01-30 12:00:00,San Francisco,Downtown,37.67355934555121,-122.37677429169922,8.562223724038427,completed
T02923,2024-01-30 12:00:00,San Francisco,Airport,37.7446946382972,-122.42375872833017,26.45636483368067,completed
T02558,2024-01-30 12:00:00,New York,Downtown,40.82539449767902,-73.93846456982061,12.147820202856378,completed
T00707,2024-01-30 12:00:00,New York,Downtown,40.73208462235876,-74.0047454322554,14.978416850646123,completed
T03110,2024-01-30 12:00:00,New York,Downtown,40.675409075154064,-74.13911368084115,19.030192431639165,completed
T04895,2024-01-30 12:00:00,San Francisco,Suburbs,37.756249724497394,-122.45921278553234,12.038417154726218,no_driver
T01460,2024-01-30 12:00:00,San Francisco,Downtown,37.842995040032484,-122.47187910491162,36.356172776789066,completed
T01664,2024-01-30 12:00:00,New York,Downtown,40.70745362025451,-74.19042671126094,15.241579007361974,completed
T01267,2024-01-30 12:00:00,London,Downtown,51.49827899346174,-0.10129251672331291,40.355974939927876,cancelled
T02749,2024-01-30 12:00:00,San Francisco,Downtown,37.81653100945105,-122.42181158993341,6.891636331400157,completed
T00172,2024-01-30 12:00:00,New York,Downtown,40.734319468111465,-73.9111958378224,49.60399342576389,completed
T02609,2024-01-30 13:00:00,San Francisco,Airport,37.74519742427184,-122.48720445825984,18.733022410345477,completed
T01501,2024-01-30 13:00:00,San Francisco,Suburbs,37.85677072596829,-122.34140069557932,43.92630183579265,completed
T04607,2024-01-30 13:00:00,London,Airport,51.571225050193384,-0.11205365368241432,43.748393078071366,completed
T02622,2024-01-30 13:00:00,San Francisco,Downtown,37.84432734205499,-122.4489462221695,14.334955495590634,completed
T03841,2024-01-30 14:00:00,New York,Downtown,40.734447545938316,-74.04426768508816,16.738087660774994,completed
T01811,2024-01-30 14:00:00,New York,Downtown,40.739160458296425,-73.98478104650091,67.48567715912392,completed
T04178,2024-01-30 14:00:00,London,Downtown,51.46904440059657,-0.12195285233285577,24.79916426947456,completed
T02167,2024-01-30 14:00:00,New York,Downtown,40.74319605755483,-74.04443457758927,32.65108269583379,completed
T02940,2024-01-30 14:00:00,New York,Suburbs,40.623040348601414,-74.02573501081635,17.850914153753198,completed
T04314,2024-01-30 14:00:00,San Francisco,Downtown,37.7938870325171,-122.43270602319491,27.494276817458633,completed
T00574,2024-01-30 14:00:00,London,Suburbs,51.457114763168825,-0.11463750630184737,62.879833030176144,completed
T03709,2024-01-30 15:00:00,San Francisco,Downtown,37.827421019854604,-122.39224770528459,32.16349247484102,completed
T02477,2024-01-30 15:00:00,San Francisco,Downtown,37.70172921348149,-122.49525781043499,43.32764429864418,completed
T03840,2024-01-30 15:00:00,New York,Downtown,40.726790812189705,-73.93514596736571,31.495099886862814,completed
T01932,2024-01-30 15:00:00,London,Downtown,51.6036867455063,-0.20805557805570782,24.10766839029667,completed
T04571,2024-01-30 15:00:00,London,Airport,51.44025587222923,-0.18844070703906673,53.08784393935119,cancelled
T03395,2024-01-30 16:00:00,New York,Downtown,40.626760812117794,-73.94317745479611,31.006702012641057,cancelled
T01871,2024-01-30 16:00:00,San Francisco,Downtown,37.76545054887302,-122.36629782423405,18.78288635564559,completed
T04566,2024-01-30 16:00:00,New York,Airport,40.68687545981405,-74.04543122943396,29.060049149743882,cancelled
T01399,2024-01-30 16:00:00,New York,Suburbs,40.645982153836464,-74.06068060632583,19.92843412471304,cancelled
T01706,2024-01-30 16:00:00,San Francisco,Downtown,37.806581263896156,-122.45299290033861,30.27098034483501,completed
T01088,2024-01-30 16:00:00,New York,Suburbs,40.7086873417964,-74.06356538888754,25.192617478372785,completed
T00024,2024-01-30 16:00:00,New York,Downtown,40.75784372805854,-74.02554505934422,23.2676516863847,completed
T01838,2024-01-30 16:00:00,New York,Downtown,40.68505297826453,-74.02476386134688,46.76230867350391,completed
T00399,2024-01-30 17:00:00,London,Downtown,51.41892029835171,-0.15390300510242297,40.40411452538123,completed
T00112,2024-01-30 17:00:00,New York,Suburbs,40.69193963356113,-73.96028024022387,77.41653900540528,completed
T01542,2024-01-30 17:00:00,New York,Downtown,40.658661874297344,-73.96481978092422,18.02755769919995,completed
T02387,2024-01-30 17:00:00,London,Suburbs,51.53774880461903,-0.116887010645434,10.834070311917845,completed
T03720,2024-01-30 17:00:00,New York,Suburbs,40.74846166570897,-74.00030540839015,12.533359788161924,completed
T00469,2024-01-30 17:00:00,London,Downtown,51.61688393208598,-0.19127502087435788,23.92476745584262,completed
T00544,2024-01-30 17:00:00,San Francisco,Downtown,37.71904786696192,-122.39392562868352,57.42750216157765,completed
T02268,2024-01-30 17:00:00,New York,Downtown,40.69712931244114,-74.04270168158202,19.48265142296453,completed
T01605,2024-01-30 17:00:00,New York,Downtown,40.79354285849341,-73.9919545586782,38.64324287604542,completed
T02711,2024-01-30 18:00:00,London,Downtown,51.59150803731418,-0.07083627769552604,37.51655412581958,completed
T02766,2024-01-30 18:00:00,New York,Downtown,40.67960642667119,-73.98688463290077,9.665608314788177,completed
T02996,2024-01-30 18:00:00,San Francisco,Downtown,37.75850829049193,-122.44390813724117,34.08432794240126,completed
T00800,2024-01-30 18:00:00,San Francisco,Airport,37.73889239752063,-122.41365581267873,105.79465302059488,cancelled
T00716,2024-01-30 19:00:00,New York,Airport,40.69487325225099,-73.93627921649373,9.936061195487806,cancelled
T04406,2024-01-30 19:00:00,New York,Downtown,40.775492915975725,-73.98965638254845,21.738909010554668,completed
T03802,2024-01-30 19:00:00,New York,Airport,40.630883594454495,-73.87744473468145,30.859051902328147,completed
T04049,2024-01-30 20:00:00,London,Suburbs,51.4860761520015,-0.11937634199480368,21.740229340062843,cancelled
T00053,2024-01-30 20:00:00,London,Suburbs,51.57127678939127,-0.13992865751495764,13.044993604961114,completed
T04892,2024-01-30 20:00:00,San Francisco,Suburbs,37.69361411987018,-122.45064386197514,16.44119042741277,completed
T01868,2024-01-30 20:00:00,New York,Downtown,40.642469549899836,-73.99921983858057,30.11404988136951,completed
T03083,2024-01-30 21:00:00,San Francisco,Downtown,37.927885313554235,-122.4118944420126,21.917521462394213,completed
T02704,2024-01-30 21:00:00,London,Suburbs,51.491538217489364,-0.13554448917795744,56.476882483313666,cancelled
T01846,2024-01-30 21:00:00,New York,Downtown,40.6841647274674,-74.0079148864989,35.465277501645296,completed
T00305,2024-01-30 21:00:00,New York,Airport,40.7365975771368,-74.07651258988531,16.110186729794215,completed
T00080,2024-01-30 21:00:00,London,Suburbs,51.507118915319964,-0.02463509097279684,15.43840165810893,completed
T02564,2024-01-30 21:00:00,New York,Downtown,40.71490476811351,-73.99746633508451,11.816236245140814,completed
T04859,2024-01-30 21:00:00,San Francisco,Downtown,37.719309795714416,-122.3825912791873,23.067456631898875,completed
T03224,2024-01-30 22:00:00,San Francisco,Suburbs,37.76981878901229,-122.46687651546561,11.65431990885204,completed
T00562,2024-01-30 22:00:00,New York,Downtown,40.678960441358626,-73.94474796783076,11.548935726456335,completed
T04101,2024-01-30 23:00:00,San Francisco,Downtown,37.732545434531566,-122.46282349607924,10.314044976430262,completed
T00602,2024-01-30 23:00:00,London,Downtown,51.58237511845821,-0.14845128478577224,12.003076461424248,completed
T01835,2024-01-30 23:00:00,New York,Suburbs,40.78575198900478,-74.04352427270038,37.294799050277476,completed
T02407,2024-01-30 23:00:00,New York,Airport,40.723467496375655,-74.01713625824159,15.387386919706813,completed
T02397,2024-01-30 23:00:00,New York,Downtown,40.80107650393553,-74.03993045576102,22.921192723196913,completed
T03661,2024-01-31 00:00:00,San Francisco,Downtown,37.795718973475,-122.35858623108501,27.942472424051136,completed
T01728,2024-01-31 00:00:00,New York,Airport,40.75389240607066,-74.10497803837116,16.584683273020577,completed
T01996,2024-01-31 00:00:00,London,Downtown,51.47827717276665,-0.12532886835331494,48.97003613686878,completed
T03014,2024-01-31 00:00:00,New York,Downtown,40.64265965832505,-74.00531461903626,56.49189699301505,completed
T02913,2024-01-31 01:00:00,San Francisco,Airport,37.753821963067445,-122.42033809092742,25.68913974683836,completed
T00894,2024-01-31 01:00:00,London,Downtown,51.46689545332447,-0.07419069945235512,15.732462642087686,completed
T02833,2024-01-31 02:00:00,New York,Downtown,40.64884917456942,-74.1157631792015,47.578883214871084,no_driver
T00281,2024-01-31 02:00:00,London,Downtown,51.53137637543344,-0.09978380578358115,10.143029209419971,completed
T02480,2024-01-31 03:00:00,New York,Suburbs,40.76230299669062,-74.03567955701845,7.775582828454321,completed
T00782,2024-01-31 03:00:00,San Francisco,Downtown,37.731643781983784,-122.39393497904159,29.26927060946427,cancelled
T01145,2024-01-31 04:00:00,New York,Downtown,40.62057249643643,-73.98373852474563,34.02360988474306,completed
T01020,2024-01-31 05:00:00,New York,Suburbs,40.66328975836721,-73.97196387892987,33.2044907742692,completed
T00922,2024-01-31 05:00:00,San Francisco,Suburbs,37.88916043108305,-122.48955984317053,17.774915811396532,completed
T04342,2024-01-31 05:00:00,London,Suburbs,51.525051766305545,-0.09759709969460525,22.879138297361834,completed
T02820,2024-01-31 07:00:00,London,Suburbs,51.54553609966906,-0.11995517785190041,22.268836594899813,completed
T03314,2024-01-31 07:00:00,New York,Airport,40.680566550854394,-74.06549004029472,27.46406537376537,completed
T01376,2024-01-31 14:00:00,New York,Suburbs,40.729830683181575,-74.03541342014056,14.131214353055338,completed
